# Localités du Sénégal — source GeoNames (CC BY 4.0), python manage.py import_localities
# nom	région	latitude	longitude	population
Abattoirs	Dakar	14.6794	-17.4497	0
Abattoirs I	Dakar	14.7695	-17.3911	0
Arafat	Dakar	14.7166	-17.2595	0
Arafat	Dakar	14.7368	-17.4537	0
Aïtia	Dakar	14.711	-17.1593	0
Bambilor	Dakar	14.8014	-17.1845	0
Bargny	Dakar	14.6971	-17.2301	69242
Bargny Guèdj	Dakar	14.687	-17.2281	51188
Bargny Ngoude	Dakar	14.6941	-17.2353	51188
Bel-Air	Dakar	14.7045	-17.4248	0
Bop	Dakar	14.7041	-17.4486	0
Boune	Dakar	14.7662	-17.3373	0
Bounga	Dakar	14.7	-17.15	0
Builders	Dakar	14.746	-17.4418	0
Bène Tali	Dakar	14.7142	-17.45	0
Béne Barak	Dakar	14.7816	-17.3548	0
Cambérène	Dakar	14.7659	-17.4302	0
Castors	Dakar	14.7264	-17.4486	0
Central Dakar	Dakar	14.6717	-17.4372	0
Cerf-Volant	Dakar	14.7014	-17.4511	0
Cite Avion	Dakar	14.7214	-17.4847	0
Cite Barry & Ly	Dakar	14.7801	-17.3995	0
Cité CSE	Dakar	14.7316	-17.4653	0
Cité Compagnie des Eaux	Dakar	14.7267	-17.4433	0
Cité Pépinière	Dakar	14.7599	-17.3884	0
Cité de la Douane	Dakar	14.7022	-17.4456	0
Cité du Port de Commerce	Dakar	14.7022	-17.4475	0
Colobane	Dakar	14.6947	-17.4468	0
Dagoudane	Dakar	14.7543	-17.396	0
Dakar	Dakar	14.6937	-17.4441	2646503
Dakar-Marine	Dakar	14.6847	-17.4356	0
Dalifor	Dakar	14.742	-17.4203	0
Dalifort	Dakar	14.741	-17.409	0
Dangou	Dakar	14.72	-17.2701	0
Daradji	Dakar	14.7814	-17.1711	0
Darou Rahmane	Dakar	14.7525	-17.3531	0
Deni Demba Codou	Dakar	14.7343	-17.1804	0
Derklé	Dakar	14.7252	-17.4511	0
Diaksaw	Dakar	14.7529	-17.3674	0
Diaksaw Peul	Dakar	14.7757	-17.1844	0
Dial Diop	Dakar	14.66	-17.4403	0
Diammagueun	Dakar	14.7504	-17.366	0
Diamniadio	Dakar	14.7205	-17.1816	47759
Diokoul	Dakar	14.7169	-17.2904	0
Djidah thiaroye kao	Dakar	14.7628	-17.3838	0
Dougar	Dakar	14.7158	-17.16	0
Dougar Deuxiéme	Dakar	14.7003	-17.1628	0
Dougar Kadaga	Dakar	14.6935	-17.1556	0
Dougar Peul	Dakar	14.7141	-17.1613	0
Dougar-Ouest	Dakar	14.7031	-17.1628	0
Dèni Baboukar Diop	Dakar	14.7378	-17.1769	0
Dèni Biram Ndaw	Dakar	14.8487	-17.1734	0
Dèni Guèdj	Dakar	14.8678	-17.198	0
Dèni Guèdj	Dakar	14.8552	-17.1912	0
Dèni Guèdj	Dakar	14.8407	-17.2009	0
Dèni Malik Guèye	Dakar	14.7423	-17.183	0
Dèni Ndiarkhéth	Dakar	14.7216	-17.1837	0
Dèni Niaye	Dakar	14.8437	-17.1804	0
Dèni Youssou	Dakar	14.7639	-17.1555	0
Fann-Hok	Dakar	14.6805	-17.4648	0
Fann-Résidence	Dakar	14.69	-17.4718	0
Fas	Dakar	14.7256	-17.2783	0
Fas	Dakar	14.6901	-17.454	0
Fenêtre Mermoz	Dakar	14.7025	-17.4736	0
Gibraltar	Dakar	14.6867	-17.4439	0
Gola	Dakar	14.7164	-17.1505	0
Golf sud	Dakar	14.7704	-17.4185	0
Gorom Deux	Dakar	14.8122	-17.1714	0
Gorom Trois	Dakar	14.7955	-17.1739	0
Gorom Un	Dakar	14.8207	-17.1546	0
Gorée	Dakar	14.6683	-17.3988	0
Gouye Sor	Dakar	14.7186	-17.4836	0
Grand Dakar	Dakar	14.7133	-17.4547	0
Grand Médine	Dakar	14.7479	-17.4472	0
Grand Yof	Dakar	14.7363	-17.4472	0
Gueule Tapee 3	Dakar	14.6811	-17.4577	0
Gueule Tapée	Dakar	14.6812	-17.4584	0
Guinaw Rails Nord	Dakar	14.7534	-17.3839	0
Guinaw-Rails	Dakar	14.7536	-17.3819	0
Guèntaba	Dakar	14.7628	-17.4206	0
Guédiawaye	Dakar	14.7745	-17.4021	329659
Guéndel	Dakar	14.719	-17.2755	0
H.L.M. Deux	Dakar	14.715	-17.4447	0
H.L.M. Quatre	Dakar	14.71	-17.4453	0
H.L.M. Six Nimzat	Dakar	14.7028	-17.4448	0
H.L.M. Trois	Dakar	14.7119	-17.445	0
H.L.M. Un	Dakar	14.7183	-17.4444	0
H.L.M. Çinq	Dakar	14.7072	-17.4453	0
Hann	Dakar	14.7211	-17.4369	0
Hann-Montagne	Dakar	14.7347	-17.4191	0
Hann-Plage	Dakar	14.7198	-17.4364	0
Hann-Pêcheur	Dakar	14.7273	-17.426	0
Jaxaay Parcelle Niakoul Rap	Dakar	14.7747	-17.2802	41570
Kahâne Fal	Dakar	14.7142	-17.1531	0
Kahâne Oun	Dakar	14.7064	-17.1585	0
Kamb	Dakar	14.7458	-17.3146	0
Kandam	Dakar	14.667	-17.1433	0
Keur Daouda Sar	Dakar	14.7424	-17.2486	0
Keur Massar	Dakar	14.7798	-17.3113	0
Keur Mbaye Fal	Dakar	14.7398	-17.3207	0
Keur Moktar Ba	Dakar	14.7696	-17.3074	0
Keur Ndiaye Lô	Dakar	14.7433	-17.2437	0
Keuri Kaw	Dakar	14.7129	-17.2697	0
Keuri Kaw	Dakar	14.7485	-17.1362	0
Keuri Souf	Dakar	14.7143	-17.2773	0
Khar Yalla	Dakar	14.733	-17.4517	0
Khobi	Dakar	14.6197	-17.1589	0
Khotane	Dakar	14.7381	-17.3024	0
Kip Kip	Dakar	14.7312	-17.1488	0
Kipe Carrière	Dakar	14.7005	-17.2313	0
Kolobane	Dakar	14.7138	-17.2567	0
Kounoun	Dakar	14.7527	-17.2532	0
Kél	Dakar	14.6162	-17.1558	0
Lac Rose	Dakar	14.8322	-17.237	0
Layène	Dakar	14.7606	-17.4647	0
Le Plateau	Dakar	14.6622	-17.4397	34713
Leclerc	Dakar	14.7333	-17.45	0
Les Almadies	Dakar	14.7447	-17.5257	0
Los	Dakar	14.7014	-17.1606	0
Lossa	Dakar	14.7148	-17.1554	0
Léla	Dakar	14.6436	-17.179	0
Malika	Dakar	14.7908	-17.339	0
Malika-Mer	Dakar	14.8022	-17.3388	0
Mbaw	Dakar	14.7319	-17.3274	0
Mbaw Gou Ndaw	Dakar	14.7418	-17.3572	0
Mbeut	Dakar	14.7894	-17.1663	0
Mbot	Dakar	14.6953	-17.2234	0
Mbouka Peul	Dakar	14.6873	-17.1539	0
Mboul	Dakar	14.7221	-17.4908	0
Mbounka Bambara	Dakar	14.6946	-17.1614	0
Mbèye	Dakar	14.8274	-17.2118	0
Mermoz Boabab	Dakar	14.7065	-17.4758	15000
Minam	Dakar	14.74	-17.4503	0
Minam	Dakar	14.6794	-17.2177	0
Médina	Dakar	14.6826	-17.4491	0
Médina Gounas	Dakar	14.7684	-17.3863	0
Médina Kel	Dakar	14.7731	-17.3172	0
Médina Tioub	Dakar	14.7737	-17.2659	0
Mérina	Dakar	14.7116	-17.2647	0
Ndaldali	Dakar	14.6897	-17.2262	0
Ndianghal	Dakar	14.6217	-17.1586	0
Ndiassane	Dakar	14.769	-17.1557	0
Ndinat	Dakar	14.7625	-17.4779	0
Ndiongarane	Dakar	14.7475	-17.5183	0
Ndiougouye	Dakar	14.7977	-17.1901	0
Nditakh	Dakar	14.631	-17.1668	0
Ndiékhirat Digue	Dakar	14.7679	-17.2266	0
Ndiékhirat Ndlobène	Dakar	14.7865	-17.2159	0
Ndiékhirat Peul	Dakar	14.7696	-17.2036	0
Ndjibokh	Dakar	14.7204	-17.1444	0
Ndoukhoura Peul	Dakar	14.6854	-17.1655	0
Ndoukhoura Wolof	Dakar	14.6811	-17.1673	0
Ndoyène Deux	Dakar	14.7561	-17.1303	0
Ndoyène Un	Dakar	14.767	-17.1504	0
Ndunkou	Dakar	14.717	-17.2822	0
Ngalap	Dakar	14.7586	-17.2653	0
Ngaparou	Dakar	14.7568	-17.4687	0
Ngor	Dakar	14.7493	-17.5151	0
Ngueundouf	Dakar	14.8061	-17.2136	0
Nguène	Dakar	14.7409	-17.1384	0
Niaga	Dakar	14.8122	-17.2507	0
Niaga Peul	Dakar	14.8264	-17.2425	0
Niakoul Rab	Dakar	14.7842	-17.2736	41570
Niari Tali	Dakar	14.7114	-17.4531	0
Niaye Khaye	Dakar	14.6448	-17.1407	0
Niaye Ndiorane	Dakar	14.7855	-17.3129	0
Niaye Tioker	Dakar	14.6725	-17.4436	0
Nimzat	Dakar	14.7229	-17.2792	0
Nimzat	Dakar	14.776	-17.3693	0
Noflaye	Dakar	14.75	-17.2	0
Noflaye	Dakar	14.7861	-17.2092	0
N’diareme limamoulaye	Dakar	14.7815	-17.3841	35171
Ouagou Niaye	Dakar	14.7092	-17.4492	0
Ouakam	Dakar	14.7239	-17.4892	0
Parcelles Assainies	Dakar	14.757	-17.435	0
Patte d’Oie	Dakar	14.7436	-17.4335	0
Pikine	Dakar	14.7646	-17.3907	1170791
Pikine Est	Dakar	14.7579	-17.3871	0
Pikine Ouest	Dakar	14.7523	-17.405	0
Pikine Sud	Dakar	14.7487	-17.3978	0
Pikini-Bougou	Dakar	14.7622	-17.3769	0
Point E	Dakar	14.7006	-17.4624	0
Potou	Dakar	14.7106	-17.1518	0
Poutou	Dakar	14.7	-17.4333	0
Quarter Angel Mouss	Dakar	14.7789	-17.3709	0
Quartier Usine	Dakar	14.7099	-17.4481	0
Rebeus	Dakar	14.6758	-17.4461	0
Rufisque	Dakar	14.7154	-17.2733	295459
Rufisque est	Dakar	14.7162	-17.2728	221066
Rufisque nord	Dakar	14.7384	-17.2565	0
Rufisque ouest	Dakar	14.7167	-17.2869	0
S.I.C.A.P. Amitié Deux	Dakar	14.7019	-17.4582	0
S.I.C.A.P. Amitié Un	Dakar	14.7061	-17.4617	0
S.I.C.A.P. Baobabs	Dakar	14.7078	-17.4633	0
S.I.C.A.P. Dieupeul	Dakar	14.7196	-17.4536	0
S.I.C.A.P. Karak	Dakar	14.7054	-17.4675	0
S.I.C.A.P. Liberté Deux	Dakar	14.7153	-17.4589	0
S.I.C.A.P. Liberté Quatre	Dakar	14.7208	-17.4597	0
S.I.C.A.P. Liberté Six	Dakar	14.7283	-17.4619	0
S.I.C.A.P. Liberté Trois	Dakar	14.7181	-17.455	0
S.I.C.A.P. Liberté Un	Dakar	14.7117	-17.4611	0
S.I.C.A.P. Liberté Çinq	Dakar	14.7236	-17.4614	0
S.I.C.A.P. Mermoz	Dakar	14.7056	-17.4737	0
S.I.C.A.P. Route des PUITS	Dakar	14.7092	-17.4597	0
S.I.C.A.P. Rue Dix	Dakar	14.7053	-17.4594	0
S.I.C.A.P. Sacré-Cœur	Dakar	14.7183	-17.4628	0
Sam notaire	Dakar	14.7753	-17.3889	0
Sangalkam	Dakar	14.7802	-17.2276	11915
Sant Yalla Djiddah Thiaroye Kao	Dakar	14.7653	-17.3804	0
Santia	Dakar	14.7192	-17.4947	0
Santia Fal	Dakar	14.7166	-17.1514	0
Santia Mas	Dakar	14.7056	-17.1612	0
Santiaba	Dakar	14.7228	-17.2645	0
Sébi Fas	Dakar	14.7377	-17.1476	0
Sébi-Gare	Dakar	14.7419	-17.1533	0
Sébikhotane	Dakar	14.7452	-17.1378	42839
Sébitangor	Dakar	14.736	-17.1431	0
Sébitiokho	Dakar	14.7337	-17.1459	0
Séndou	Dakar	14.6719	-17.2048	3125
Takh	Dakar	14.7329	-17.253	0
Taklou	Dakar	14.7249	-17.4899	0
Tangor	Dakar	14.7084	-17.1537	0
Terme Sud	Dakar	14.7292	-17.4847	0
Thiaroye	Dakar	14.747	-17.368	0
Tiaroye Guèdj	Dakar	14.7425	-17.3794	0
Tiaroye Kaw	Dakar	14.7652	-17.3586	0
Tiawlène	Dakar	14.7075	-17.2593	0
Tivaouane	Dakar	14.7491	-17.3725	0
Tivaouane Peul	Dakar	14.8069	-17.2805	0
Tonghor	Dakar	14.7625	-17.4817	0
Toubab Dialaw	Dakar	14.6058	-17.1502	0
Tounda	Dakar	14.7218	-17.1426	0
Tounde Ndargou	Dakar	14.7595	-17.4252	0
Unité 19	Dakar	14.7611	-17.4485	0
Usine Parc	Dakar	14.7194	-17.4478	0
Warar	Dakar	14.7582	-17.4872	0
Wayambam	Dakar	14.8219	-17.2175	0
Yeumbeul	Dakar	14.7818	-17.3496	0
Yeumbeul sud	Dakar	14.7725	-17.359	0
Yoff	Dakar	14.7467	-17.49	89442
Yâm	Dakar	14.723	-17.1413	0
Yène	Dakar	14.6416	-17.1756	0
Yène Kaw	Dakar	14.6333	-17.1569	0
Yène Todé	Dakar	14.6483	-17.1838	0
Yéni Kao	Dakar	14.6431	-17.1492	0
Afia Mbaké	Diourbel	14.5798	-16.1489	0
Afé Gouye	Diourbel	14.7891	-15.9427	0
Alié	Diourbel	14.9093	-15.8833	0
Amama	Diourbel	14.9333	-15.85	0
Amat Niawèl	Diourbel	14.7602	-15.8754	0
Angle Dias	Diourbel	14.6025	-16.4153	0
Antou Mane	Diourbel	14.7667	-16.0833	0
Baba Garage	Diourbel	14.9432	-16.4904	0
Baba Gaye	Diourbel	14.9833	-16.0833	0
Babar	Diourbel	14.7167	-15.9333	0
Babâk	Diourbel	14.6716	-16.5346	0
Badar	Diourbel	15.0167	-16.4667	0
Badiane	Diourbel	14.8333	-15.8333	0
Badji	Diourbel	14.8333	-15.5736	0
Bagdad	Diourbel	14.9119	-15.8624	0
Bakakak	Diourbel	14.5963	-16.4844	0
Bakbous	Diourbel	14.6667	-16.4	0
Bakopone	Diourbel	14.6333	-16.55	0
Bakoura	Diourbel	14.8123	-15.7757	0
Bala Diobène	Diourbel	14.9667	-15.8	0
Bala Ndiaye	Diourbel	14.9367	-15.8421	0
Bala Palène	Diourbel	14.9333	-15.8333	0
Bambey	Diourbel	14.7007	-16.4591	37374
Bambey	Diourbel	14.6965	-16.4528	0
Bambey	Diourbel	14.8277	-16.3018	0
Bambey Sérèr	Diourbel	14.7091	-16.494	0
Bambli	Diourbel	14.7833	-16.5333	0
Banane	Diourbel	14.8018	-16.0244	0
Banane Ndiolofène	Diourbel	14.766	-15.5983	0
Banane Wagadou	Diourbel	14.7574	-15.6001	0
Bandia	Diourbel	14.8362	-16.5432	0
Bangadji	Diourbel	14.7159	-15.9397	0
Banèm Sérèr	Diourbel	14.6688	-16.3816	0
Bap	Diourbel	14.7165	-15.9573	0
Bap	Diourbel	14.7378	-15.9372	0
Barandao	Diourbel	14.55	-15.9333	0
Bari Ndondol Deux	Diourbel	14.6085	-16.4965	0
Barkédji	Diourbel	14.8833	-15.9167	0
Barkédji Mboul	Diourbel	14.5958	-15.9551	0
Batal	Diourbel	14.6459	-16.4736	0
Bawdé	Diourbel	14.9195	-16.1226	0
Bayakh	Diourbel	14.6692	-16.4314	0
Baïla	Diourbel	14.7888	-15.7203	0
Baïti	Diourbel	14.5833	-16.2333	0
Baïti Dia	Diourbel	14.8042	-16.016	0
Baïti Dia	Diourbel	14.6333	-15.95	0
Baïti Kane	Diourbel	14.9466	-16.5317	0
Belki	Diourbel	14.6153	-16.1526	0
Bennguène	Diourbel	14.95	-15.8833	0
Bobi Kandji	Diourbel	14.7399	-15.8093	0
Bobi Mbaké	Diourbel	14.7469	-15.8167	0
Bodé Deux	Diourbel	14.9566	-15.9092	0
Bodé Dieng	Diourbel	14.95	-15.9333	0
Bodé Un	Diourbel	14.9852	-15.8934	0
Bofel	Diourbel	14.7987	-15.941	0
Bogal Laobé	Diourbel	14.8558	-16.1021	0
Bokhé	Diourbel	14.766	-16.5963	0
Bokondine	Diourbel	14.9	-16.4167	0
Bolo	Diourbel	14.7333	-15.9333	0
Bolèl Gari	Diourbel	14.95	-15.8667	0
Bombali	Diourbel	14.7528	-15.7538	0
Borolélo	Diourbel	14.5858	-16.1527	0
Boubéré	Diourbel	14.8881	-15.8043	0
Bougoye Peul	Diourbel	14.8046	-16.3844	0
Boulel Babori	Diourbel	14.7	-16.0167	0
Bouliery Ndiolofène	Diourbel	14.8168	-15.6299	0
Bouliéri Peul	Diourbel	14.7988	-15.6396	0
Bouloul	Diourbel	14.8869	-15.9171	0
Boulèl Modi	Diourbel	14.7974	-15.8096	0
Boumé	Diourbel	14.6833	-16.2833	0
Boundou	Diourbel	14.6059	-16.2724	0
Bourlé	Diourbel	14.7359	-15.495	0
Bousra	Diourbel	14.7747	-15.8039	0
Boustane	Diourbel	14.7154	-15.842	0
Boustane Diaw	Diourbel	14.6032	-16.0016	0
Boustane Mbaké	Diourbel	14.6468	-15.8977	0
Boyé Deux	Diourbel	14.964	-16.2414	0
Bélel	Diourbel	14.7347	-15.5611	0
Bélèl	Diourbel	14.8366	-16.0316	0
Bélèl Diabi	Diourbel	14.7	-15.8667	0
Colinabé	Diourbel	14.857	-15.9968	0
Dabél Bara	Diourbel	14.6499	-16.1723	0
Dabél Fera	Diourbel	14.6827	-15.9131	0
Dadak	Diourbel	14.6918	-16.5718	0
Dadj	Diourbel	14.8667	-15.8	0
Daf	Diourbel	14.8676	-16.6199	0
Daga	Diourbel	14.7204	-16.3255	0
Daga Diouf	Diourbel	14.7549	-15.9953	0
Daga Ndiaye	Diourbel	14.7583	-16.0101	0
Daganabé	Diourbel	14.7607	-15.8327	0
Dakar Mbayar	Diourbel	14.6815	-16.0751	0
Dala Ngabou	Diourbel	14.7679	-16.0115	0
Dam Dabaye	Diourbel	14.9	-16.0	0
Dam Diop	Diourbel	14.9167	-15.95	0
Dankh Sène	Diourbel	14.8392	-16.1438	0
Danki	Diourbel	14.7429	-15.6777	0
Dara	Diourbel	14.9641	-16.3269	0
Dara	Diourbel	14.7837	-15.4444	0
Dara Darou Rahmane	Diourbel	14.6573	-15.5293	0
Dara Dianatoul Mahwa	Diourbel	14.692	-15.5106	0
Dara Diébo	Diourbel	14.9167	-16.0	0
Dara Kalom	Diourbel	14.6908	-16.4071	0
Dara Ser Mbaké	Diourbel	14.9833	-15.9	0
Dara Serigne Saliou	Diourbel	14.6387	-15.9785	0
Dara Sine	Diourbel	14.8833	-15.9833	0
Dara Wakhaïb	Diourbel	14.7553	-15.8903	0
Daradji	Diourbel	14.91	-16.4307	0
Daraye Sandaga	Diourbel	14.868	-16.4361	0
Darou	Diourbel	14.9333	-16.05	0
Darou	Diourbel	14.7667	-16.45	0
Darou	Diourbel	14.6167	-16.2667	0
Darou Badèm	Diourbel	14.75	-16.0333	0
Darou Bakhoum	Diourbel	14.9802	-16.5282	0
Darou Baïla	Diourbel	14.8427	-15.6815	0
Darou Dia	Diourbel	14.7917	-16.2102	0
Darou Dimb	Diourbel	14.8164	-16.0046	0
Darou Diop	Diourbel	14.9187	-16.3892	0
Darou Diop	Diourbel	14.7	-16.1	0
Darou Diop Deux	Diourbel	14.9705	-16.5266	0
Darou Diop Un	Diourbel	14.9646	-16.4751	0
Darou Dièng	Diourbel	14.9848	-16.2919	0
Darou Fal	Diourbel	14.9807	-16.4725	0
Darou Fal Godio	Diourbel	14.863	-15.9594	0
Darou Gouye Mbam	Diourbel	14.8321	-16.4527	0
Darou Guèye Un	Diourbel	14.6298	-15.8518	0
Darou Kadène	Diourbel	14.9167	-15.9	0
Darou Karim	Diourbel	14.9262	-15.9079	0
Darou Khadim	Diourbel	14.9107	-16.1069	0
Darou Khadim	Diourbel	14.9248	-15.885	0
Darou Khafor	Diourbel	14.7637	-16.0296	0
Darou Khoudos	Diourbel	14.8725	-16.4763	0
Darou Khoudos	Diourbel	14.8521	-16.096	0
Darou Khoudoss	Diourbel	14.864	-15.877	0
Darou Malam	Diourbel	14.9167	-15.85	0
Darou Maram Dogadé	Diourbel	14.9667	-15.85	0
Darou Marnane	Diourbel	14.833	-15.891	0
Darou Mbaké	Diourbel	14.75	-16.0167	0
Darou Mbaye	Diourbel	14.7988	-16.3463	0
Darou Mbayène	Diourbel	14.6798	-15.9404	0
Darou Mbow	Diourbel	14.8196	-16.4678	0
Darou Nahim	Diourbel	14.7423	-16.0162	0
Darou Naïm	Diourbel	14.6082	-15.9683	0
Darou Ndiaye	Diourbel	15.0057	-16.4188	0
Darou Ndiaye	Diourbel	14.8292	-16.0534	0
Darou Ndiaye	Diourbel	14.7736	-16.0829	0
Darou Ndiaye	Diourbel	14.8375	-16.5087	0
Darou Ndimb	Diourbel	14.8494	-16.2399	0
Darou Nguêr	Diourbel	14.9084	-16.4749	0
Darou Niaye	Diourbel	14.8167	-16.2479	0
Darou Rahim	Diourbel	14.9056	-16.0873	0
Darou Rahmane Un	Diourbel	14.7233	-15.868	0
Darou Rahmâne	Diourbel	14.8963	-15.9544	0
Darou Rahmâne Un	Diourbel	14.8145	-15.8396	0
Darou Ramane Fal	Diourbel	14.9081	-16.028	0
Darou Salam	Diourbel	14.7888	-16.2772	0
Darou Salam	Diourbel	14.8935	-16.2633	0
Darou Salam	Diourbel	14.8	-15.9	0
Darou Salam Faye	Diourbel	14.7271	-16.5984	0
Darou Salam Gallé	Diourbel	14.8787	-16.1336	0
Darou Salam Kohé	Diourbel	14.6966	-15.8998	0
Darou Salam Ngaye	Diourbel	14.7084	-15.7019	0
Darou Salam Tip	Diourbel	14.6706	-15.8549	0
Darou Sek	Diourbel	14.8333	-15.9333	0
Darou Sèye	Diourbel	14.9864	-16.3293	0
Darou Tanzil	Diourbel	14.8333	-15.9304	0
Darou Tioump	Diourbel	14.8785	-16.3673	0
Darou Touré	Diourbel	14.9859	-16.2793	0
Dendey	Diourbel	14.7228	-16.0336	0
Dia	Diourbel	14.8333	-15.8	0
Diabel	Diourbel	14.7417	-16.0227	0
Diabi Deux	Diourbel	14.774	-15.5244	0
Diabi Keur Serigne Bara	Diourbel	14.7498	-15.5523	0
Diabrou	Diourbel	14.661	-16.12	0
Diaga	Diourbel	14.7667	-15.9	0
Diaga Salaw	Diourbel	14.8256	-16.2463	0
Diakael	Diourbel	14.6392	-16.1581	0
Diakaèl Dig	Diourbel	14.6664	-16.1503	0
Diakaèl Tokossone	Diourbel	14.6514	-16.1437	0
Diakhal	Diourbel	14.8661	-16.4635	0
Dialit	Diourbel	14.6667	-16.4667	0
Dialo	Diourbel	14.7333	-16.55	0
Diamakheul	Diourbel	14.8188	-16.2273	0
Diambé Dali	Diourbel	14.7795	-15.4929	0
Diamm Bougoum	Diourbel	14.6156	-16.237	0
Diamm Séli	Diourbel	14.5938	-16.2415	0
Diamma	Diourbel	14.7364	-16.176	0
Diamwéli	Diourbel	14.6963	-15.8743	0
Diamwéli Deux	Diourbel	14.916	-15.9551	0
Diaoré	Diourbel	14.6167	-16.1333	0
Diaoualdi	Diourbel	14.7333	-16.0667	0
Diaraye	Diourbel	14.9167	-15.9	0
Diarhaye	Diourbel	14.9	-16.0833	0
Diarigne	Diourbel	14.7163	-16.5442	0
Diatong	Diourbel	14.8389	-16.6193	0
Diawré Kouta	Diourbel	14.6103	-15.9182	0
Diawène	Diourbel	14.8563	-15.8109	0
Diawé Sérèr	Diourbel	14.6167	-15.9611	0
Digane	Diourbel	14.7928	-15.9858	0
Digane	Diourbel	14.8333	-16.05	0
Diguine Wolof	Diourbel	14.7929	-15.7152	0
Dimar Kane	Diourbel	14.9329	-16.5508	0
Dimbou	Diourbel	14.8435	-16.2647	0
Dinguiraye	Diourbel	14.9741	-16.4294	0
Dinndi Bala	Diourbel	14.8333	-15.8167	0
Diobène	Diourbel	14.8167	-15.85	0
Diobène	Diourbel	14.5667	-16.1	0
Diokam	Diourbel	14.5566	-16.1015	0
Diokane	Diourbel	14.6206	-16.0279	0
Diokane	Diourbel	14.8547	-16.5678	0
Diokoul	Diourbel	14.8678	-16.336	0
Diokoul	Diourbel	14.7091	-16.3491	0
Diol	Diourbel	14.7167	-16.3	0
Diola	Diourbel	14.9982	-16.4901	0
Diomkhél	Diourbel	14.6474	-16.3103	0
Diongo	Diourbel	14.8553	-16.211	0
Diorou	Diourbel	14.8676	-16.4766	0
Diougal Wolof	Diourbel	14.6877	-16.0882	0
Diouma	Diourbel	14.6333	-16.1833	0
Dioung	Diourbel	14.9137	-16.5726	0
Diourane	Diourbel	14.7167	-16.45	0
Diourbel	Diourbel	14.6479	-16.2436	157554
Diroye	Diourbel	14.6983	-15.9388	0
Diâbi	Diourbel	14.8146	-15.4981	0
Diékinane	Diourbel	14.9671	-16.5055	0
Diéré	Diourbel	14.9913	-16.3086	0
Diéré	Diourbel	14.9	-16.45	0
Diôrel	Diourbel	14.7547	-16.3502	0
Djibéré Diamwéli	Diourbel	14.9017	-15.8921	0
Doga	Diourbel	14.8317	-15.5096	0
Dogal Fal	Diourbel	14.9742	-16.558	0
Doli	Diourbel	14.7856	-15.8287	0
Domb	Diourbel	14.6534	-16.2753	0
Domb Ndiagne	Diourbel	14.6653	-16.2838	0
Dougoul Peul	Diourbel	14.6129	-16.0979	0
Dougoul Samba Guènt	Diourbel	14.6229	-16.1172	0
Dougoul Sérèr	Diourbel	14.5902	-16.1141	0
Dougoul Wolof	Diourbel	14.6046	-16.1145	0
Douram	Diourbel	14.9129	-16.558	0
Doutki	Diourbel	14.6877	-16.4749	0
Doyoli	Diourbel	14.6592	-16.0506	0
Duambouti	Diourbel	14.8167	-16.3167	0
Dèm	Diourbel	14.85	-16.1	0
Dèye Sangou	Diourbel	14.7535	-15.9782	0
Dépé Wolof	Diourbel	14.5936	-15.9864	0
Edé	Diourbel	14.7234	-15.5992	0
Fanaye	Diourbel	14.9658	-16.538	0
Fas Kaèl	Diourbel	14.6524	-15.9278	0
Fassél	Diourbel	14.9536	-16.6276	0
Fintèl Somb	Diourbel	14.5876	-16.2891	0
Fintél	Diourbel	14.79	-16.0314	0
Fofi	Diourbel	14.9	-15.6667	0
Féto	Diourbel	14.8333	-15.8667	0
Fétodié	Diourbel	14.9769	-16.2699	0
Gad Afé	Diourbel	14.9485	-16.2919	0
Gad Bissik	Diourbel	14.8879	-16.5361	0
Gad Dianga	Diourbel	14.8767	-16.5342	0
Gad Fal	Diourbel	14.9968	-16.3996	0
Gad Khapsou	Diourbel	14.9257	-16.2771	0
Gad Khoulé	Diourbel	14.7332	-16.0825	0
Gad Tiendé	Diourbel	14.9333	-16.4833	0
Gade Escale	Diourbel	14.9094	-16.3523	0
Gadjédji	Diourbel	14.7602	-15.7722	0
Gallé	Diourbel	14.8636	-16.1431	0
Gandal	Diourbel	14.8996	-16.5411	0
Gandio	Diourbel	14.8167	-16.2333	0
Gandiol	Diourbel	14.8177	-16.0632	0
Gap	Diourbel	14.8889	-16.3977	0
Gapas	Diourbel	14.6373	-16.022	0
Gapo	Diourbel	14.6818	-16.2029	0
Garas	Diourbel	14.7985	-16.4884	0
Garas	Diourbel	14.8434	-16.4146	0
Garhane	Diourbel	14.6833	-16.2667	0
Gassama	Diourbel	14.7054	-15.8104	0
Gassama	Diourbel	14.7281	-15.5364	0
Gassel Kohé	Diourbel	14.7702	-15.4525	0
Gat	Diourbel	14.6931	-16.5356	0
Gati Sir Ndiaye	Diourbel	14.8	-15.8333	0
Gawane	Diourbel	14.8541	-16.3897	0
Gayam	Diourbel	14.9	-16.6156	0
Gaye Khakhom	Diourbel	14.8191	-16.3667	0
Gnignakh	Diourbel	14.6076	-16.3623	0
Gniguène	Diourbel	14.7	-15.85	0
Gninguène Salaw	Diourbel	14.8076	-16.2505	0
Gobak	Diourbel	14.5654	-16.057	0
Gobé	Diourbel	14.6	-16.0	0
Gohé	Diourbel	14.6	-16.0167	0
Gol	Diourbel	14.7602	-16.5501	0
Gol	Diourbel	14.9642	-16.4369	0
Golbi Assane	Diourbel	14.9469	-16.5802	0
Golbi Keur Sérigne Mbaye	Diourbel	14.9539	-16.5772	0
Golbi Modoki	Diourbel	14.9561	-16.5856	0
Golbi Teug	Diourbel	14.9421	-16.5697	0
Golbé	Diourbel	14.9167	-16.6833	0
Golkoté	Diourbel	14.807	-16.5159	0
Goreté Un	Diourbel	14.9221	-16.0699	0
Goubé	Diourbel	14.6739	-15.9484	0
Goudiguèl	Diourbel	14.8536	-15.6067	0
Goudé	Diourbel	14.75	-16.15	0
Goumoun	Diourbel	14.8626	-16.5684	0
Gouraye	Diourbel	14.7076	-15.5875	0
Gourgourèn	Diourbel	14.6628	-16.3707	0
Gouyanabé	Diourbel	14.8667	-16.0833	0
Gouye Dior	Diourbel	14.817	-16.3443	0
Gouye Dok	Diourbel	14.8805	-16.55	0
Gouye Gaye	Diourbel	14.883	-16.2251	0
Gouye Gui	Diourbel	14.7406	-16.0395	0
Gouye Mbam	Diourbel	14.8126	-15.761	0
Gouye Ndiaye	Diourbel	14.7697	-16.2783	0
Gouye Ndiougou	Diourbel	14.7695	-16.4245	0
Gouye Nguène	Diourbel	14.7586	-16.051	0
Gouye Tan	Diourbel	14.7536	-16.469	0
Gowane Peul	Diourbel	14.6836	-16.0108	0
Gowane Sérèr	Diourbel	14.6643	-16.0208	0
Gowane Wolof	Diourbel	14.6723	-16.0298	0
Gram Fal	Diourbel	14.9631	-16.4114	0
Grimbaye	Diourbel	14.6539	-16.1014	0
Grimbaye Sérèr	Diourbel	14.6601	-16.0959	0
Griniel	Diourbel	14.6972	-15.8136	0
Guerlé Peul	Diourbel	14.8153	-15.4545	0
Guerlé Wolof	Diourbel	14.8193	-15.452	0
Guitiré	Diourbel	14.7167	-16.5167	0
Guèb	Diourbel	14.9	-16.0167	0
Guèb Fal	Diourbel	14.894	-16.0551	0
Guète	Diourbel	14.7	-16.3833	0
Guèye Guèye	Diourbel	14.6248	-16.4508	0
Guèye Guèye	Diourbel	14.8572	-16.1575	0
Guèyène	Diourbel	14.8467	-16.2191	0
Guédiali	Diourbel	14.861	-16.0628	0
Guédiali Deux	Diourbel	14.8452	-16.0714	0
Guélodé	Diourbel	14.9159	-15.9441	0
Guélodé	Diourbel	14.8833	-16.0333	0
Guélé	Diourbel	14.8468	-15.9948	0
Guénes	Diourbel	14.65	-16.6167	0
Guéral	Diourbel	14.6319	-16.0359	0
Guéssel	Diourbel	14.8662	-15.6787	0
Guéyène Pal	Diourbel	14.7718	-16.1677	0
Guéène	Diourbel	14.85	-15.8333	0
Hanène	Diourbel	14.9991	-16.3906	0
Ibrahima Guèye	Diourbel	14.85	-16.35	0
Irada Mbaye Fal	Diourbel	14.8219	-15.6526	0
Kad	Diourbel	14.7469	-16.2608	0
Kad	Diourbel	14.9641	-16.4587	0
Kadam	Diourbel	14.6624	-16.3067	0
Kadane	Diourbel	14.9333	-15.95	0
Kadouyel	Diourbel	14.7195	-15.8488	0
Kaduyène	Diourbel	14.7333	-15.85	0
Kalamine	Diourbel	14.9878	-16.3566	0
Kalir	Diourbel	14.6409	-16.3141	0
Kalom	Diourbel	14.8371	-16.5297	0
Kalom Dieng	Diourbel	14.9794	-16.3582	0
Kalom Karé	Diourbel	14.9825	-16.3699	0
Kamadou	Diourbel	14.5681	-15.8878	0
Kambel	Diourbel	14.7591	-15.5754	0
Kane Kane	Diourbel	14.7489	-16.2832	0
Kane Kane	Diourbel	14.7261	-16.2719	0
Kangharlo	Diourbel	14.978	-16.3895	0
Kanka	Diourbel	14.7993	-15.9669	0
Kankane	Diourbel	14.7	-16.25	0
Kantor Ndabri	Diourbel	14.7357	-15.8833	0
Kanène	Diourbel	14.8649	-16.2338	0
Kanène	Diourbel	14.9491	-16.099	0
Kar Kar	Diourbel	14.9328	-16.629	0
Karé	Diourbel	14.9835	-16.3803	0
Karé Sissé	Diourbel	14.85	-15.75	0
Kas	Diourbel	14.8833	-16.4667	0
Kawsara Fal	Diourbel	14.897	-16.0067	0
Kawssara	Diourbel	14.9041	-15.9947	0
Kaèl	Diourbel	14.7132	-15.9052	0
Kaïré Mapaté	Diourbel	14.9288	-16.6477	0
Kaône	Diourbel	14.9742	-16.5674	0
Keur Abdou Kane	Diourbel	14.9826	-16.3231	0
Keur Abdou Niane	Diourbel	14.7475	-16.0394	0
Keur Abdou Sal	Diourbel	14.9011	-16.4436	0
Keur Abdoulaye Sènè	Diourbel	14.6333	-16.1167	0
Keur Adiana	Diourbel	14.8925	-15.7754	0
Keur Aliou Diouf	Diourbel	14.775	-16.4526	0
Keur Aliou Fal	Diourbel	14.7123	-16.0483	0
Keur Aliou Ka	Diourbel	14.9391	-16.1039	0
Keur Aliou Touré	Diourbel	14.5789	-15.8657	0
Keur Alla Niang	Diourbel	14.8639	-16.3466	0
Keur Alé Baba	Diourbel	14.7927	-16.4181	0
Keur Amadou Bass	Diourbel	14.6444	-15.9482	0
Keur Amadou Diop	Diourbel	14.5688	-16.1629	0
Keur Amat Ouakhou	Diourbel	14.5838	-15.8864	0
Keur Assane Kane	Diourbel	14.9559	-16.5172	0
Keur Atim	Diourbel	14.7463	-16.0647	0
Keur Awa	Diourbel	14.8132	-16.1913	0
Keur Baba Khari	Diourbel	14.7652	-16.2284	0
Keur Badia	Diourbel	14.7575	-16.3938	0
Keur Bala	Diourbel	14.7316	-16.0325	0
Keur Bala Sek	Diourbel	14.9582	-16.1432	0
Keur Bara	Diourbel	14.8525	-16.5613	0
Keur Baïdi	Diourbel	14.8035	-16.1272	0
Keur Bempi	Diourbel	14.9	-15.7667	0
Keur Biram Ndiakhana	Diourbel	14.9994	-16.4492	0
Keur Bâba	Diourbel	14.8221	-15.6295	0
Keur Cheikh Diop	Diourbel	14.6943	-16.0337	0
Keur Cheikh Diouf	Diourbel	14.681	-16.593	0
Keur Dam	Diourbel	14.9445	-16.6184	0
Keur Dam Cissé	Diourbel	14.675	-16.36	0
Keur Dame	Diourbel	14.7168	-16.1457	0
Keur Daour Diong	Diourbel	14.7833	-16.4667	0
Keur Darou Mbacké	Diourbel	14.6656	-15.9578	0
Keur Demba Sap	Diourbel	15.0108	-16.4409	0
Keur Diabel	Diourbel	14.7833	-16.1833	0
Keur Dialo Sène	Diourbel	14.5833	-15.8667	0
Keur Diarde	Diourbel	14.904	-16.4673	0
Keur Dieng	Diourbel	14.7731	-15.8976	0
Keur Dieumb Dia	Diourbel	14.8846	-16.4237	0
Keur Galo	Diourbel	14.691	-16.5985	0
Keur Gana	Diourbel	14.8237	-16.4575	0
Keur Gane	Diourbel	14.5928	-16.3349	0
Keur Gaye Sèye	Diourbel	14.9694	-16.5892	0
Keur Gonio	Diourbel	14.5752	-16.2254	0
Keur Gora Ndiaye	Diourbel	14.9667	-16.5	0
Keur Ibra Diop	Diourbel	14.7687	-16.4533	0
Keur Ibra Khoyane	Diourbel	14.8754	-16.4881	0
Keur Ibra Sek	Diourbel	14.9333	-15.9133	0
Keur Ibrahima Samba	Diourbel	14.5833	-15.85	0
Keur Khali Koura	Diourbel	14.9295	-16.6769	0
Keur Khassam	Diourbel	14.9587	-16.6378	0
Keur Kouli Diouf	Diourbel	14.7216	-16.4347	0
Keur Lat Bissine	Diourbel	14.6772	-16.4101	0
Keur Laye	Diourbel	14.9426	-16.3097	0
Keur Lèye Fambaye	Diourbel	14.9163	-16.6047	0
Keur Mabator	Diourbel	14.92	-16.6357	0
Keur Macoumba	Diourbel	14.9648	-16.4954	0
Keur Madia	Diourbel	14.7333	-16.4667	0
Keur Madieng	Diourbel	14.9207	-16.3319	0
Keur Madieum Lô	Diourbel	14.6053	-16.0212	0
Keur Madiop	Diourbel	14.7748	-16.3606	0
Keur Madiop	Diourbel	15.016	-16.422	0
Keur Madiop Sérèr	Diourbel	14.5751	-15.9057	0
Keur Madiémé	Diourbel	14.9337	-16.3636	0
Keur Madouba	Diourbel	14.8295	-15.6022	0
Keur Mafari Ndiaye	Diourbel	14.7406	-16.012	0
Keur Mafatim	Diourbel	14.7212	-16.3699	0
Keur Magat Bâ	Diourbel	14.6347	-15.8651	0
Keur Makhali	Diourbel	14.9988	-16.471	0
Keur Makhoudia	Diourbel	14.9536	-16.5069	0
Keur Makodou	Diourbel	14.6526	-16.4135	0
Keur Makoumba Kébé	Diourbel	14.8132	-15.8312	0
Keur Mandiaye	Diourbel	14.9	-15.7667	0
Keur Manga	Diourbel	14.7953	-16.3736	0
Keur Mar Ndiaye	Diourbel	14.719	-16.0424	0
Keur Massamba Niang	Diourbel	14.8947	-16.485	0
Keur Massaèr	Diourbel	14.888	-16.3153	0
Keur Massaèr	Diourbel	14.909	-16.3661	0
Keur Massaèr Niang	Diourbel	14.9349	-16.0913	0
Keur Maïssa Ndiaye	Diourbel	14.6732	-16.4599	0
Keur Mbakhar	Diourbel	14.8033	-16.3011	0
Keur Mbandi	Diourbel	14.7175	-15.9096	0
Keur Mbar	Diourbel	14.8132	-16.4403	0
Keur Mbaye Issa	Diourbel	14.7812	-16.3449	0
Keur Mbaye Mboulo	Diourbel	14.8248	-16.3114	0
Keur Mbaye Niang	Diourbel	14.5977	-15.8343	0
Keur Modou Bé	Diourbel	14.9833	-15.9833	0
Keur Modouba	Diourbel	14.55	-15.9333	0
Keur Mor Diop	Diourbel	14.8928	-16.4562	0
Keur Mor Fal	Diourbel	14.9727	-16.5766	0
Keur Mor Sélé	Diourbel	14.747	-16.4489	0
Keur Mor Tiama	Diourbel	14.7085	-16.0665	0
Keur Morfali Diop	Diourbel	14.7833	-15.8333	0
Keur Morlissa	Diourbel	14.8	-15.85	0
Keur Mortal	Diourbel	14.5667	-15.85	0
Keur Moussa Sal	Diourbel	14.9121	-16.2202	0
Keur Médoune	Diourbel	14.7584	-15.9043	77255
Keur Médoune Fal	Diourbel	14.9031	-16.6157	0
Keur Ndiaga	Diourbel	14.9167	-16.1833	0
Keur Ndiak	Diourbel	14.8537	-16.5134	0
Keur Ndiap	Diourbel	14.6678	-16.5978	0
Keur Ngalgou	Diourbel	14.8728	-16.3078	0
Keur Ngane	Diourbel	14.9936	-16.3379	0
Keur Niang	Diourbel	14.7943	-16.0793	0
Keur Niang	Diourbel	14.8449	-15.8727	0
Keur Omar Diéhé	Diourbel	14.8	-15.8333	0
Keur Ousmane Kane	Diourbel	14.9876	-16.5174	0
Keur Rigal Sek	Diourbel	14.8167	-15.95	0
Keur Sadiop	Diourbel	14.7376	-16.2509	0
Keur Sadiouka	Diourbel	14.65	-15.9833	0
Keur Sakh Sakh	Diourbel	14.5672	-16.1906	0
Keur Sala Ndiaye	Diourbel	14.899	-16.2906	0
Keur Samba	Diourbel	14.7167	-16.35	0
Keur Samba Dia	Diourbel	14.9461	-16.6399	0
Keur Samba Gaye	Diourbel	14.7734	-16.4807	0
Keur Samba Kane	Diourbel	14.8966	-16.5989	0
Keur Samba Ndouldoul	Diourbel	14.9167	-15.7833	0
Keur Samba Ngom	Diourbel	14.9138	-16.2992	0
Keur Samba Niang	Diourbel	14.9622	-15.9834	0
Keur Samka	Diourbel	14.7667	-15.9333	0
Keur Samour	Diourbel	14.8558	-16.3328	0
Keur Sao	Diourbel	14.6667	-15.95	0
Keur Saèr	Diourbel	14.6808	-16.3926	0
Keur Sek	Diourbel	14.7447	-16.4263	0
Keur Sek Fal	Diourbel	14.8167	-15.8	0
Keur Seynou	Diourbel	14.8541	-16.6228	0
Keur Souleye Diagne	Diourbel	14.7154	-16.0551	0
Keur Séri Niane	Diourbel	14.8667	-15.8667	0
Keur Sérigne Saïd	Diourbel	14.7722	-15.6907	0
Keur Sérigne Soulèye	Diourbel	14.7395	-15.6696	0
Keur Tamsir	Diourbel	14.7053	-15.6202	0
Keur Tamsir	Diourbel	14.7363	-16.2367	0
Keur Wagne	Diourbel	14.7347	-16.2623	0
Keur Wal Fatma	Diourbel	14.6401	-16.5057	0
Keur Yanghâne Sar	Diourbel	14.8792	-16.634	0
Khabane Mbapane	Diourbel	14.7001	-16.1132	0
Khalalène	Diourbel	14.7016	-16.5846	0
Khandiar	Diourbel	14.6503	-16.4364	0
Khaoul	Diourbel	14.798	-16.4921	0
Khapsou	Diourbel	14.9242	-16.287	0
Khaye	Diourbel	14.875	-16.5577	0
Khaye Gueun	Diourbel	14.8781	-16.3217	0
Khaye Ndiaye	Diourbel	14.9427	-16.542	0
Khayokh	Diourbel	14.6391	-16.1782	0
Khaïga	Diourbel	14.5851	-15.8338	0
Khaïré	Diourbel	14.8657	-16.5256	0
Kholkhotorane	Diourbel	14.6815	-16.3607	0
Khoubé	Diourbel	14.7118	-16.1255	0
Khoulé	Diourbel	14.722	-16.0961	0
Khourou Mbaké	Diourbel	14.7537	-16.082	0
Khéwar Missira	Diourbel	14.9367	-16.0195	0
Koba	Diourbel	14.5701	-16.0916	0
Kodiolel	Diourbel	14.65	-15.8	0
Kodiolé	Diourbel	14.9333	-15.8833	0
Koki	Diourbel	14.8262	-16.6359	0
Koki Diop	Diourbel	14.9594	-16.2863	0
Koki Gouye Deux	Diourbel	14.9319	-16.1688	0
Koki Ndiaguène	Diourbel	14.9572	-16.258	0
Koki Santhie	Diourbel	14.942	-16.1836	0
Koki Sérèr	Diourbel	14.9232	-16.1869	0
Kombélane	Diourbel	14.8244	-16.5851	0
Kondia	Diourbel	14.7725	-16.2291	0
Kondié	Diourbel	14.7167	-16.25	0
Kontayèm Dapa	Diourbel	14.7007	-16.2873	0
Kontéyène	Diourbel	14.8965	-16.1575	0
Koungoun	Diourbel	14.7333	-16.5333	0
Kouré	Diourbel	14.9499	-16.4316	0
Kouré	Diourbel	14.7523	-16.3096	0
Koutyoutye	Diourbel	14.9095	-15.7969	0
Kouïnar	Diourbel	14.85	-15.6833	0
Koèl Sérèr	Diourbel	14.6253	-16.0571	0
Kélel Diop	Diourbel	14.9934	-15.8803	0
Kélèl	Diourbel	14.9833	-15.8833	0
Kélémbéli	Diourbel	14.6795	-16.0968	0
Kéléwtéw	Diourbel	14.6014	-15.9158	0
Kéré Mbaye	Diourbel	14.8643	-15.7918	0
Kéré Ndiaga Ndaw	Diourbel	14.8537	-15.777	0
Kéwré	Diourbel	14.9339	-16.5413	0
Kôté	Diourbel	14.7776	-16.3151	0
Lagabèl	Diourbel	14.6253	-15.9683	0
Lagane	Diourbel	14.5333	-15.9833	0
Lagnar	Diourbel	14.6677	-16.3307	0
Lagnar Pokh	Diourbel	14.6581	-16.3307	0
Lak	Diourbel	14.7177	-16.3351	0
Lala	Diourbel	14.9054	-16.5398	0
Lama	Diourbel	14.6848	-15.9057	0
Lamane	Diourbel	14.553	-16.1159	0
Lamb	Diourbel	14.6248	-15.9121	0
Lambaye	Diourbel	14.8042	-16.533	0
Lamsar	Diourbel	14.8878	-16.4963	0
Landongol	Diourbel	14.6288	-15.9486	0
Langar Deun	Diourbel	14.8147	-16.4089	0
Langar Pèye	Diourbel	14.843	-16.4538	0
Lawbé	Diourbel	14.9162	-16.2726	0
Lawniandé	Diourbel	14.9494	-16.0491	0
Layabe	Diourbel	14.8492	-16.177	0
Layam	Diourbel	14.7333	-16.2833	0
Linndé	Diourbel	14.65	-15.9667	0
Lobét	Diourbel	14.7889	-16.5441	0
Lomène	Diourbel	14.8357	-16.1351	0
Lorfi	Diourbel	14.6062	-16.074	0
Lougoul	Diourbel	14.951	-16.0737	0
Louldé	Diourbel	14.8155	-15.4778	0
Louloup	Diourbel	14.7564	-16.5686	0
Loumbel Saye	Diourbel	14.6	-16.0667	0
Loumbé Sayé Sérèr	Diourbel	14.6711	-15.984	0
Loumbél Tiaw	Diourbel	14.5994	-16.0886	0
Loumène	Diourbel	14.9692	-15.9234	0
Loumène	Diourbel	14.5578	-15.9229	0
Loumène	Diourbel	14.8243	-16.2037	0
Loyène	Diourbel	14.8408	-16.4301	0
Loyène	Diourbel	14.7678	-16.176	0
Lâ	Diourbel	14.7667	-15.9833	0
Lérène	Diourbel	14.6	-16.3333	0
Léyène	Diourbel	14.739	-15.8492	0
Lôyène	Diourbel	14.9158	-16.477	0
Madina	Diourbel	14.7231	-15.8294	0
Madina Ndiaye	Diourbel	14.8345	-15.7119	0
Madina Touré	Diourbel	14.896	-15.9903	0
Mafane	Diourbel	14.7418	-16.3029	0
Magnagne	Diourbel	14.8582	-16.6115	0
Maka	Diourbel	14.8251	-16.5031	0
Maka Bas	Diourbel	14.7206	-16.3896	0
Maka Bas	Diourbel	14.7366	-16.4078	0
Maka Sar	Diourbel	14.7205	-15.6622	0
Mala Diop	Diourbel	14.9	-16.1	0
Mandiaye	Diourbel	14.8833	-15.95	0
Map	Diourbel	14.9307	-16.1172	0
Maplane	Diourbel	14.7673	-16.355	0
Maram Tiamé	Diourbel	14.9667	-15.95	0
Maye Landang	Diourbel	14.8704	-15.7414	0
Mayel	Diourbel	14.8833	-15.75	0
Mbaba	Diourbel	14.7407	-16.5888	0
Mbablol	Diourbel	14.7691	-16.3299	0
Mbadiane	Diourbel	14.8283	-16.5192	0
Mbadiane	Diourbel	14.9185	-16.223	0
Mbadiane Gora	Diourbel	14.8078	-16.5112	0
Mbadianène	Diourbel	14.9524	-16.1391	0
Mbadianéne	Diourbel	14.7275	-16.4049	0
Mbadié	Diourbel	14.95	-16.4667	0
Mbadié Kad	Diourbel	14.763	-16.3803	0
Mbadié Ndioufène	Diourbel	14.7529	-16.3819	0
Mbagne Séo	Diourbel	14.6318	-15.9356	0
Mbakhane	Diourbel	14.6705	-16.27	0
Mbakhé	Diourbel	14.9192	-16.4546	0
Mbakoli	Diourbel	14.7634	-16.4143	0
Mbaké	Diourbel	14.7903	-15.908	101451
Mbaké Djouroul	Diourbel	14.7833	-15.8	0
Mbaké Mayar	Diourbel	14.6384	-16.0518	0
Mbaké Yégé	Diourbel	14.9167	-15.85	0
Mbalène	Diourbel	14.9146	-16.4381	0
Mbamb	Diourbel	14.7806	-16.2808	0
Mbambey	Diourbel	14.7947	-16.5898	0
Mbampana	Diourbel	14.6874	-16.1378	0
Mbanani	Diourbel	14.7238	-15.9067	0
Mbane	Diourbel	14.6101	-16.0058	0
Mbankhèm	Diourbel	14.7451	-16.5124	0
Mbarassane	Diourbel	14.768	-16.3189	0
Mbari Birima	Diourbel	14.7569	-16.4813	0
Mbari Darou	Diourbel	14.7482	-16.4834	0
Mbari Diamm	Diourbel	14.9211	-16.5881	0
Mbari Keur Sapolék	Diourbel	14.7471	-16.4988	0
Mbari Kèr	Diourbel	14.8834	-16.4519	0
Mbari Santhie	Diourbel	14.7473	-16.4685	0
Mbaro	Diourbel	14.9956	-16.509	0
Mbatal Mbambey	Diourbel	14.8032	-16.5907	0
Mbathie	Diourbel	14.8465	-16.393	0
Mbawor	Diourbel	14.8752	-16.1099	0
Mbayane	Diourbel	14.7207	-16.2978	0
Mbayar	Diourbel	14.6482	-16.0523	0
Mbaye	Diourbel	14.85	-16.3667	0
Mbaye Séo	Diourbel	14.6	-15.9167	0
Mbayène	Diourbel	14.8306	-16.291	0
Mbayène	Diourbel	14.6901	-15.81	0
Mbayène	Diourbel	14.7585	-16.1848	0
Mbayène Dankh	Diourbel	14.832	-16.1489	0
Mbayène Missira	Diourbel	14.9683	-15.965	0
Mbayène Sob	Diourbel	14.8493	-16.2713	0
Mbenguène	Diourbel	14.9	-16.4667	0
Mbeup	Diourbel	14.7576	-15.5567	0
Mbeuti	Diourbel	14.8031	-16.1367	0
Mbeyna Sérèr	Diourbel	14.5864	-16.1039	0
Mbeyna Wolof	Diourbel	14.5808	-16.1149	0
Mbidé	Diourbel	14.7255	-16.4944	0
Mbili	Diourbel	14.7879	-16.0823	0
Mbindo	Diourbel	14.6292	-16.3008	0
Mbinndiouga	Diourbel	14.5333	-15.8667	0
Mbit	Diourbel	14.9	-16.3833	0
Mboba	Diourbel	14.8408	-16.3517	0
Mbobène	Diourbel	14.872	-16.32	0
Mbobène	Diourbel	14.9315	-16.4178	0
Mbobène	Diourbel	14.623	-15.9277	0
Mbobène Gouye	Diourbel	14.8422	-16.2086	0
Mbodiène	Diourbel	14.7139	-16.0761	0
Mbodiène	Diourbel	14.7915	-16.4729	0
Mbodiène	Diourbel	14.8235	-15.8104	0
Mbodogne	Diourbel	14.9	-15.9	0
Mbofaye	Diourbel	14.6956	-16.5777	0
Mbokhéodane	Diourbel	14.5999	-16.4642	0
Mbomboye Deux	Diourbel	14.6685	-16.6103	0
Mbomboye Un	Diourbel	14.6631	-16.6123	0
Mbossèkh	Diourbel	14.7114	-16.2223	0
Mbotal	Diourbel	14.798	-16.5352	0
Mboubane	Diourbel	14.8323	-16.5711	0
Mboudaye	Diourbel	14.579	-16.1919	0
Mboukhoumé	Diourbel	14.7668	-16.5383	0
Mbouki	Diourbel	14.7951	-16.0988	0
Mboul	Diourbel	14.6333	-16.45	0
Mboul Kaèl	Diourbel	14.5805	-15.9211	0
Mboulèm	Diourbel	14.7748	-16.49	0
Mboumi	Diourbel	14.858	-16.1665	0
Mbousso Ndir	Diourbel	14.8079	-16.4937	0
Mboussobé	Diourbel	14.8493	-15.7587	0
Mbouye	Diourbel	14.9549	-16.5991	0
Mboyène	Diourbel	14.6928	-16.3919	0
Mbram	Diourbel	14.9667	-15.95	0
Mbène	Diourbel	14.7735	-15.943	0
Mbèr	Diourbel	14.9039	-16.3887	0
Mbèye	Diourbel	14.7617	-16.1367	0
Mbèye	Diourbel	14.7777	-16.3605	0
Mbélogne	Diourbel	14.8	-15.7667	0
Mbéyène	Diourbel	14.7749	-16.5483	0
Missira	Diourbel	14.9333	-16.0833	0
Missira	Diourbel	14.939	-15.9619	0
Missira Loène	Diourbel	14.95	-15.9833	0
Morlo	Diourbel	14.85	-15.9333	0
Moro Ndiaye	Diourbel	14.9167	-16.15	0
Mourtéki	Diourbel	14.7	-15.9667	0
Mousladji Deux	Diourbel	14.9666	-16.3023	0
Mousladji Un	Diourbel	14.938	-16.3179	0
Mèt	Diourbel	14.5598	-16.0457	0
Médina Mbayène	Diourbel	14.7062	-15.5572	0
Médina Mbayène	Diourbel	14.7479	-15.5092	0
Mékhé Lambaye	Diourbel	14.777	-16.5273	0
Mélo	Diourbel	14.764	-16.2041	0
Mérina	Diourbel	14.7206	-16.5809	0
Mérina Dieng	Diourbel	14.9105	-16.3421	0
Mérina Diop	Diourbel	14.8274	-15.7777	0
Mérina Diop	Diourbel	14.8571	-16.5066	0
Mérina Kane	Diourbel	14.9755	-16.4949	0
Mérina Sar	Diourbel	14.567	-15.9213	0
Mérina Sar	Diourbel	14.5547	-16.1334	0
Mérina Sill	Diourbel	14.8964	-16.2481	0
Mérina Tiakho	Diourbel	14.775	-16.1065	0
Méwdou Kane	Diourbel	14.9601	-16.553	0
Naba	Diourbel	14.844	-15.7177	0
Naban	Diourbel	14.8333	-15.7333	0
Nabar	Diourbel	14.8	-15.7167	0
Naké	Diourbel	14.7873	-16.4205	0
Narga	Diourbel	14.8083	-15.7965	0
Nasrou	Diourbel	14.6504	-15.816	0
Naïdé	Diourbel	14.9794	-15.8555	0
Naïdé Boussa	Diourbel	14.9667	-15.8667	0
Ndabo	Diourbel	14.807	-16.1896	0
Ndaga Lambaye	Diourbel	14.78	-16.553	0
Ndakh	Diourbel	14.7341	-16.3312	0
Ndakhar	Diourbel	14.7294	-15.959	0
Ndam Sar	Diourbel	14.772	-16.2086	0
Ndame	Diourbel	14.82	-15.8748	0
Ndangalma	Diourbel	14.7243	-16.567	0
Ndankh	Diourbel	14.6658	-16.2583	0
Ndarap	Diourbel	14.6283	-16.2916	0
Ndari Diop	Diourbel	14.9407	-16.4535	0
Ndari Gad	Diourbel	14.9387	-16.4666	0
Ndari Palène	Diourbel	14.939	-16.4476	0
Ndeuguègne	Diourbel	14.7946	-16.2723	0
Ndeuksi	Diourbel	14.7415	-16.1713	0
Ndeuneukh	Diourbel	14.8099	-16.0623	0
Ndia	Diourbel	14.8692	-16.1172	0
Ndia Dakhar	Diourbel	14.82	-16.2954	0
Ndia Deux	Diourbel	14.8033	-16.173	0
Ndia Gandiol	Diourbel	14.9651	-16.2666	0
Ndia Kad	Diourbel	14.8208	-16.2824	0
Ndia Khakham	Diourbel	14.8615	-16.2382	0
Ndia Lakhas	Diourbel	14.7789	-16.2677	0
Ndia Mbouti	Diourbel	14.8299	-16.2751	0
Ndia Sam	Diourbel	14.75	-16.0833	0
Ndia Tako	Diourbel	14.9167	-16.05	0
Ndiabaye	Diourbel	14.678	-16.3083	0
Ndiabi	Diourbel	14.8861	-16.5142	0
Ndiadiane	Diourbel	14.6807	-16.5129	0
Ndiadiane Tiékène	Diourbel	14.6901	-16.5058	0
Ndiagne	Diourbel	14.7909	-16.5679	0
Ndiagne	Diourbel	14.9241	-16.3781	0
Ndiagne	Diourbel	14.7167	-15.8	0
Ndiagne Boumi	Diourbel	14.7045	-16.3053	0
Ndiagne Sitor	Diourbel	14.9043	-16.4826	0
Ndiagne Toufa	Diourbel	14.7343	-16.3707	0
Ndiaguéné Boumak	Diourbel	14.7233	-16.3417	0
Ndiakala	Diourbel	14.7667	-16.4833	0
Ndiakalak	Diourbel	14.7754	-16.5144	0
Ndiakane	Diourbel	14.7108	-16.3793	0
Ndiakhaté	Diourbel	14.9848	-16.3433	0
Ndiakhaté	Diourbel	14.5771	-16.2358	0
Ndiakhaye	Diourbel	14.8792	-15.8928	0
Ndialakhar	Diourbel	14.813	-15.741	0
Ndialap	Diourbel	14.7436	-16.2783	0
Ndialap	Diourbel	14.7252	-16.2837	0
Ndialigué	Diourbel	14.9374	-16.3916	0
Ndiama	Diourbel	14.7324	-16.5839	0
Ndiamb	Diourbel	14.7854	-16.3324	0
Ndiambour	Diourbel	14.9705	-16.4251	0
Ndiamsil	Diourbel	14.8684	-16.5735	0
Ndiamsil Pèye	Diourbel	14.8712	-16.5547	0
Ndiande	Diourbel	14.6058	-16.244	0
Ndianga	Diourbel	14.8938	-16.5828	0
Ndiankhène	Diourbel	14.7162	-16.1729	0
Ndianrhène	Diourbel	14.7	-16.2833	0
Ndiané	Diourbel	14.8263	-16.6072	0
Ndiané	Diourbel	14.8831	-16.0388	0
Ndiané	Diourbel	15.0167	-16.3667	0
Ndiané Deux	Diourbel	14.993	-16.3716	0
Ndiané Un	Diourbel	14.9884	-16.3758	0
Ndiao	Diourbel	14.7037	-15.9125	0
Ndiaraw	Diourbel	14.8907	-16.6499	0
Ndiarga Lambaye	Diourbel	14.8057	-16.5711	0
Ndiarga Polék	Diourbel	14.7545	-16.5253	0
Ndiarga Tiénène	Diourbel	14.8462	-16.4597	0
Ndiari Ndiofo	Diourbel	14.7546	-15.6966	0
Ndiarno	Diourbel	14.9169	-16.53	0
Ndiarno	Diourbel	14.7761	-16.3869	0
Ndiarno	Diourbel	14.7755	-16.5866	0
Ndiarno Rikadji	Diourbel	14.8763	-16.6131	0
Ndiata Dabél	Diourbel	14.6712	-16.3467	0
Ndiata Gaye	Diourbel	14.6668	-16.3458	0
Ndiatak	Diourbel	14.8704	-16.2145	0
Ndiatara	Diourbel	14.7401	-15.8234	0
Ndiaw	Diourbel	14.7828	-16.2239	0
Ndiawagne	Diourbel	14.9366	-16.5311	0
Ndiaye	Diourbel	14.9667	-16.4667	0
Ndiaye Ala Deux	Diourbel	14.9903	-16.422	0
Ndiaye Ala Un	Diourbel	14.988	-16.4139	0
Ndiaye Dankh	Diourbel	14.922	-16.5618	0
Ndiayène	Diourbel	14.7237	-16.0642	0
Ndiayène	Diourbel	14.7121	-15.9419	0
Ndiayène Pèw	Diourbel	14.9382	-16.2911	0
Ndielber	Diourbel	14.6989	-16.3253	0
Ndieng	Diourbel	14.8149	-16.4746	0
Ndieulbèr Deux	Diourbel	14.9265	-16.4858	0
Ndieulbèr Un	Diourbel	14.9306	-16.4945	0
Ndigal	Diourbel	14.7667	-15.8	0
Ndigal	Diourbel	14.8	-15.7833	0
Ndiliki	Diourbel	14.7967	-15.9457	0
Ndimb	Diourbel	14.7108	-16.5797	0
Ndimb	Diourbel	14.8725	-16.2489	0
Ndimb Ndadène	Diourbel	14.7868	-16.3801	0
Ndimb Ngoye	Diourbel	14.6247	-16.4757	0
Ndindi Abdou	Diourbel	14.8748	-15.8261	0
Ndindi Gouye	Diourbel	14.9049	-16.2026	0
Ndindy	Diourbel	14.8945	-16.2041	0
Ndinkou	Diourbel	14.6761	-16.1553	0
Ndiné	Diourbel	14.6648	-16.4196	0
Ndiobène	Diourbel	14.8657	-15.8203	0
Ndiobène	Diourbel	14.7038	-16.5654	0
Ndiobél	Diourbel	14.9171	-16.5245	0
Ndiodiom	Diourbel	14.648	-16.4671	0
Ndiognik	Diourbel	14.6915	-15.5772	0
Ndiogop	Diourbel	14.8094	-16.1501	0
Ndiogop	Diourbel	14.8864	-15.7252	0
Ndiokhoba	Diourbel	14.6809	-16.2898	0
Ndiol	Diourbel	14.6967	-16.0069	0
Ndiolofène	Diourbel	14.7248	-16.0147	0
Ndiombo	Diourbel	14.8179	-16.4371	0
Ndiompi Deux	Diourbel	14.9691	-16.3315	0
Ndiompi Trois	Diourbel	14.9724	-16.3138	0
Ndiompi Un	Diourbel	14.9606	-16.3309	0
Ndionaye	Diourbel	14.7292	-16.1685	0
Ndione Kad Deux	Diourbel	14.6378	-16.3715	0
Ndione Kad Un	Diourbel	14.6458	-16.3695	0
Ndione Maténing	Diourbel	14.6147	-16.4124	0
Ndiop	Diourbel	14.6503	-16.6109	0
Ndiothie	Diourbel	14.8273	-16.5371	0
Ndioudiouf	Diourbel	14.7719	-16.5329	0
Ndioufdiouf	Diourbel	14.9151	-16.5494	0
Ndioufène	Diourbel	14.7361	-15.6225	0
Ndioufène	Diourbel	14.9085	-16.5642	0
Ndioufène	Diourbel	14.7426	-16.1458	0
Ndiouguène	Diourbel	14.9471	-15.9478	0
Ndioukane	Diourbel	14.8404	-16.0949	0
Ndioukèm	Diourbel	14.7272	-16.2395	0
Ndiouli	Diourbel	14.6476	-16.4262	0
Ndioumane	Diourbel	14.6314	-15.9989	0
Ndioumane Peul	Diourbel	14.6539	-16.0091	0
Ndiouroul	Diourbel	14.7819	-15.7785	0
Ndiouroul Dara	Diourbel	14.7806	-15.763	0
Ndiourène	Diourbel	14.8527	-16.4291	0
Ndirène	Diourbel	14.9752	-16.3445	0
Ndirène	Diourbel	14.8104	-16.6455	0
Ndièk Pènthie	Diourbel	14.939	-16.2112	0
Ndièt	Diourbel	14.7993	-16.3207	0
Ndiédieng	Diourbel	14.6354	-16.5888	0
Ndiégué	Diourbel	14.9816	-16.4039	0
Ndiémane	Diourbel	14.6441	-16.5541	0
Ndiéné	Diourbel	14.9562	-16.5023	0
Ndiéyène Tialaw	Diourbel	14.8293	-16.4406	0
Ndjigueul Deux	Diourbel	14.9077	-16.2409	0
Ndjigueul Un	Diourbel	14.9162	-16.2313	0
Ndjis	Diourbel	14.6132	-16.3326	0
Ndjitiar	Diourbel	14.8104	-16.3341	0
Ndjité	Diourbel	14.91	-16.6536	0
Ndoga Un	Diourbel	14.5504	-15.9765	0
Ndogal Santhie	Diourbel	14.953	-16.2992	0
Ndok	Diourbel	14.7855	-15.8391	0
Ndoka	Diourbel	14.9046	-15.7874	0
Ndoka Wolof	Diourbel	14.5562	-16.0092	0
Ndomb	Diourbel	14.6853	-16.3424	0
Ndondol	Diourbel	14.646	-16.5863	0
Ndondol	Diourbel	14.7902	-16.4996	0
Ndong	Diourbel	14.7746	-16.5637	0
Ndongo	Diourbel	14.8195	-16.1358	0
Ndoni Saloum	Diourbel	14.8625	-15.6302	0
Ndop	Diourbel	14.9508	-16.4248	0
Ndorong	Diourbel	14.687	-16.2777	0
Ndorong Malik	Diourbel	14.8198	-16.6421	0
Ndos	Diourbel	14.7255	-16.4242	0
Ndougoubène	Diourbel	14.9286	-16.3362	0
Ndoukoumane	Diourbel	14.9898	-16.3012	0
Ndoukoura	Diourbel	14.7624	-16.1423	0
Ndoukouwane	Diourbel	14.6954	-16.306	0
Ndoulo	Diourbel	14.7388	-16.111	0
Ndoumbé	Diourbel	14.7421	-16.2216	0
Ndoundoye	Diourbel	14.6407	-16.1003	0
Ndoungane	Diourbel	14.8481	-16.5476	0
Ndourène	Diourbel	14.6546	-15.825	0
Ndourène	Diourbel	14.9325	-16.5925	0
Ndoyène	Diourbel	14.5468	-16.0191	0
Ndèk	Diourbel	14.6407	-16.5591	0
Ndèm	Diourbel	14.792	-16.1846	0
Ndèm	Diourbel	14.7982	-16.4686	0
Ndèm Ndiaye	Diourbel	14.779	-16.1983	0
Ndérèp Deux	Diourbel	14.7503	-16.5768	0
Ndérèp Un	Diourbel	14.7604	-16.5781	0
Ngabou	Diourbel	14.7733	-15.977	0
Ngabou	Diourbel	14.8362	-16.3244	0
Ngabou Mourid	Diourbel	14.7667	-15.9667	0
Ngadiaga	Diourbel	14.7906	-16.1335	0
Ngadidé	Diourbel	14.85	-16.2333	0
Ngala	Diourbel	14.8618	-16.4099	0
Ngalagne	Diourbel	14.7115	-16.2402	0
Ngalo	Diourbel	14.6326	-16.4403	0
Ngandiol	Diourbel	14.8201	-16.5605	0
Ngandèk	Diourbel	14.6813	-16.4291	0
Ngane	Diourbel	14.7973	-16.5475	0
Ngangouné	Diourbel	14.839	-16.5971	0
Ngankal	Diourbel	14.8287	-16.3474	0
Ngaraf	Diourbel	14.7117	-16.1879	0
Ngaraf	Diourbel	14.7282	-15.6019	0
Ngaraf Polék	Diourbel	14.7496	-16.5331	0
Ngaskop	Diourbel	14.6201	-16.4608	0
Ngassinirou	Diourbel	14.55	-15.9167	0
Ngathie Fal	Diourbel	14.743	-16.4056	0
Ngathie Ngogom	Diourbel	14.7419	-16.3837	0
Ngawaw	Diourbel	14.8629	-16.2815	0
Ngawaye	Diourbel	14.8214	-16.4198	0
Ngaye Guédé	Diourbel	14.9294	-15.8653	0
Ngaye Mame	Diourbel	14.7149	-15.6952	0
Ngayokhèm	Diourbel	14.7048	-16.3901	0
Ngayène	Diourbel	14.9356	-16.6087	0
Ngayène	Diourbel	14.9667	-15.9833	0
Ngayène	Diourbel	14.7266	-16.1516	0
Ngaïdeul	Diourbel	14.815	-16.5392	0
Nghaye	Diourbel	14.8301	-16.2572	0
Nghaye	Diourbel	14.8192	-16.0468	0
Ngheul	Diourbel	14.7645	-16.318	0
Ngodiél	Diourbel	14.6616	-16.1988	0
Ngodjilèm	Diourbel	14.6399	-16.2969	0
Ngodjilèm	Diourbel	14.6274	-16.4621	0
Ngognik	Diourbel	14.6028	-16.2084	0
Ngogom	Diourbel	14.7502	-16.5249	0
Ngohé	Diourbel	14.6341	-16.2834	0
Ngohé	Diourbel	14.5667	-16.05	0
Ngokaré Sow	Diourbel	14.8047	-16.4574	0
Ngokine	Diourbel	14.9833	-16.4833	0
Ngoko	Diourbel	14.6833	-16.2333	0
Ngolomone	Diourbel	14.6192	-16.1643	0
Ngomène Dakhar	Diourbel	14.8986	-16.6389	0
Ngonane	Diourbel	14.8521	-15.9439	0
Ngongo	Diourbel	14.8714	-16.0311	0
Ngos	Diourbel	14.8159	-16.1873	0
Ngothie Deux	Diourbel	14.7267	-16.5133	0
Ngothie Un	Diourbel	14.7331	-16.5132	0
Ngougous	Diourbel	14.7533	-16.6031	0
Ngoult	Diourbel	14.6	-16.2167	0
Ngoulé	Diourbel	14.6	-16.1667	0
Ngoundiodj Deux	Diourbel	14.6698	-16.0906	0
Ngoundiodj Un	Diourbel	14.6729	-16.0748	0
Ngousé	Diourbel	14.7055	-16.4254	0
Ngouthie	Diourbel	14.7416	-16.5991	0
Ngouye	Diourbel	14.7138	-16.3373	0
Ngouye Diabo	Diourbel	14.6887	-16.2308	0
Ngouye Ngoye	Diourbel	14.625	-16.5974	0
Ngouye Tiandigué	Diourbel	14.8129	-16.5996	0
Ngoye	Diourbel	14.6401	-16.4331	0
Ngueut	Diourbel	14.9391	-16.3479	0
Ngueut Diagne	Diourbel	14.8965	-16.1407	0
Nguidiane	Diourbel	14.6011	-16.0533	0
Nguiguis	Diourbel	14.8577	-15.9442	0
Nguiliwène	Diourbel	14.9803	-16.5024	0
Nguithie Tiandigué	Diourbel	14.7344	-16.5324	0
Nguèdj Mone	Diourbel	14.6305	-16.1758	0
Nguérane	Diourbel	14.6854	-16.0545	0
Nguéwar	Diourbel	14.7611	-16.4701	0
Nguéyène	Diourbel	14.7615	-16.0872	0
Ngôgom	Diourbel	14.7749	-16.6079	0
Niakhap	Diourbel	14.7892	-16.515	0
Nianguène	Diourbel	14.6891	-16.0646	0
Nianguène	Diourbel	14.7493	-16.1848	0
Nianguène	Diourbel	14.7963	-15.7774	0
Nianiar	Diourbel	14.7891	-16.5973	0
Nianka	Diourbel	14.8416	-15.9072	0
Niarhène	Diourbel	14.8167	-16.0667	0
Nibré Ba	Diourbel	14.95	-15.7833	0
Niobel	Diourbel	14.8	-16.25	0
Niokèt	Diourbel	14.7164	-16.4473	0
Nougouwel	Diourbel	14.5836	-15.962	0
Nébé Sérèr	Diourbel	14.6125	-16.1934	0
Nébé Teug	Diourbel	14.6096	-16.1907	0
Ogo	Diourbel	14.5833	-15.8333	0
Ouada	Diourbel	14.6616	-16.0384	0
Ouadia	Diourbel	14.9833	-16.3	0
Ouadjourou	Diourbel	14.8167	-15.7167	0
Ouarti	Diourbel	14.7167	-15.9667	0
Ouro Dabal	Diourbel	14.9	-15.75	0
Ouro Diofo	Diourbel	14.8274	-15.7258	0
Ouro Médoul	Diourbel	14.8833	-15.7333	0
Padé	Diourbel	14.7301	-16.0135	0
Pagui	Diourbel	14.6522	-16.3452	0
Pal Sek	Diourbel	14.7766	-16.1757	0
Palèle	Diourbel	14.7167	-16.4167	0
Palène	Diourbel	14.8503	-16.2633	0
Palène	Diourbel	14.7333	-16.35	0
Palène	Diourbel	14.9985	-15.8382	0
Palènesar	Diourbel	14.7631	-16.436	0
Parba	Diourbel	14.9471	-16.429	0
Parba	Diourbel	14.8025	-16.5529	0
Parguine	Diourbel	14.822	-16.5951	0
Pari	Diourbel	14.6209	-16.5395	0
Pas Fal	Diourbel	14.9827	-16.5347	0
Patar	Diourbel	14.7074	-16.157	0
Patièm	Diourbel	14.5333	-15.8833	0
Patièm Deux	Diourbel	14.5623	-15.9124	0
Patièm Peul	Diourbel	14.5442	-15.8911	0
Patièm Sérèr	Diourbel	14.5486	-15.8692	0
Pato	Diourbel	14.844	-16.5398	0
Paté Sek	Diourbel	14.85	-16.4	0
Paye Bari Diamm	Diourbel	14.9904	-16.4371	0
Paye Paye	Diourbel	14.7637	-16.3673	0
Paye Paye	Diourbel	14.8027	-16.2291	0
Payène	Diourbel	14.9	-15.8167	0
Payène	Diourbel	14.7475	-16.2348	0
Peul Lamassas	Diourbel	14.7204	-16.3067	0
Peul Ndiaye	Diourbel	14.8543	-16.4579	0
Pikine	Diourbel	14.6776	-16.2449	0
Pobé	Diourbel	14.6172	-16.0888	0
Pofdi	Diourbel	14.7813	-15.8089	0
Pofdi I	Diourbel	14.8	-15.8	0
Polé	Diourbel	14.9459	-15.8338	0
Poudaye	Diourbel	14.8167	-16.6167	0
Pougnar	Diourbel	14.8314	-16.5488	0
Pèw Fal	Diourbel	14.9263	-16.2958	0
Pèye Bounkhoye	Diourbel	14.7832	-16.3964	0
Ramnane	Diourbel	14.9667	-15.9333	0
Rassa	Diourbel	14.6901	-15.84	0
Rimbakh	Diourbel	14.8492	-16.2308	0
Rimbakh	Diourbel	14.6612	-16.453	0
Rintabé	Diourbel	14.8367	-16.3753	0
Rip	Diourbel	14.9425	-16.4369	0
Rodiel	Diourbel	14.65	-16.2	0
Réfane	Diourbel	14.7891	-16.6142	0
Réw Mawa	Diourbel	14.8146	-16.6192	0
Sadio	Diourbel	14.7985	-15.5457	0
Sadou Fal	Diourbel	14.9386	-16.5994	0
Sadou Tidiane	Diourbel	14.9456	-16.5963	0
Sagalèm	Diourbel	14.693	-16.4871	0
Sahadatou	Diourbel	14.7891	-15.5936	0
Salao	Diourbel	14.8833	-16.15	0
Sam	Diourbel	14.7167	-16.05	0
Sam	Diourbel	14.7833	-15.9	0
Sam Dieng	Diourbel	14.9307	-16.3168	0
Sam Golbi	Diourbel	14.9385	-16.5648	0
Sam Kontor	Diourbel	14.7316	-16.0677	0
Sam Lâ	Diourbel	14.8656	-15.9246	0
Samba Diop	Diourbel	14.5333	-15.9	0
Samba Gasso	Diourbel	14.5571	-15.9343	0
Samba Tal	Diourbel	14.8904	-16.4374	0
Sambène	Diourbel	14.7333	-16.3167	0
Sambène	Diourbel	14.7196	-16.2763	0
Sambé Guént	Diourbel	14.7018	-16.1868	0
Sambé Peul	Diourbel	14.6972	-16.1502	0
Sambé Tokossone	Diourbel	14.6921	-16.1759	0
Samsam	Diourbel	14.8874	-16.0693	0
Samsam	Diourbel	14.9528	-16.4793	0
Sandiara	Diourbel	14.7	-16.4333	0
Saniakor	Diourbel	14.85	-16.4	0
Sar	Diourbel	14.779	-16.426	0
Sarène Sérèr	Diourbel	14.6984	-16.2533	0
Sarène Wolof	Diourbel	14.7181	-16.2488	0
Sass	Diourbel	14.6383	-16.1302	0
Sassar	Diourbel	14.65	-16.5	0
Saté	Diourbel	14.9002	-16.5248	0
Saté	Diourbel	14.7809	-15.9662	0
Sembèm	Diourbel	14.9772	-16.414	0
Serigne Abo	Diourbel	14.6833	-15.9667	0
Serigne Aogamou	Diourbel	14.9	-15.75	0
Sessou	Diourbel	14.7107	-16.601	0
Sidi Nagué	Diourbel	14.9333	-15.7833	0
Siguidiadji	Diourbel	14.7962	-16.2591	0
Sikane	Diourbel	14.6892	-16.3677	0
Silane Mbaylar	Diourbel	14.7302	-16.4708	0
Silane Ndiaw	Diourbel	14.7386	-16.4646	0
Sindiane	Diourbel	14.6882	-16.496	0
Sinngoumbo Sal	Diourbel	14.7833	-15.8667	0
Sipane	Diourbel	14.6167	-15.9333	0
Sitor	Diourbel	14.8933	-16.4688	0
Sobène	Diourbel	14.65	-16.35	0
Sokano	Diourbel	14.7747	-16.3681	0
Solbok	Diourbel	14.8	-15.8667	0
Sopade	Diourbel	14.7655	-15.8398	0
Sorékh	Diourbel	14.8873	-16.6111	0
Soun	Diourbel	14.9186	-16.3098	0
Sourang	Diourbel	14.9144	-15.7715	0
Sous	Diourbel	14.6925	-16.2623	0
Sousseup	Diourbel	14.6596	-16.3549	0
Sow Kari	Diourbel	14.7829	-16.1044	0
Sèw Gat	Diourbel	14.7144	-16.5246	0
Sèw Lef	Diourbel	14.7525	-16.4016	0
Sèw Ngaraf	Diourbel	14.711	-16.5212	0
Séo Keur Amadou	Diourbel	14.5731	-15.8646	0
Séo Touré	Diourbel	14.595	-15.8768	0
Séssène	Diourbel	14.65	-16.2833	0
Séssène	Diourbel	14.6309	-16.4844	0
Talakh	Diourbel	14.902	-16.1807	0
Taltal	Diourbel	14.8101	-15.5178	0
Talègne	Diourbel	14.6841	-16.574	0
Tamaké	Diourbel	14.9138	-16.144	0
Tane	Diourbel	14.7279	-15.6391	0
Taofir	Diourbel	14.8167	-15.9	0
Taoua	Diourbel	14.7333	-16.45	0
Taoua Gou	Diourbel	14.7333	-16.45	0
Tassar	Diourbel	14.8154	-16.5048	0
Tawa	Diourbel	14.7592	-16.0706	0
Tawa	Diourbel	14.8849	-16.2842	0
Tawa Fal	Diourbel	14.9791	-16.5529	0
Tawa Mbayar	Diourbel	14.7894	-16.1483	0
Tawfekh	Diourbel	14.9567	-15.8809	0
Tawfekh Darou	Diourbel	14.6357	-15.8174	0
Tawfèkh	Diourbel	14.6348	-16.2549	0
Tawfèkh Fal	Diourbel	14.9293	-16.0787	0
Tayré	Diourbel	14.7088	-16.1051	0
Tayré Sérèr	Diourbel	14.6985	-16.1009	0
Taïba Bèp	Diourbel	14.9199	-16.3652	0
Taïba Dakhar	Diourbel	14.8926	-16.2779	0
Taïba Kalom	Diourbel	14.901	-16.3203	0
Taïba Khaye	Diourbel	14.9007	-16.347	0
Taïba Moutoufa	Diourbel	14.7971	-16.3001	0
Taïba Ndaw	Diourbel	14.9071	-16.2556	0
Taïba Ndiagne	Diourbel	14.9344	-16.2545	0
Taïba Peul	Diourbel	14.908	-16.3819	0
Taïba Santhie	Diourbel	14.9446	-16.2431	0
Taïba Sérèr	Diourbel	14.901	-16.3111	0
Taïba Tiarène	Diourbel	14.7181	-15.9823	0
Taïba Tiékène	Diourbel	14.7273	-15.9808	0
Taïf Diangou	Diourbel	14.7463	-15.648	0
Taïnabé	Diourbel	14.733	-15.9618	0
Teug Dapa	Diourbel	14.7316	-16.2908	0
Teung Sérére	Diourbel	14.7011	-16.2142	0
Teung Wolof	Diourbel	14.692	-16.2014	0
Teungué	Diourbel	14.6833	-16.2167	0
Thilmakha	Diourbel	14.7603	-16.5011	0
Thilmakha Ndioum	Diourbel	14.8701	-16.5367	0
Thissé	Diourbel	14.7757	-16.1857	0
Thisséyène	Diourbel	14.9739	-16.373	0
Tiabouguel	Diourbel	14.8111	-15.6769	0
Tiagal	Diourbel	14.9422	-16.4822	0
Tiakh	Diourbel	14.8202	-16.1281	0
Tiakhami	Diourbel	14.96	-16.3563	0
Tiakhami Niassène	Diourbel	14.9522	-16.3572	0
Tiakhami Touré	Diourbel	14.9634	-16.3454	0
Tiakhar	Diourbel	14.6981	-16.3606	0
Tiala	Diourbel	14.5667	-15.8333	0
Tiala	Diourbel	14.8586	-16.5334	0
Tiali	Diourbel	14.7629	-16.251	0
Tialène	Diourbel	14.9505	-16.3802	0
Tialé	Diourbel	14.6939	-15.9936	0
Tialé	Diourbel	14.7352	-16.1922	0
Tialé	Diourbel	14.7273	-16.4433	0
Tialé Gnik	Diourbel	14.9057	-16.5022	0
Tialé Mabour	Diourbel	14.9282	-16.6618	0
Tiamb	Diourbel	14.8505	-16.4868	0
Tiambène	Diourbel	14.7247	-15.6503	0
Tiamène	Diourbel	14.798	-16.5299	0
Tiamène	Diourbel	14.8735	-16.2049	0
Tiaméne	Diourbel	14.866	-16.3761	0
Tiandiagne	Diourbel	14.648	-16.1318	0
Tiandigué	Diourbel	14.7238	-16.1929	0
Tiar Gram	Diourbel	14.9614	-16.3946	0
Tiarène	Diourbel	14.7763	-16.4069	0
Tiarène	Diourbel	14.9907	-16.3903	0
Tiarène	Diourbel	14.9493	-15.9596	0
Tiarène Diamma	Diourbel	14.7579	-16.2144	0
Tiaski	Diourbel	14.9226	-16.0446	0
Tiatiao	Diourbel	14.75	-16.6	0
Tiatiao	Diourbel	14.7167	-16.5167	0
Tiatiaw	Diourbel	14.7034	-16.3492	0
Tiatiaw	Diourbel	14.7037	-16.4354	0
Tiatiaw Khang	Diourbel	14.8205	-16.6134	0
Tiavène	Diourbel	14.95	-16.15	0
Tiawaré	Diourbel	14.8799	-16.5573	0
Tiawène	Diourbel	14.8219	-15.9418	0
Tiaytou	Diourbel	14.9335	-16.4097	0
Tiaïfali Peul	Diourbel	14.8213	-15.8576	0
Tibo	Diourbel	14.8485	-16.4053	0
Tieul	Diourbel	14.9546	-16.5351	0
Tieul	Diourbel	14.8612	-16.5206	0
Tieul Mbèr	Diourbel	14.9244	-16.3874	0
Tikouli	Diourbel	14.65	-16.3667	0
Tilom Ténéfoul	Diourbel	14.58	-16.1743	0
Tilène	Diourbel	14.7894	-15.9717	0
Tindodi	Diourbel	14.9003	-15.8424	0
Tinène	Diourbel	14.9484	-16.3704	0
Tiobé	Diourbel	14.6487	-16.0759	0
Tiobé Sène	Diourbel	14.6317	-16.0924	0
Tiobé Sérèr	Diourbel	14.6309	-16.0757	0
Tiodiogoye	Diourbel	14.6265	-16.3808	0
Tiokhol	Diourbel	14.9881	-16.4606	0
Tiokhèm	Diourbel	14.7028	-16.2718	0
Tiokèm	Diourbel	14.7969	-16.3996	0
Tiolom	Diourbel	14.6907	-16.2763	0
Tiolèl	Diourbel	14.8667	-15.8333	0
Tiomboli	Diourbel	14.8667	-16.2698	0
Tiombé	Diourbel	14.7645	-16.0554	0
Tionordé	Diourbel	14.7678	-15.4888	0
Tiouko	Diourbel	14.7333	-16.3833	0
Tioumb Sar	Diourbel	14.9492	-15.9413	0
Tioumb Touré	Diourbel	14.9568	-15.9352	0
Tiourène	Diourbel	14.9706	-15.8263	0
Tiouthie	Diourbel	14.7589	-16.1481	0
Tioutoun	Diourbel	14.6474	-16.2945	0
Tip Nar	Diourbel	14.6815	-15.8519	0
Tissé	Diourbel	14.7464	-15.9337	0
Tissé	Diourbel	14.807	-15.6813	0
Tissé Deux	Diourbel	14.9291	-15.977	0
Tiègne	Diourbel	14.7365	-16.3537	0
Tièkane	Diourbel	14.9715	-16.368	0
Tièlé	Diourbel	14.7	-15.9833	0
Tièngou	Diourbel	14.763	-15.824	0
Tiènthie Deux	Diourbel	14.7829	-16.0472	0
Tiènthie Un	Diourbel	14.7944	-16.0526	0
Tièye	Diourbel	14.8438	-16.169	0
Tiébo	Diourbel	14.6333	-16.2333	100289
Tiégone	Diourbel	14.8419	-16.2312	0
Tiékène	Diourbel	14.7867	-16.3688	0
Tiékène	Diourbel	14.7512	-16.1532	0
Tiékène	Diourbel	14.7068	-15.9715	0
Tiékène Mourid	Diourbel	14.7506	-16.1432	0
Tiénaba	Diourbel	14.9889	-16.4911	0
Tiéndieng	Diourbel	14.7669	-16.2433	0
Tiénène	Diourbel	14.8157	-16.5516	0
Tiénène	Diourbel	14.7	-15.9333	0
Tiéyène	Diourbel	14.8508	-16.4478	0
Tiêp Lambaye	Diourbel	14.843	-16.4919	0
Tiêp Panathie	Diourbel	14.8505	-16.4732	0
Tlioki	Diourbel	14.9667	-16.0333	0
Tok Diadji	Diourbel	14.6517	-16.4812	0
Tok Ngol	Diourbel	14.6456	-16.3233	0
Toki Gare	Diourbel	14.5943	-16.1498	0
Toki Sérèr	Diourbel	14.6022	-16.1374	0
Toki Toucouleur	Diourbel	14.5877	-16.1353	0
Tonghor	Diourbel	14.9723	-16.45	0
Touba	Diourbel	14.8623	-15.8753	1120824
Touba Fal	Diourbel	14.8664	-15.9932	0
Touba Guédé	Diourbel	14.8812	-15.8736	0
Touba Kane	Diourbel	14.7039	-16.0142	0
Touba Kaèl	Diourbel	14.6718	-15.8839	0
Touba Mbayar	Diourbel	14.6176	-16.2606	0
Touba Mboul	Diourbel	14.571	-15.9517	0
Touba Mourid	Diourbel	14.5818	-16.0305	0
Touba Mékhé	Diourbel	14.7855	-16.1649	0
Touba Ndiawaldé	Diourbel	14.8453	-15.9654	0
Touba Ndoga	Diourbel	14.56	-15.9778	0
Touba Ndoka	Diourbel	14.5686	-16.0214	0
Touba Sourang	Diourbel	14.9079	-15.7432	0
Touba Tissé	Diourbel	14.7797	-15.6953	0
Toubé	Diourbel	14.6895	-16.5845	0
Toubé	Diourbel	14.719	-16.5026	0
Toubé	Diourbel	14.7633	-16.3125	0
Toubé Mbéyène	Diourbel	14.9401	-16.1215	0
Tougouthie	Diourbel	14.7944	-16.5084	0
Toulane	Diourbel	14.6298	-16.3509	0
Touré	Diourbel	14.8167	-15.75	0
Touré Mbond	Diourbel	14.7262	-16.2216	0
Téwél Keur Massèye	Diourbel	14.6532	-15.8726	0
Wadji	Diourbel	14.7445	-16.4381	0
Wakhal Diamm	Diourbel	14.7544	-16.333	0
Wakhal Diamm	Diourbel	14.6368	-16.6086	0
Walalane	Diourbel	14.5542	-16.078	0
Wanga	Diourbel	14.6162	-16.0603	0
Wogueu	Diourbel	14.8242	-15.6795	0
Yadou	Diourbel	14.9424	-16.5268	0
Yadou	Diourbel	14.6638	-16.3943	0
Yagne	Diourbel	14.8038	-15.9405	0
Yamal	Diourbel	14.7644	-16.2888	0
Yamana	Diourbel	14.9	-15.7833	0
Yarouwaye	Diourbel	14.7487	-16.3382	0
Yassi	Diourbel	14.8343	-16.0436	0
Yavène	Diourbel	14.7671	-15.9331	0
Yoli	Diourbel	14.5838	-16.2247	0
Yongo	Diourbel	14.7851	-15.7498	0
Yâ Gouye	Diourbel	14.7178	-16.3615	0
Yâri Gouye	Diourbel	14.6352	-15.8887	0
Yâye	Diourbel	14.6617	-16.5786	0
Yélé	Diourbel	14.5333	-15.95	0
Yéri	Diourbel	14.8242	-16.1007	0
Aldiouma Dangue	Fatick	14.5167	-15.6763	0
Alika	Fatick	14.6833	-15.6333	0
Araldé Diâbèl	Fatick	14.605	-15.5968	0
Até Ndiaye	Fatick	14.35	-15.85	0
Aye Noumane	Fatick	14.4667	-15.7333	0
Aïdara	Fatick	13.6815	-16.4286	0
Aïnoumane	Fatick	13.9689	-16.228	0
Babali	Fatick	13.801	-16.5488	0
Babou Naïm	Fatick	14.5333	-15.8333	0
Baboucar Toumbou	Fatick	14.109	-16.7191	900
Badiane Nèm	Fatick	14.6167	-15.75	0
Badokh	Fatick	13.8816	-16.4105	0
Badoudou	Fatick	13.8512	-16.4022	0
Bagadadji	Fatick	13.6512	-16.4892	0
Bahdad	Fatick	14.5411	-15.7822	0
Bak	Fatick	14.2	-16.0167	0
Bakhalou	Fatick	13.8498	-16.5782	0
Bakhamaye	Fatick	14.4009	-16.5889	0
Bako Gour	Fatick	14.5445	-16.216	0
Bakobof	Fatick	14.3813	-16.6802	0
Bakoling	Fatick	13.8063	-16.4712	0
Bakous	Fatick	13.7345	-16.6059	0
Bakèm Tataguine	Fatick	14.4258	-16.6305	0
Balol	Fatick	14.7155	-15.7644	0
Bamako	Fatick	13.7718	-16.4609	0
Bambadala Kontèyène	Fatick	13.7119	-16.3008	0
Bambadala Tiakho	Fatick	13.7053	-16.3	0
Bambou	Fatick	14.0773	-16.3979	0
Bambougar El Hadj	Fatick	13.8942	-16.4093	0
Bambougar Malik	Fatick	13.913	-16.4047	0
Bambougar Massamba	Fatick	13.9284	-16.4086	0
Bamboung	Fatick	13.8348	-16.5413	0
Banane	Fatick	14.4847	-16.1569	0
Bandandar	Fatick	14.0358	-16.3151	0
Bandiagara	Fatick	13.6885	-16.4295	0
Bandiala	Fatick	13.66	-16.5717	0
Bandiou Kouta	Fatick	13.7828	-16.5074	0
Bandouf	Fatick	13.7734	-16.4277	0
Bangadji Samb	Fatick	14.7086	-15.7854	0
Bangaler	Fatick	13.9571	-16.4199	0
Banghadji	Fatick	14.566	-16.2476	0
Banghania	Fatick	13.7396	-16.2112	0
Bani	Fatick	13.7629	-16.4764	0
Banou	Fatick	14.4333	-15.7833	0
Bantanding	Fatick	13.6038	-16.2857	0
Bané	Fatick	14.6743	-15.6697	0
Baout	Fatick	14.0478	-16.5331	0
Bari Ndondol Un	Fatick	14.5964	-16.502	0
Bari Sine	Fatick	14.5888	-16.5137	0
Baria	Fatick	13.6669	-16.1858	0
Barkayel	Fatick	14.4078	-16.1128	0
Bassar	Fatick	13.9196	-16.608	0
Bassine	Fatick	13.9032	-16.4502	0
Bassoul	Fatick	13.9256	-16.5898	0
Batamar	Fatick	13.7982	-16.3883	0
Baye Ndiaye	Fatick	14.4967	-15.6855	0
Bayi	Fatick	14.0068	-16.4169	0
Baïti	Fatick	13.5833	-16.2333	0
Bidjika	Fatick	14.35	-15.8333	0
Bikol	Fatick	14.4171	-16.4506	0
Bil	Fatick	14.4281	-15.9871	0
Bil Mbaké	Fatick	14.4376	-16.0279	0
Bine Abdou Guèye	Fatick	14.4333	-15.9333	0
Binnguer	Fatick	14.5333	-15.8333	0
Bissimillah	Fatick	14.3501	-16.4758	0
Bof Mbalèm	Fatick	14.4889	-16.2302	0
Bof Poupouye	Fatick	14.4677	-16.2439	0
Boki Borga	Fatick	14.489	-15.6656	0
Bokiloki	Fatick	14.6168	-15.6883	0
Boli	Fatick	14.0737	-16.3135	0
Boli Keur Mandaw	Fatick	14.0729	-16.3061	0
Bolonas	Fatick	14.0833	-16.5667	0
Bossinkang	Fatick	13.7342	-16.5714	0
Boubene	Fatick	14.5667	-15.8	0
Bougoula	Fatick	13.7163	-16.4205	0
Bougoula	Fatick	13.7056	-16.4287	0
Boul Fassow	Fatick	14.4641	-16.1751	0
Bouli	Fatick	13.9695	-16.3853	0
Bouli Birane	Fatick	14.4333	-15.8	0
Bouliéri	Fatick	14.6333	-15.6333	0
Bountou Mbar	Fatick	14.573	-15.7328	0
Bouré	Fatick	14.7333	-15.5167	0
Boustane	Fatick	14.5398	-16.1217	0
Boustane Diaw	Fatick	14.5555	-15.644	0
Boustane Lô	Fatick	14.527	-16.1084	0
Boutilimit	Fatick	13.6764	-16.4292	0
Bow	Fatick	13.7884	-16.2954	0
Boyar Ndiodiom	Fatick	14.2865	-16.6632	0
Boyar Tok	Fatick	14.2931	-16.6685	0
Bâk	Fatick	14.5369	-16.3406	0
Bâko Dior	Fatick	14.5555	-16.2875	0
Bâko Mboye Tol	Fatick	14.5726	-16.2856	0
Bélé	Fatick	14.4553	-15.9457	0
Béne Coupe-Coupe	Fatick	14.5939	-15.7381	0
Béne Wolof	Fatick	14.6147	-15.7038	0
Bétenti	Fatick	13.6909	-16.6303	0
Bétéou	Fatick	14.4833	-15.8833	0
Colobane	Fatick	14.6441	-15.7076	0
Dabi Ngama	Fatick	14.515	-15.7629	0
Dadél	Fatick	14.5779	-16.4518	0
Daga Babou	Fatick	13.7575	-16.4454	0
Daga Biram Deux	Fatick	13.9108	-16.213	0
Daga Béra	Fatick	13.8285	-16.3815	0
Daga Diawdine	Fatick	13.8621	-16.3511	0
Daga Diéri Sérèr	Fatick	13.9366	-16.2356	0
Daga Guirène	Fatick	14.1833	-15.9667	0
Daga Ndoup	Fatick	13.6791	-16.3506	0
Daga Soukoum	Fatick	14.0345	-16.3721	0
Dagagne	Fatick	14.4333	-15.9667	0
Dak	Fatick	14.2856	-16.6253	0
Dam	Fatick	14.7833	-15.6333	0
Dam	Fatick	14.4768	-16.4706	0
Dang	Fatick	14.4208	-16.5386	0
Dantakhoun	Fatick	13.8464	-16.3313	0
Dara Darou Marnane	Fatick	14.5518	-15.5873	0
Dara Darou Minam	Fatick	14.5619	-15.5489	0
Dara Nimane	Fatick	14.8333	-15.6833	0
Dara Salam Nyipguel	Fatick	14.4756	-15.9555	0
Dara Sidy	Fatick	14.5321	-15.8772	0
Dara Touba Khelcom	Fatick	14.5733	-15.5135	0
Darou	Fatick	14.5742	-16.4099	0
Darou	Fatick	14.3	-16.0167	0
Darou	Fatick	13.8986	-16.4769	0
Darou Baïlé	Fatick	14.5399	-15.6449	0
Darou Baïré	Fatick	14.5692	-15.7042	0
Darou Bil	Fatick	14.4005	-16.0161	0
Darou Guèye	Fatick	14.4497	-16.0353	0
Darou Ibrahima Sagnane	Fatick	13.7517	-16.3389	0
Darou Keur Mamour Khorédia	Fatick	13.8863	-16.2312	0
Darou Khoudous	Fatick	14.6624	-15.6614	0
Darou Marnane	Fatick	14.4593	-15.8788	0
Darou Mayaye	Fatick	14.45	-15.8833	0
Darou Mina	Fatick	14.7667	-15.7	0
Darou Miname	Fatick	14.5849	-15.7871	0
Darou Mohine	Fatick	14.6517	-15.5944	0
Darou Ndiaye	Fatick	14.5738	-15.6576	0
Darou Ndiaye	Fatick	14.7176	-15.7367	0
Darou Pal	Fatick	14.5167	-15.6833	0
Darou Sakor	Fatick	14.6032	-15.7744	0
Darou Salam	Fatick	14.5393	-15.8569	0
Darou Salam	Fatick	14.5528	-16.1675	0
Darou Salam Khouma	Fatick	13.8811	-16.3234	0
Darou Samba	Fatick	14.6982	-15.6694	0
Darou Sourang	Fatick	14.5129	-15.8045	0
Darou Tiam	Fatick	14.6	-15.6333	0
Dassilamé Missira	Fatick	13.6639	-16.423	0
Dassilamé Santhie	Fatick	13.6661	-16.4287	0
Dassilamé Sérèr	Fatick	13.7504	-16.4776	0
Demba Koura	Fatick	14.7333	-15.5167	0
Demba Ndiaté	Fatick	14.501	-16.1782	0
Demba Ngom Faye	Fatick	14.4	-15.9	0
Diabi Koundél	Fatick	14.4463	-16.1398	0
Diadiakh	Fatick	14.5872	-16.414	0
Diadiel	Fatick	14.474	-16.2612	0
Diagane Barka	Fatick	14.019	-16.2944	0
Diagane Sader	Fatick	13.9267	-16.2778	0
Diagane Sanghane	Fatick	14.0274	-16.2915	0
Diaglé	Fatick	14.3753	-16.3105	0
Diaglé	Fatick	13.8496	-16.3696	0
Diak	Fatick	14.4	-16.3833	0
Diakhao	Fatick	14.4632	-16.2894	4398
Dialaba Deux	Fatick	14.006	-16.317	0
Dialaba Un	Fatick	14.0017	-16.3129	0
Dialassène	Fatick	14.4164	-16.2589	0
Dialène Mbaye	Fatick	14.5667	-15.8333	0
Diam Bougou	Fatick	14.5667	-16.3	0
Diamagueun	Fatick	13.8722	-16.3458	0
Diamaguène	Fatick	14.4833	-16.1	0
Diambal	Fatick	14.4527	-16.5988	0
Diambey Peul	Fatick	14.3967	-16.1914	0
Diambey Wolof	Fatick	14.4063	-16.186	0
Diamboye	Fatick	14.7333	-15.5167	0
Diamniadio	Fatick	14.0667	-16.5741	0
Diamsène	Fatick	14.4767	-16.191	0
Diandoumé	Fatick	14.5833	-16.4167	0
Diangane Keur Gadji	Fatick	13.6456	-16.3115	0
Dianori	Fatick	13.9692	-16.7588	0
Diané	Fatick	14.5687	-16.3115	0
Diaoulé	Fatick	14.3759	-16.2217	0
Diarno	Fatick	14.3479	-16.2429	0
Diarère	Fatick	14.4438	-16.4835	0
Dibane	Fatick	14.4167	-16.3667	0
Diengui	Fatick	14.6744	-15.6473	0
Dili Loum	Fatick	14.4167	-15.9	0
Dimessira	Fatick	14.0667	-16.6	0
Diob	Fatick	14.3656	-16.5915	0
Diobaye	Fatick	14.2873	-16.4425	0
Diofandor	Fatick	13.8259	-16.6108	0
Diofane	Fatick	14.4335	-16.5769	0
Diofior	Fatick	14.1899	-16.6609	11312
Diogane	Fatick	13.8752	-16.6442	0
Diogane Sossé	Fatick	13.863	-16.6486	0
Diogayo	Fatick	13.8129	-16.5736	0
Diohine	Fatick	14.5028	-16.5022	0
Diok	Fatick	14.436	-16.3117	0
Diokoul	Fatick	14.3667	-16.4333	0
Diokoul	Fatick	14.4982	-16.443	0
Diomegueul	Fatick	14.3333	-16.6333	0
Dionewar	Fatick	13.8879	-16.73	0
Diop Diofène	Fatick	14.3333	-16.6	0
Diop Ndofène	Fatick	14.3956	-16.5378	0
Dioral	Fatick	14.342	-16.4821	0
Diossong	Fatick	13.9295	-16.3345	0
Dioub Sérèr	Fatick	14.5434	-16.3498	0
Dioub Toucouleur	Fatick	14.5456	-16.3711	0
Dioud Nguèl	Fatick	14.4245	-16.0089	0
Dioudy Peul	Fatick	14.4627	-15.8995	0
Dioufène	Fatick	14.4204	-15.9399	0
Dioumanegar	Fatick	14.0167	-16.6167	0
Diouroup	Fatick	14.3671	-16.5254	0
Diouroup Famak	Fatick	14.3493	-16.5303	0
Diouroup Ndoundour	Fatick	14.3434	-16.5241	0
Diouré	Fatick	13.9016	-16.6475	0
Diâbèl	Fatick	14.5865	-15.5741	0
Dièndér	Fatick	14.4575	-16.1126	0
Diélmon	Fatick	13.726	-16.413	0
Djambou	Fatick	14.7167	-15.5667	0
Djamé	Fatick	14.6702	-15.5957	0
Djené	Fatick	14.55	-15.75	0
Djida	Fatick	13.5946	-16.3713	0
Djifèr	Fatick	13.9372	-16.7625	0
Djilas	Fatick	14.2499	-16.6336	0
Djilor	Fatick	14.1161	-16.6573	0
Djilor	Fatick	14.0576	-16.3343	0
Djinak Bara	Fatick	13.6011	-16.5489	0
Djinak Diatako	Fatick	13.6019	-16.5409	0
Djirnda	Fatick	13.9802	-16.608	0
Dokh	Fatick	14.3906	-16.6607	0
Doni Taïf	Fatick	14.8667	-15.6333	0
Doudam	Fatick	14.384	-16.5111	0
Doyoli	Fatick	14.4546	-16.0223	0
Déguère Deux	Fatick	14.5514	-15.6875	0
Dékhaye	Fatick	14.4665	-15.8429	0
Falia	Fatick	13.9182	-16.6802	0
Fambe	Fatick	14.4381	-16.2798	0
Fambine	Fatick	13.997	-16.5957	0
Fandane	Fatick	14.4547	-16.2273	0
Fangane	Fatick	14.3597	-16.5635	0
Faoye	Fatick	14.2281	-16.5756	0
Farar	Fatick	14.5098	-16.2396	0
Fas Matar	Fatick	13.9339	-16.2133	0
Fas Tiékène	Fatick	13.6081	-16.2575	0
Fas Tiékène	Fatick	13.6554	-16.3457	0
Fatick	Fatick	14.3324	-16.4051	39361
Fayako	Fatick	14.1958	-16.4178	0
Fayil	Fatick	14.2883	-16.4875	0
Fimla	Fatick	14.1332	-16.6615	0
Firdawsi	Fatick	13.7633	-16.4513	0
Foundiougne	Fatick	14.1227	-16.4692	6824
Foura	Fatick	13.7797	-16.6122	0
Félane	Fatick	14.0262	-16.4429	0
Félane	Fatick	14.3946	-16.2569	0
Gab Diamm	Fatick	14.3359	-16.6197	0
Gadiak	Fatick	14.5567	-16.5216	0
Gadji	Fatick	14.3667	-16.1	0
Gagué Bokar	Fatick	14.1341	-16.3879	0
Gagué Chérif	Fatick	14.1173	-16.3513	0
Gagué Modi	Fatick	14.1318	-16.3969	0
Galangué	Fatick	14.3529	-16.2208	0
Gapassél	Fatick	14.5296	-16.088	0
Garage Bambara	Fatick	14.4182	-16.6327	0
Gassél	Fatick	14.4363	-15.8175	0
Gatié	Fatick	14.3333	-15.9	0
Gaye	Fatick	14.7	-15.6833	0
Gazel	Fatick	14.4167	-16.15	0
Gaïna Mbar	Fatick	14.6969	-15.6469	0
Godaguèn	Fatick	14.4131	-16.3859	0
Godaguèn Dak	Fatick	14.4878	-16.3623	0
Gorgui Diouf	Fatick	14.4333	-15.95	0
Gossas Village	Fatick	14.4841	-16.1138	15630
Goudèm Sidi	Fatick	14.0092	-16.3953	0
Goudèm Sonar	Fatick	14.0058	-16.3846	0
Gouk	Fatick	13.8709	-16.5311	0
Gouye Méw	Fatick	14.4931	-15.9273	0
Gouye Sambabane	Fatick	14.5833	-15.6833	0
Guer	Fatick	14.7167	-15.65	0
Guimsam	Fatick	13.9587	-16.7371	0
Guiné	Fatick	14.5167	-16.0167	0
Guira	Fatick	13.8437	-16.5178	0
Guirnda	Fatick	13.9833	-16.6167	0
Hamdallaye	Fatick	13.7246	-16.5216	0
Houdolo	Fatick	13.6738	-16.5527	0
Idaoa	Fatick	14.8167	-15.65	0
Kabaye	Fatick	13.7737	-16.5329	0
Kadiél	Fatick	14.4125	-15.8574	0
Kalom Ndofane	Fatick	14.5318	-16.4172	0
Kamatane Bambara	Fatick	14.1249	-16.2769	0
Kamatane Mbar	Fatick	14.1192	-16.2715	0
Kamiak	Fatick	14.4566	-16.5566	0
Kandiou Deux	Fatick	14.3744	-16.3838	0
Kandiou Un	Fatick	14.3722	-16.4038	0
Kansola	Fatick	13.0011	-16.5511	0
Kanène	Fatick	14.4275	-15.8226	0
Karang Bah	Fatick	13.6019	-16.4441	0
Karang Poste	Fatick	13.6066	-16.4243	14624
Karantaba	Fatick	13.6445	-16.4163	0
Kassé Médina	Fatick	14.3167	-15.85	0
Katior	Fatick	13.6895	-16.5129	0
Kay Wali	Fatick	14.441	-15.9417	0
Kaèl Mbobo	Fatick	14.6781	-15.7848	0
Kaïga	Fatick	14.5833	-15.8	0
Keur Abdou Fana	Fatick	13.9692	-16.2395	0
Keur Abdou Yassine	Fatick	13.9145	-16.3148	0
Keur Ade	Fatick	14.3821	-16.2694	0
Keur Al Hamdou	Fatick	14.1486	-16.674	0
Keur Ali Guèye	Fatick	13.6319	-16.3576	0
Keur Ali Guèye	Fatick	14.0101	-16.3025	0
Keur Ali Ndiaye	Fatick	14.4468	-16.1193	0
Keur Ali Yassine	Fatick	13.6943	-16.3604	0
Keur Aliou Ba	Fatick	13.8829	-16.3343	0
Keur Aliou Bâ	Fatick	13.7252	-16.4619	0
Keur Aliou Diop	Fatick	13.9602	-16.4008	0
Keur Aliou Diop	Fatick	13.7065	-16.3602	0
Keur Aliou Guèye	Fatick	13.7831	-16.4123	0
Keur Aliou Sèye	Fatick	14.6667	-15.6333	0
Keur Aliou Touré	Fatick	14.5357	-16.0577	0
Keur Amadou Sèye	Fatick	14.5764	-15.7821	0
Keur Amat Seun	Fatick	13.8689	-16.2729	0
Keur Ambou	Fatick	13.6816	-16.3351	0
Keur Andala	Fatick	13.7285	-16.2633	0
Keur Andala	Fatick	14.4396	-16.0857	0
Keur Aïp Ka	Fatick	13.6539	-16.3255	0
Keur Babakar Toumbou	Fatick	14.1088	-16.719	900
Keur Babou Kani	Fatick	13.9058	-16.237	0
Keur Babou Koumba	Fatick	13.7329	-16.3107	0
Keur Babou Nditi	Fatick	13.7842	-16.2786	0
Keur Babou Penda	Fatick	13.7438	-16.3037	0
Keur Badou Diouf	Fatick	13.8115	-16.3826	0
Keur Baka Diaw	Fatick	13.7386	-16.2947	0
Keur Bakar Santhie	Fatick	13.8185	-16.2477	0
Keur Bakari	Fatick	13.9721	-16.2793	0
Keur Bakari Diambang	Fatick	14.0333	-16.4276	0
Keur Bakari Kamara	Fatick	13.6097	-16.3823	0
Keur Bala Mari	Fatick	13.7384	-16.1945	0
Keur Bala Ndiaye	Fatick	14.4669	-16.0531	0
Keur Bano	Fatick	14.0333	-16.25	0
Keur Birane Khourédia	Fatick	13.9041	-16.2769	0
Keur Bissik	Fatick	14.4205	-16.2371	0
Keur Bondji	Fatick	14.1174	-16.3179	0
Keur Bourama	Fatick	13.862	-16.3326	0
Keur Bourama Bobo	Fatick	13.6006	-16.2823	0
Keur Boye	Fatick	13.7324	-16.1688	0
Keur Cheikhou	Fatick	14.0439	-16.4127	0
Keur Daka Maïssata	Fatick	13.9841	-16.3073	0
Keur Demba Diabaye	Fatick	14.4167	-15.95	0
Keur Demba Khokh	Fatick	14.5025	-16.1258	0
Keur Diabel Soun	Fatick	13.707	-16.3458	0
Keur Diamb Sar	Fatick	13.7706	-16.4156	0
Keur Diène	Fatick	13.5925	-16.2796	0
Keur Diégane	Fatick	14.5667	-15.6833	0
Keur Djibril Sène	Fatick	13.921	-16.2271	0
Keur Djibrine Diop	Fatick	14.7667	-15.7	0
Keur Djindak	Fatick	14.1217	-16.2889	0
Keur El Hadji Diéne	Fatick	13.6432	-16.2543	0
Keur Fafa Wéli	Fatick	13.9488	-16.3327	0
Keur Farba	Fatick	14.0333	-16.3833	0
Keur Galo	Fatick	13.8963	-16.3387	0
Keur Gaye Yassine	Fatick	13.8646	-16.2413	0
Keur Ibra Diaw	Fatick	14.6388	-15.6452	0
Keur Ibra Fal	Fatick	14.5273	-15.6866	0
Keur Katim Guèye	Fatick	13.8142	-16.2525	0
Keur Khali Mboup	Fatick	14.4088	-16.1211	0
Keur Khali Sar	Fatick	13.6037	-16.3752	0
Keur Khoureïssi	Fatick	13.9334	-16.3577	0
Keur Lahine Fatim	Fatick	13.7309	-16.3856	0
Keur Lahine Fatim	Fatick	13.9076	-16.3011	0
Keur Lahine Khorédia	Fatick	13.7622	-16.2377	0
Keur Lahine Nditi	Fatick	13.9899	-16.3019	0
Keur Lahine Sokhna	Fatick	13.7282	-16.2212	0
Keur Lahine Sossé	Fatick	13.7491	-16.418	0
Keur Lamine Diamé	Fatick	13.6191	-16.2614	0
Keur Madiaka	Fatick	14.5667	-15.8333	0
Keur Makadou	Fatick	14.5042	-16.1108	0
Keur Makatim	Fatick	13.8608	-16.2186	0
Keur Makoumba Souna	Fatick	13.735	-16.2446	0
Keur Malaw	Fatick	13.9705	-16.2603	0
Keur Malik Fadi	Fatick	13.778	-16.3649	0
Keur Malindiaye	Fatick	14.55	-15.8333	0
Keur Malo	Fatick	14.6667	-15.6333	0
Keur Mama Lamine	Fatick	13.7811	-16.3829	0
Keur Mamadou Diouf	Fatick	14.3658	-16.4988	0
Keur Mamadou Fatouma	Fatick	13.9806	-16.2267	0
Keur Mamadou Gaye	Fatick	14.6333	-15.6333	0
Keur Mamadou Guèye	Fatick	13.6291	-16.2385	0
Keur Mamadou Ouguel	Fatick	14.5333	-15.6833	0
Keur Mamour Fal	Fatick	13.8752	-16.2301	0
Keur Mamour Sek	Fatick	13.8804	-16.2647	0
Keur Mandiaye Fatim	Fatick	13.7584	-16.2074	0
Keur Manga	Fatick	14.3633	-16.2621	0
Keur Mangari	Fatick	14.3992	-16.6045	0
Keur Maniane	Fatick	13.75	-16.2288	0
Keur Manndiaye	Fatick	14.7333	-15.75	0
Keur Marsala	Fatick	14.4667	-15.8667	0
Keur Martin	Fatick	14.4088	-16.574	0
Keur Masamba Deux	Fatick	14.4387	-15.9867	0
Keur Massamba	Fatick	14.3715	-16.1713	0
Keur Massila	Fatick	14.6	-15.6333	0
Keur Massèye	Fatick	14.3789	-15.8238	0
Keur Mat	Fatick	13.9359	-16.2482	0
Keur Matioro	Fatick	14.0421	-16.3836	0
Keur Mayene Boumbou	Fatick	14.25	-15.9833	0
Keur Mbana	Fatick	13.9923	-16.2994	0
Keur Mbangou	Fatick	13.8885	-16.2728	0
Keur Mbaye Coumba	Fatick	14.5907	-15.6073	0
Keur Mbaye Guèye	Fatick	13.9718	-16.2968	0
Keur Mbaye Mati	Fatick	13.9224	-16.3595	0
Keur Mbaye Niang	Fatick	13.8665	-16.3109	0
Keur Mbous	Fatick	13.9424	-16.2841	0
Keur Moda	Fatick	14.05	-16.35	0
Keur Modi Sala	Fatick	13.8457	-16.2739	0
Keur Modiagne	Fatick	14.4	-15.8833	0
Keur Momat Diaw	Fatick	13.7696	-16.3029	0
Keur Momat Fana	Fatick	13.9234	-16.2877	0
Keur Momat Souna	Fatick	13.6353	-16.2772	0
Keur Momat Tiané	Fatick	13.829	-16.2822	0
Keur Mor Diop	Fatick	14.0324	-16.3631	0
Keur Mor Fatou	Fatick	13.6201	-16.2567	0
Keur Morfal	Fatick	14.5167	-15.7	0
Keur Morgaye Také	Fatick	14.7333	-15.7833	0
Keur Mori	Fatick	14.2833	-15.85	0
Keur Mori Diarété	Fatick	14.2333	-15.8833	0
Keur Moumine Toucouleur	Fatick	14.0099	-16.276	0
Keur Moussa Diara	Fatick	14.1667	-16.7	0
Keur Moussa Séni	Fatick	13.6234	-16.353	0
Keur Méodiouf	Fatick	14.45	-15.95	0
Keur Nama	Fatick	13.8472	-16.2582	0
Keur Ndiaga Mbaye	Fatick	14.4883	-15.7893	0
Keur Ndiankou	Fatick	13.7049	-16.3746	0
Keur Ndiaraté Ngaye	Fatick	14.5	-15.8167	0
Keur Ndiol	Fatick	13.9623	-16.3325	0
Keur Ndiouga	Fatick	14.4613	-16.1347	0
Keur Nghari	Fatick	14.1199	-16.3353	0
Keur Nghatanor	Fatick	13.7434	-16.3117	0
Keur Ngolthie	Fatick	14.5563	-16.3518	0
Keur Ngor	Fatick	14.5993	-15.5922	0
Keur Niamakore	Fatick	14.3167	-15.9333	0
Keur Niaout	Fatick	14.0414	-16.3281	0
Keur Omar	Fatick	14.1038	-16.3234	0
Keur Omar Mbombé	Fatick	13.7242	-16.3766	0
Keur Oumar	Fatick	14.4667	-15.9333	0
Keur Oumar Mbaye	Fatick	14.7044	-15.7486	0
Keur Ousseynou	Fatick	13.6102	-16.3331	0
Keur Paté	Fatick	14.1224	-16.3188	0
Keur Sabassi Tiam	Fatick	13.823	-16.3345	0
Keur Sabatine	Fatick	14.5404	-15.6735	0
Keur Sadia	Fatick	14.3833	-15.9167	0
Keur Sadio Néné	Fatick	13.8585	-16.2883	0
Keur Sadiouka	Fatick	14.3842	-15.9001	0
Keur Sakoki	Fatick	14.5015	-16.1491	0
Keur Saloli Bouya	Fatick	13.6753	-16.3769	0
Keur Saloum	Fatick	13.9575	-16.3744	0
Keur Saloum Diané	Fatick	13.7556	-16.2673	0
Keur Samba Dia	Fatick	14.1308	-16.7273	0
Keur Samba Gueye	Fatick	13.6739	-16.3871	0
Keur Samba Guèye	Fatick	13.652	-16.3621	0
Keur Samba Guèye	Fatick	14.4756	-16.0109	0
Keur Samba Kala	Fatick	13.6148	-16.3484	0
Keur Samba Khodia	Fatick	14.0256	-16.274	0
Keur Samba Nosso	Fatick	13.6231	-16.3701	0
Keur Sambel	Fatick	13.828	-16.3937	0
Keur Sambowole	Fatick	14.5167	-15.9	0
Keur Samboye	Fatick	14.0333	-16.4333	0
Keur Sambéré	Fatick	13.8476	-16.3224	0
Keur Sanou	Fatick	14.55	-15.7	0
Keur Serigne Babondiaye	Fatick	14.7	-15.7333	0
Keur Serigne Bamba	Fatick	13.7491	-16.2904	0
Keur Serigne Baye Falo	Fatick	14.7	-15.7167	0
Keur Serigne Dié	Fatick	13.6941	-16.332	0
Keur Serigne Khodia	Fatick	13.7794	-16.3213	0
Keur Serigne Korka	Fatick	13.7715	-16.2839	0
Keur Serigne Mofar	Fatick	14.4833	-15.8667	0
Keur Set Gueye	Fatick	13.8389	-16.2957	0
Keur Sir Diop	Fatick	14.7167	-15.7667	0
Keur Souleymane	Fatick	13.8503	-16.2657	0
Keur Sèt Gnoukhouba	Fatick	13.9149	-16.3306	0
Keur Sélé Kamara	Fatick	13.863	-16.2962	0
Keur Séni Guèye Deux	Fatick	13.7958	-16.2498	0
Keur Séni Guèye Un	Fatick	13.608	-16.3164	0
Keur Sérigne Diakhaté	Fatick	14.5215	-16.1496	0
Keur Sérigne Diaw	Fatick	14.6107	-15.7661	0
Keur Sérigne Sidi	Fatick	14.45	-15.8667	0
Keur Sét Koumba	Fatick	13.5997	-16.3854	0
Keur Séyni	Fatick	14.3932	-15.8571	0
Keur Tamsir Khodia	Fatick	13.9652	-16.2551	0
Keur Tiendou	Fatick	13.7222	-16.3575	0
Keur Tierno Ngalane	Fatick	13.7146	-16.2495	0
Keur Tiénéké	Fatick	14.1168	-16.251	0
Keur Wali Koumba Hane	Fatick	13.5925	-16.2877	0
Keur Wali Penda	Fatick	14.0417	-16.3546	0
Keur Yabi	Fatick	14.4543	-16.138	0
Keur Yad	Fatick	14.3675	-16.432	0
Keur Yeuwti	Fatick	13.7306	-16.1953	0
Keur Yoro	Fatick	14.1221	-16.3037	0
Keur Yoro	Fatick	14.4386	-16.1964	0
Keur Yoro Diop	Fatick	13.8327	-16.3381	0
Keur Youssou Fal	Fatick	14.5167	-15.7833	0
Keur Élimane	Fatick	13.9335	-16.2962	0
Khapinde	Fatick	14.5248	-16.3703	0
Khar Ngante	Fatick	14.6824	-15.7243	0
Khassous	Fatick	14.4711	-16.5144	0
Khayane	Fatick	14.64	-15.7842	0
Khayane Bambara	Fatick	14.4725	-16.0451	0
Khayane Wolof	Fatick	14.4699	-16.0579	0
Khaybarga	Fatick	14.542	-15.801	0
Khaye Mbayar	Fatick	14.466	-15.9227	0
Khodjil	Fatick	14.3872	-16.2075	0
Khodjil	Fatick	14.4392	-16.524	0
Khodjil Yama	Fatick	14.3433	-16.2327	0
Khondiogne	Fatick	14.3972	-16.6507	0
Khoud Béthie	Fatick	14.5946	-16.4279	0
Khourou Mbaké	Fatick	14.3919	-15.8275	0
Kirang	Fatick	14.4701	-15.9547	0
Koba Aïnoumane	Fatick	13.0683	-16.5803	0
Kobongoye Boundao	Fatick	14.15	-16.7333	0
Kobongoye Deux	Fatick	14.1586	-16.7456	0
Kobongoye Un	Fatick	14.1614	-16.7248	0
Kobossikil	Fatick	14.4629	-16.4392	0
Kolé	Fatick	13.7436	-16.5341	0
Konèm	Fatick	14.4065	-16.444	0
Kora Trois	Fatick	14.3652	-16.1812	0
Kora Un	Fatick	14.3875	-16.173	0
Kortiel	Fatick	14.5112	-15.9501	0
Kossar	Fatick	13.7563	-16.5607	0
Kotiaw	Fatick	14.4355	-16.0691	0
Kotiokh	Fatick	14.4826	-16.5327	0
Kouatine	Fatick	13.8319	-16.3539	0
Koular	Fatick	13.6899	-16.1734	0
Koumbène	Fatick	13.6301	-16.4967	0
Kourkadji	Fatick	14.7167	-15.6	0
Kourène	Fatick	13.8399	-16.6127	0
Koussourèm	Fatick	14.4661	-16.2676	0
Koutourfa	Fatick	14.5333	-15.9167	0
Koyé	Fatick	14.6793	-15.6311	0
Kébé Ansou	Fatick	13.9608	-16.2927	0
Kébé Koudé	Fatick	13.9444	-16.3048	0
Kélé	Fatick	14.5	-15.8667	0
Kémet	Fatick	14.4	-16.05	0
Lakhar	Fatick	14.5125	-16.3537	0
Lakhar	Fatick	14.4976	-16.2998	0
Lambanèm	Fatick	14.5096	-16.4587	0
Lambaye	Fatick	14.0296	-16.3352	0
Landang	Fatick	14.3834	-15.8898	0
Langsar	Fatick	14.5569	-15.7672	0
Languèm	Fatick	14.458	-16.3839	0
Languène	Fatick	14.4333	-16.3667	0
Layène	Fatick	14.4749	-16.1003	0
Limane	Fatick	13.8773	-16.3876	0
Logdir	Fatick	14.4909	-16.4847	0
Loukouk	Fatick	14.564	-16.2176	0
Loukoukou	Fatick	14.319	-16.5271	0
Loul Mboudaye	Fatick	14.3358	-16.6275	0
Loul Ndiodione	Fatick	14.3333	-16.6039	0
Loul Ndour Ndour	Fatick	14.3407	-16.5968	0
Loul Sob	Fatick	14.3448	-16.6073	0
Loul Séssène	Fatick	14.3151	-16.6088	0
Loumbi Diawéli	Fatick	14.5152	-15.6677	0
Loumbél Kéli	Fatick	14.3862	-16.0606	0
Loumbél Mbaye	Fatick	14.406	-16.0658	0
Loumène	Fatick	13.9538	-16.2503	0
Lérane Koli	Fatick	13.9692	-16.3922	0
Lérane Sambou	Fatick	13.9405	-16.3869	0
Léwé	Fatick	14.6268	-15.6247	0
Madina Bacar Sar	Fatick	13.7756	-16.434	0
Madina Mbobo	Fatick	14.671	-15.768	0
Maka Kahone	Fatick	14.15	-16.0167	0
Makal Hadji	Fatick	14.5143	-16.3673	0
Makhmouda	Fatick	13.6508	-16.3946	0
Makoumba Souna	Fatick	13.7167	-16.2833	0
Malka	Fatick	14.4987	-15.9505	0
Mande Keur Diène	Fatick	14.3371	-16.2523	0
Mansarinko	Fatick	13.5957	-16.4824	0
Mansassou	Fatick	13.632	-16.1376	0
Mar Fafako	Fatick	14.0536	-16.6427	0
Mar Lodj	Fatick	14.0443	-16.6788	0
Mar Soulou	Fatick	14.0415	-16.6681	0
Marane	Fatick	14.4345	-16.2857	0
Marout	Fatick	14.3858	-16.2764	0
Massa	Fatick	14.3128	-16.499	0
Massar	Fatick	14.3752	-16.2571	0
Maya	Fatick	13.9927	-16.5743	0
Mayaye	Fatick	14.428	-15.8813	0
Mbadakhane	Fatick	14.4141	-16.3674	0
Mbadane	Fatick	13.6817	-16.3078	0
Mbadat	Fatick	14.5322	-16.3589	0
Mbadianène	Fatick	14.6478	-15.7585	0
Mbafaye	Fatick	14.4271	-16.4037	0
Mbak Gaout	Fatick	14.5552	-16.2353	0
Mbakhane	Fatick	14.5627	-16.396	0
Mbalèm	Fatick	14.4511	-16.2203	0
Mbalèm	Fatick	13.8538	-16.3669	0
Mbam	Fatick	14.1208	-16.4359	0
Mbamane	Fatick	14.4013	-16.3212	0
Mban Djigane	Fatick	14.3886	-15.8508	0
Mbane	Fatick	14.3788	-16.4181	0
Mbar	Fatick	14.5374	-15.7589	0
Mbar Baouane	Fatick	14.5367	-15.7181	0
Mbar Peul	Fatick	14.55	-15.75	0
Mbassis	Fatick	14.0824	-16.4278	0
Mbassis	Fatick	14.4076	-16.4977	0
Mbassis	Fatick	14.3673	-16.6796	0
Mbaye Minké	Fatick	14.5833	-16.4	0
Mbayène	Fatick	14.6667	-15.6667	0
Mbayène	Fatick	14.5833	-15.7667	0
Mbel Bouk	Fatick	14.4236	-16.2834	0
Mbelakadiaw Khabane	Fatick	14.3437	-16.2879	0
Mbelkhokh	Fatick	14.4842	-15.832	0
Mbelkmor	Fatick	14.5167	-15.8333	0
Mbelméw	Fatick	14.4435	-16.5885	0
Mbengane	Fatick	14.433	-16.1791	0
Mbil	Fatick	13.9857	-16.3901	0
Mbinondar	Fatick	14.479	-16.4547	0
Mbirk	Fatick	14.2833	-16.35	0
Mbiskit	Fatick	13.7628	-16.4216	0
Mbissel	Fatick	14.1447	-16.7454	0
Mboki Barguèl	Fatick	14.526	-15.6459	0
Mboltogne	Fatick	14.5044	-16.3962	0
Mbos Ndiamb	Fatick	14.4683	-16.067	4347
Mbotil Kop	Fatick	14.3177	-16.2862	0
Mbotil Kop	Fatick	14.2977	-16.2946	0
Mbotil Ndone	Fatick	14.4242	-16.2968	0
Mboubane	Fatick	14.376	-16.5687	0
Mboudaye	Fatick	14.3955	-16.0898	0
Mboudaye	Fatick	14.4019	-16.4267	0
Mboukoutour	Fatick	14.4333	-16.45	0
Mboul Diamé	Fatick	13.888	-16.3774	0
Mboul Souka	Fatick	14.5144	-16.3446	0
Mbouloum	Fatick	13.8945	-16.3639	0
Mbouma Deux	Fatick	14.3601	-16.3254	0
Mbouma Trois	Fatick	14.3844	-16.3236	0
Mbouma Un	Fatick	14.3718	-16.3257	0
Mbour Sine	Fatick	14.4386	-16.2945	0
Mboursine	Fatick	14.3898	-15.9069	0
Mboussali	Fatick	14.8333	-15.6333	0
Mbowène Ibra	Fatick	13.8962	-16.2996	0
Mbowène Souley	Fatick	13.894	-16.3058	0
Mboyène	Fatick	14.5225	-16.4636	0
Mbédap	Fatick	14.4434	-16.5597	0
Mbéfoutèn	Fatick	14.3542	-16.2627	0
Mbélakadio	Fatick	14.34	-16.2952	0
Mbélane	Fatick	14.0492	-16.4437	0
Mbélgor	Fatick	14.5191	-16.2928	0
Mbélongout	Fatick	14.3837	-16.6392	0
Mbélongout Garage	Fatick	14.3843	-16.6534	0
Mbétit Diarèkh	Fatick	14.4444	-16.5322	0
Mbétit Ngouye	Fatick	14.4357	-16.5511	0
Missira	Fatick	13.6831	-16.5017	0
Missira Aliou	Fatick	13.7943	-16.2897	0
Modiane Ehaye	Fatick	14.3833	-15.8833	0
Mokane Diarèkh	Fatick	14.4586	-16.487	0
Mokane Ngouye	Fatick	14.4738	-16.4924	0
Mone	Fatick	14.4017	-16.284	0
Moronèm	Fatick	14.4849	-16.2898	0
Moundé	Fatick	13.9557	-16.6489	0
Mour	Fatick	14.5948	-15.6387	0
Mourid	Fatick	14.3807	-16.5949	0
Moussa Gaye	Fatick	13.7167	-16.3333	0
Mèm	Fatick	14.4402	-16.3906	0
Médina	Fatick	13.8199	-16.4502	0
Médina Djikoye	Fatick	13.627	-16.2877	0
Médina Kébé	Fatick	13.9613	-16.2187	0
Médina Mafadi	Fatick	13.8131	-16.2993	0
Médina Ngayène	Fatick	13.6567	-16.2945	0
Médina Santhie	Fatick	13.712	-16.4105	0
Mésséré	Fatick	14.4782	-15.8801	0
Mét	Fatick	14.4296	-16.118	0
Nakhamaye	Fatick	14.3688	-16.6965	0
Namari	Fatick	14.5639	-15.8187	0
Namas	Fatick	14.6107	-15.6646	0
Narga	Fatick	14.4923	-15.8859	0
Narga	Fatick	14.35	-15.8833	0
Natol	Fatick	14.8333	-15.6	0
Naye Boyal	Fatick	14.5167	-15.7167	0
Ndagane Keur Diouli	Fatick	14.3966	-16.2349	0
Ndagane Ligne	Fatick	14.3753	-16.2442	0
Ndagane Touti	Fatick	13.7038	-16.519	0
Ndam	Fatick	14.4305	-15.852	0
Ndam Lo	Fatick	14.6	-15.6333	0
Ndame	Fatick	14.4979	-15.753	0
Ndangane	Fatick	14.0746	-16.6925	0
Ndangane Badoudou	Fatick	13.8515	-16.4133	0
Ndanguèm	Fatick	14.3851	-16.2978	0
Ndar Gouye	Fatick	14.6768	-15.6224	0
Ndaw Malik	Fatick	13.7894	-16.302	0
Ndayane	Fatick	14.4293	-15.8063	0
Ndayiri	Fatick	14.3311	-16.2686	0
Ndemgom	Fatick	14.4167	-15.9	0
Ndiadj Mar	Fatick	14.3465	-16.5716	0
Ndiafé Ndiafé	Fatick	13.8912	-16.3278	0
Ndiagamba	Fatick	14.3133	-16.6546	0
Ndiagnène Issoup	Fatick	13.9202	-16.2558	0
Ndiagnène Omar	Fatick	13.915	-16.2388	0
Ndiainar	Fatick	14.4333	-16.0333	0
Ndiakanèm	Fatick	14.4515	-16.3188	0
Ndialal Ndoudi	Fatick	14.3765	-16.1937	0
Ndialal Safokine	Fatick	14.3716	-16.2136	0
Ndiambang	Fatick	13.8694	-16.4067	0
Ndiambour	Fatick	14.4064	-15.9117	0
Ndiambour	Fatick	14.5652	-16.34	0
Ndiamsil	Fatick	14.4667	-16.2667	0
Ndiane	Fatick	14.55	-16.45	0
Ndiankha Ali	Fatick	13.9492	-16.2125	0
Ndianèm	Fatick	14.2762	-16.7139	0
Ndianèm	Fatick	14.4873	-16.4079	0
Ndiarato	Fatick	14.5833	-15.6167	0
Ndiarop	Fatick	14.4383	-16.6136	0
Ndiassane Saloum	Fatick	14.1146	-16.2804	0
Ndiaw Diamagueun	Fatick	13.8684	-16.3211	0
Ndiaye Ndiaye	Fatick	13.7809	-16.2556	0
Ndiaye Ndiaye Sérèr	Fatick	13.9817	-16.3556	0
Ndiaye Ndiaye Wolof	Fatick	13.9572	-16.3505	0
Ndiayekounda	Fatick	13.75	-16.1833	0
Ndiayène	Fatick	13.9005	-16.3266	0
Ndiayène	Fatick	14.6656	-15.6288	0
Ndiayène	Fatick	14.4358	-16.1014	0
Ndiayène	Fatick	14.4333	-16.25	0
Ndiayène	Fatick	14.5997	-15.609	0
Ndiayène Fodé	Fatick	13.7647	-16.2679	0
Ndiayène Kad	Fatick	13.8686	-16.2125	0
Ndiayène Keur Momat Tiané	Fatick	13.7277	-16.2983	0
Ndiayène Moussa	Fatick	13.8204	-16.3216	0
Ndiayène Sémou	Fatick	14.3952	-16.3999	0
Ndiayène Tok	Fatick	14.5195	-16.3282	0
Ndidor	Fatick	14.5114	-16.3234	0
Ndielaw	Fatick	14.4099	-15.8891	0
Ndieng	Fatick	14.1833	-15.8667	0
Ndienghène Madi	Fatick	13.9526	-16.3785	0
Ndienghène Malik	Fatick	13.9735	-16.3111	0
Ndigalèm	Fatick	14.4063	-16.0793	0
Ndimbiding	Fatick	14.1813	-16.6899	0
Ndindé	Fatick	13.987	-16.6638	0
Ndiob	Fatick	14.5447	-16.2548	0
Ndioba	Fatick	14.367	-16.4743	0
Ndiobène	Fatick	13.9028	-16.3103	0
Ndiok Doumaléourou	Fatick	14.4333	-16.1833	0
Ndiokholokho	Fatick	13.8302	-16.3622	0
Ndiokél	Fatick	14.4046	-16.2579	0
Ndiol Khokhane	Fatick	14.2611	-16.6898	0
Ndiol Mangane	Fatick	14.2838	-16.7003	0
Ndiomborel	Fatick	13.9943	-16.2827	0
Ndiomdi	Fatick	14.0492	-16.3687	0
Ndione Tigom	Fatick	14.5667	-16.3333	0
Ndione Tiogom	Fatick	14.5816	-16.36	0
Ndiongolor	Fatick	14.3566	-16.4892	0
Ndiongone Bouré	Fatick	13.9226	-16.3913	0
Ndiongone Ndiak	Fatick	13.9126	-16.3748	0
Ndiongone Sam	Fatick	13.894	-16.3781	0
Ndiop Keur Ibra Mbéri	Fatick	13.7923	-16.3504	0
Ndiop Keur Omar Sar	Fatick	13.6852	-16.3841	0
Ndiop Tiarène	Fatick	13.8059	-16.3622	0
Ndiorokoum	Fatick	14.3898	-16.2422	0
Ndiosmone	Fatick	14.4139	-16.6602	0
Ndiosmone Santhie	Fatick	14.4091	-16.6662	0
Ndioudiouf	Fatick	14.3437	-16.4588	0
Ndioudiouf	Fatick	14.5293	-16.2309	0
Ndioudiouf	Fatick	14.523	-16.4358	0
Ndioufène Mbambara	Fatick	13.8399	-16.3245	0
Ndioulbèt	Fatick	14.5273	-16.38	0
Ndioundioukh	Fatick	13.8883	-16.5002	0
Ndiourbel	Fatick	13.9013	-16.2544	0
Ndiourbel Sine	Fatick	14.5046	-16.1959	0
Ndiouroup Cop	Fatick	14.4021	-16.5769	0
Ndiouroup Léraye	Fatick	14.3368	-16.5659	0
Ndiouwar	Fatick	14.3464	-16.4364	0
Ndiébél	Fatick	14.5312	-16.1416	0
Ndiédieng Niambo	Fatick	14.1498	-16.7061	0
Ndiédieng Sémou	Fatick	14.1715	-16.7062	0
Ndiéganène	Fatick	13.6694	-16.3076	0
Ndiélèm Farba	Fatick	14.4074	-16.3066	0
Ndiélèm Soup	Fatick	14.42	-16.3219	0
Ndiémoutane	Fatick	14.3913	-16.3735	0
Ndiéné Lagane	Fatick	14.5124	-15.9235	0
Ndiévène	Fatick	14.6167	-15.75	0
Ndodj	Fatick	14.5601	-16.1889	0
Ndof	Fatick	14.2523	-16.5876	0
Ndofane	Fatick	14.3521	-16.3013	0
Ndofane	Fatick	13.8581	-16.3781	0
Ndofane	Fatick	14.5328	-16.4267	0
Ndofane	Fatick	14.3895	-16.5692	0
Ndofane Bikol	Fatick	14.4199	-16.461	0
Ndofane Bouré	Fatick	14.5152	-16.3847	0
Ndofane Dèm	Fatick	14.4483	-16.3048	0
Ndofane Latir	Fatick	14.3517	-16.3154	0
Ndofane Mad	Fatick	14.4453	-16.3385	0
Ndofane Mourid	Fatick	14.4583	-16.3174	0
Ndofane Ndari	Fatick	14.051	-16.2612	0
Ndofongon	Fatick	14.35	-16.6333	0
Ndofène	Fatick	14.484	-16.2726	0
Ndogka	Fatick	14.5333	-16.0667	0
Ndok Diouma Lewrou	Fatick	14.408	-16.1677	0
Ndok Saré	Fatick	14.4353	-16.1477	0
Ndokh	Fatick	14.5596	-16.5036	0
Ndorong Log	Fatick	14.0812	-16.4745	0
Ndorong Sérèr	Fatick	13.9942	-16.3412	0
Ndorong Wolof	Fatick	13.9845	-16.3298	0
Ndos Diaraf	Fatick	14.4547	-16.3594	0
Ndos Mbadiok	Fatick	14.4645	-16.369	0
Ndothie	Fatick	14.5434	-16.1853	0
Ndouf	Fatick	14.4318	-16.5336	0
Ndoulo Malka	Fatick	14.5036	-15.9783	0
Ndouloum	Fatick	14.4667	-16.2333	0
Ndouma	Fatick	14.6155	-15.7471	0
Ndoumboudj	Fatick	13.7439	-16.4309	0
Ndoundokh	Fatick	14.4091	-16.4705	0
Ndour Ndour	Fatick	14.1093	-16.3028	0
Ndourène	Fatick	13.8307	-16.3191	0
Ndoye Dione	Fatick	14.4333	-15.95	0
Ndoyène	Fatick	14.8483	-15.628	0
Ndoyène	Fatick	14.4733	-16.2337	0
Ndramé Mapaté	Fatick	13.9875	-16.2421	0
Ndramé Matar	Fatick	13.8372	-16.2581	0
Ndramé Nguédiane	Fatick	13.9334	-16.3136	0
Ndèk	Fatick	14.7667	-15.6333	0
Ndémène	Fatick	14.4779	-16.2131	0
Ndémène Niombato	Fatick	13.7956	-16.3766	0
Nesséona	Fatick	14.5333	-15.65	0
Ngadada	Fatick	14.4188	-15.9263	0
Ngalagne	Fatick	14.52	-16.2687	0
Ngalagne Diaraf	Fatick	14.5241	-16.3971	0
Ngalagne Kop	Fatick	14.566	-16.4337	0
Ngalou Sessène	Fatick	14.0383	-16.7699	0
Ngane Fissél	Fatick	14.5097	-16.4348	0
Ngane Saer	Fatick	14.2	-16.05	0
Ngangarlam	Fatick	14.5727	-16.4924	0
Nganèm	Fatick	14.4299	-16.2034	0
Ngardiam	Fatick	14.4906	-16.4653	0
Ngarigne	Fatick	14.2196	-16.6793	0
Ngathie	Fatick	14.3898	-16.0097	0
Ngayokhèm	Fatick	14.5349	-16.4349	0
Ngayène Daour	Fatick	13.88	-16.299	0
Ngayène Gounda	Fatick	13.7601	-16.3297	0
Ngayène Momat	Fatick	13.9856	-16.2854	0
Ngayéne Tiébo	Fatick	13.724	-16.3345	0
Nghadior	Fatick	13.9589	-16.5921	0
Nghadior Dayam	Fatick	13.6503	-16.3997	0
Nghamaré	Fatick	13.8673	-16.6276	0
Ngodilèm	Fatick	14.4219	-16.5511	0
Ngohé Mbadat	Fatick	14.3626	-16.6145	0
Ngohé Ndofongor	Fatick	14.3563	-16.6303	0
Ngohé Séko	Fatick	14.3724	-16.6197	0
Ngoleye	Fatick	14.4641	-16.5832	0
Ngom	Fatick	14.5667	-15.6833	0
Ngonine	Fatick	14.573	-16.5181	0
Ngoral	Fatick	14.3211	-16.2962	0
Ngouloul Peul	Fatick	14.2732	-16.322	0
Ngouloul Sérèr	Fatick	14.2741	-16.3388	0
Ngoungoul	Fatick	13.8256	-16.3032	0
Ngour Soaré	Fatick	14.5833	-15.8	0
Ngouye	Fatick	14.3706	-16.4442	0
Ngouye Mari	Fatick	13.8446	-16.352	0
Ngoyé Mbouguél	Fatick	14.3627	-16.6429	0
Ngoyé Pofine	Fatick	14.3437	-16.6319	0
Nguidine Peul	Fatick	14.3199	-16.3245	0
Nguidine Sérèr	Fatick	14.3356	-16.3246	0
Nguithie	Fatick	14.5198	-16.1865	0
Nguès	Fatick	14.3829	-16.3974	0
Nguèssine	Fatick	14.2797	-16.5878	0
Nguébé	Fatick	14.7333	-15.6833	0
Nguékokh	Fatick	14.0543	-16.3124	0
Nguékokh	Fatick	14.4596	-16.2724	0
Nguélodé	Fatick	14.4103	-15.8328	0
Nguélokh	Fatick	14.4691	-16.537	0
Niagne	Fatick	14.3333	-16.5667	0
Niakhar	Fatick	14.4817	-16.3989	0
Niambouguel	Fatick	14.468	-15.9805	0
Niamdiarokh	Fatick	14.1979	-16.4436	0
Niamnioro	Fatick	14.1841	-16.4524	0
Niangué	Fatick	14.4296	-16.0422	0
Nianiane	Fatick	14.4265	-16.4225	0
Nianène	Fatick	13.8978	-16.2183	0
Niassène	Fatick	13.9519	-16.2313	0
Niodior	Fatick	13.8583	-16.7233	0
Niomré	Fatick	14.4548	-16.0024	0
Nionbré	Fatick	14.4	-15.9833	0
Niondoun	Fatick	14.4283	-16.4361	0
Nioro Alassane Tal	Fatick	13.7769	-16.3369	0
Nis	Fatick	14.5413	-15.8258	0
Niéri Diofé	Fatick	14.7833	-15.7	0
Nobandane	Fatick	14.3186	-16.6972	0
Néma Bâ	Fatick	13.7381	-16.4785	0
Néma Nding	Fatick	13.7136	-16.4264	0
Nérane	Fatick	14.4267	-16.4888	0
Nérane	Fatick	14.3154	-16.4444	0
Ouadiour	Fatick	14.4362	-16.0543	0
Ouagbache	Fatick	14.5167	-16.4667	0
Oudiéring	Fatick	13.6738	-16.5654	0
Ouro Baïdi	Fatick	14.3167	-16.3167	0
Ouyal Sandé Peul	Fatick	14.3142	-16.3365	0
Ouyal Sandé Wolof	Fatick	14.3136	-16.3264	0
Pakala	Fatick	13.7465	-16.3593	0
Palmarin Diakhanor	Fatick	13.978	-16.7625	0
Palmarin Facao	Fatick	14.0127	-16.7655	0
Palmarin Ngalou	Fatick	14.0473	-16.7715	0
Palmarin Nguèthie	Fatick	14.0196	-16.761	0
Panui	Fatick	14.4833	-15.75	0
Paou Paou	Fatick	14.2	-16.05	0
Papamane	Fatick	14.25	-16.7333	0
Parar	Fatick	14.3795	-16.4921	0
Parguine Wolof	Fatick	14.3977	-16.144	0
Paring	Fatick	14.434	-16.4308	0
Passi Ali Dié	Fatick	13.9041	-16.2938	0
Passi Diémoul	Fatick	13.8741	-16.2944	0
Passi Mbitéyène	Fatick	13.9446	-16.2947	0
Passi Ndénderling	Fatick	13.6981	-16.3951	0
Passy	Fatick	13.9859	-16.2618	12571
Patar	Fatick	14.5648	-16.3815	0
Patar Fissél	Fatick	14.5028	-16.1642	0
Patar Lia	Fatick	14.4904	-16.157	0
Patar Soumbél	Fatick	14.5111	-16.1417	0
Patar Walo	Fatick	14.5143	-16.1638	0
Podom	Fatick	14.4133	-16.6152	0
Podom	Fatick	14.4965	-16.3368	0
Podom Tiamène	Fatick	14.4111	-16.6276	0
Polék	Fatick	14.4441	-16.4221	0
Pombane	Fatick	14.3575	-16.6634	0
Poram Sérèr	Fatick	14.5274	-16.0115	0
Poudaye	Fatick	14.548	-16.4667	0
Poukham Deux	Fatick	14.367	-16.3842	0
Poukham Tok	Fatick	14.3497	-16.3521	0
Poukham Un	Fatick	14.3575	-16.4123	24146
Poultok Diohine	Fatick	14.5264	-16.4852	0
Poulèm	Fatick	14.7667	-15.5167	0
Poyoma	Fatick	13.8605	-16.2601	0
Pèdjiré	Fatick	14.4562	-16.4685	0
Péthie	Fatick	14.0624	-16.3635	0
Pétiaka	Fatick	14.3856	-16.2284	0
Ranéwi	Fatick	14.4822	-15.7418	0
Rayane Mourit	Fatick	14.4667	-16.05	0
Roh	Fatick	14.191	-16.6271	0
Saba	Fatick	14.4819	-16.3223	0
Sabar Deux	Fatick	14.3795	-16.1307	0
Saboya	Fatick	13.7313	-16.4225	0
Sadio Kounda	Fatick	13.8426	-16.4097	0
Sadio Sala	Fatick	13.8098	-16.3896	0
Sadioga	Fatick	14.0459	-16.3841	0
Sagne	Fatick	14.409	-16.4083	0
Sagne Folo	Fatick	14.4913	-16.3724	0
Sakhaw	Fatick	14.3046	-16.3185	0
Sakhmak	Fatick	14.4492	-16.1909	0
Sakhor Tokane	Fatick	14.2317	-16.5197	0
Salou Ndiagne	Fatick	14.55	-15.6333	0
Salénia	Fatick	14.2167	-15.9	0
Sam	Fatick	14.8167	-15.5167	0
Samba Dia	Fatick	14.1308	-16.7278	0
Samba Diagne	Fatick	14.4333	-15.9	0
Samba Diallo	Fatick	14.1394	-16.696	500
Samba Toud	Fatick	14.5916	-16.3834	0
Sambane	Fatick	14.3803	-16.1462	0
Samé	Fatick	13.6292	-16.4291	0
Sandikoli	Fatick	13.8255	-16.4084	0
Sandok	Fatick	14.452	-16.2822	0
Sangage	Fatick	14.4167	-16.35	0
Sangako	Fatick	13.8144	-16.4528	0
Sangari Bèye	Fatick	14.6295	-15.7375	0
Sangari Samba	Fatick	14.6434	-15.7382	0
Sangaré	Fatick	14.3875	-16.4651	0
Sangaye	Fatick	14.435	-16.3705	0
Sango	Fatick	14.4873	-16.183	0
Santamba	Fatick	13.7395	-16.4263	0
Santhie Diankou Bodian	Fatick	13.7143	-16.192	0
Santhie El Hadji	Fatick	13.7023	-16.4301	0
Santhie Mbaye Si	Fatick	13.8054	-16.3713	0
Santhie Momat Dramé	Fatick	13.6732	-16.2987	0
Santhie Ram	Fatick	13.6298	-16.2468	0
Santhie Sadi Guèye	Fatick	13.5958	-16.4213	0
Santiou Mamour Saniane	Fatick	13.6346	-16.1437	0
Santiou Tourka	Fatick	13.6659	-16.2164	0
Sap	Fatick	14.1098	-16.4546	0
Saral	Fatick	13.7251	-16.5756	0
Saroudia	Fatick	13.6529	-16.4283	0
Sas Linguère	Fatick	14.4354	-16.235	0
Sas Mak	Fatick	14.4988	-16.4293	0
Sas Ndiafadji	Fatick	14.5156	-16.4186	0
Sassène	Fatick	14.3537	-16.4954	0
Sayet Ndiaye	Fatick	14.2833	-15.9833	0
Senghor	Fatick	13.8224	-16.3708	0
Senghor	Fatick	14.4021	-16.5083	0
Sikmat	Fatick	14.7667	-15.5333	0
Silif	Fatick	14.2939	-16.5478	0
Simal	Fatick	14.1496	-16.6358	0
Simong Bambara	Fatick	13.8234	-16.2926	0
Simong Diène	Fatick	13.7599	-16.3901	0
Simong Hamdallaye	Fatick	13.6507	-16.381	0
Sindiane	Fatick	14.5486	-16.1925	0
Sing	Fatick	14.268	-16.5846	0
Sing Boyar	Fatick	14.2765	-16.6537	0
Sipder	Fatick	14.3293	-16.3033	0
Sipo	Fatick	13.7512	-16.5096	0
Sirmang	Fatick	13.6223	-16.401	0
Siwo	Fatick	13.9078	-16.6536	0
Sob	Fatick	14.3998	-16.2166	0
Sob	Fatick	14.4888	-16.4416	0
Sobèm	Fatick	14.4014	-16.4566	0
Sokone	Fatick	13.8782	-16.3682	14745
Somb	Fatick	14.4242	-16.2129	0
Somb Nomade	Fatick	14.4174	-16.2271	0
Sombokhé	Fatick	14.4165	-16.0722	0
Songorma	Fatick	14.4371	-16.4587	0
Sorobougou	Fatick	14.2103	-16.7012	0
Sorokh	Fatick	14.4776	-16.3428	0
Sorom	Fatick	13.9683	-16.3163	0
Soudiane Bala	Fatick	14.2197	-16.7203	0
Soudiane Bambara	Fatick	14.2167	-16.7167	0
Soudiane Dimelé	Fatick	14.2449	-16.7113	0
Soudiane Loul	Fatick	14.2355	-16.7012	0
Soudiane Loule	Fatick	14.2336	-16.687	0
Soudiane Sangâye	Fatick	14.2532	-16.72	0
Soukouta	Fatick	13.7937	-16.476	0
Soum	Fatick	14.0818	-16.4813	5044
Soum Nane	Fatick	14.5097	-16.2611	0
Soumbél	Fatick	14.1738	-16.6941	0
Soumbél	Fatick	14.5145	-16.1558	0
Soupa Keur Alarba	Fatick	14.5443	-16.1742	0
Soupa Sérèr	Fatick	14.5287	-16.1881	0
Sourang	Fatick	14.5055	-15.7834	0
Sourou	Fatick	13.844	-16.5295	0
Sourou	Fatick	13.7557	-16.477	0
Sowane	Fatick	14.3336	-16.4739	0
Sâloye	Fatick	14.5735	-15.6135	0
Taba Nding	Fatick	13.7555	-16.4279	0
Tabacouta	Fatick	13.7801	-16.4644	0
Tabakali Sérèr	Fatick	14.3697	-16.0609	0
Tabé	Fatick	14.2898	-16.3269	0
Tag Diamm	Fatick	14.3754	-16.2963	0
Tallène	Fatick	14.6476	-15.7384	0
Talène	Fatick	13.9259	-16.3708	0
Tataguine	Fatick	14.4255	-16.6062	0
Tawa	Fatick	14.4158	-16.0636	0
Taïba	Fatick	13.6993	-16.4287	0
Taïf	Fatick	14.7894	-15.6517	0
Tchiki	Fatick	14.3333	-15.9833	0
Tchissé Keur Amar Rhoulé	Fatick	14.6333	-15.65	0
Tchissé Keur Mor	Fatick	14.6333	-15.7	0
Tek	Fatick	14.6938	-15.7502	0
Tewrou Kossam Deux	Fatick	14.5258	-16.0298	0
Tewrou Kossam Un	Fatick	14.533	-16.0065	0
Thilla	Fatick	13.8427	-16.2834	0
Thilla	Fatick	14.7035	-15.7413	0
Thilla Keur Serigne Babou	Fatick	13.6965	-16.3452	0
Thingué	Fatick	14.475	-15.8193	0
Thissé	Fatick	14.4244	-16.1164	0
Thégui Thilla	Fatick	14.6979	-15.7341	0
Tiaba	Fatick	14.3301	-16.2804	0
Tiabé Diéne	Fatick	14.3854	-16.0843	0
Tiabé Sanou	Fatick	14.3777	-16.0959	0
Tiabé Wolof	Fatick	14.3847	-16.1073	0
Tiadabi	Fatick	14.3456	-16.2654	0
Tiakho Malahine	Fatick	13.9242	-16.3109	0
Tiakmar	Fatick	14.4833	-16.1667	0
Tiakor	Fatick	14.2729	-16.6256	0
Tialane	Fatick	13.9286	-16.6259	0
Tialène	Fatick	13.8719	-16.3383	0
Tialé	Fatick	14.5556	-16.2009	0
Tiambène	Fatick	14.5079	-15.9623	0
Tiamène	Fatick	14.3968	-16.6194	0
Tianda Thissé	Fatick	13.9426	-16.2689	0
Tiarène Babou	Fatick	13.8242	-16.2537	0
Tiarène Santhie	Fatick	13.8059	-16.2702	0
Tiaré	Fatick	14.1003	-16.4772	0
Tiaré Ngolgui	Fatick	14.4422	-16.2471	0
Tinghane	Fatick	14.2931	-16.4827	0
Tioguène	Fatick	13.9952	-16.2928	0
Tiolom Ténéfoul	Fatick	13.5833	-16.1833	0
Tioutioum	Fatick	14.4483	-16.2136	0
Tioyène	Fatick	14.4895	-15.8793	0
Tioyène Amadi Mala	Fatick	13.8478	-16.243	0
Tioyène Niombato	Fatick	13.6899	-16.3234	0
Tioyène Sokone Deux	Fatick	13.8456	-16.2357	0
Tioyène Sokone Un	Fatick	13.8445	-16.2288	0
Tissé	Fatick	14.6458	-15.673	0
Tiwo	Fatick	14.5013	-15.7296	0
Tiâmène	Fatick	13.8877	-16.2104	0
Tiâmène Birane	Fatick	13.9101	-16.3344	0
Tiâmène Ndianène	Fatick	13.9206	-16.247	0
Tiâmène Satiébo	Fatick	13.9142	-16.3234	0
Tièl Patièm	Fatick	14.5245	-15.9196	0
Tièlé Kayène	Fatick	14.5052	-15.8437	0
Tièlé Patièm	Fatick	14.5051	-15.8684	0
Tièw	Fatick	14.526	-16.2119	0
Tiékène	Fatick	13.948	-16.2034	0
Tiénaba	Fatick	14.4293	-16.0952	0
Tofaye	Fatick	14.4164	-16.3075	0
Tokasso	Fatick	14.4818	-16.3753	0
Tongo	Fatick	14.3935	-16.1715	0
Touba Baria	Fatick	13.6442	-16.2267	0
Touba Diaksaw	Fatick	14.6279	-15.6168	0
Touba Dékhaye	Fatick	14.447	-15.841	0
Touba Fal	Fatick	14.5464	-15.7436	0
Touba Kahone	Fatick	14.4	-15.8333	0
Touba Mourid	Fatick	13.8023	-16.3273	0
Touba Nding	Fatick	13.7258	-16.4235	0
Touba Ndièmé	Fatick	14.5136	-15.7028	0
Touba Ngaye	Fatick	14.6827	-15.7125	0
Touba Sahert	Fatick	13.7152	-16.2401	0
Touba Soma	Fatick	14.539	-16.3263	0
Touba Thilla	Fatick	14.6116	-15.6323	0
Toubakouta	Fatick	13.781	-16.4702	0
Toubèye Ka	Fatick	14.4	-15.95	0
Tougoutye Deux	Fatick	14.412	-15.9404	0
Tougoutye Un	Fatick	14.4119	-15.9452	0
Toukar	Fatick	14.5368	-16.4763	0
Toun	Fatick	14.4835	-16.129	0
Tournal Nonane	Fatick	14.2919	-16.3512	0
Toutlé	Fatick	14.5	-15.95	0
Tyiki	Fatick	14.4028	-15.9888	0
Tyiki Sérèr	Fatick	14.4352	-15.9661	0
Tèla Yar Gouye	Fatick	14.5247	-16.3103	0
Tène Toubab	Fatick	14.3563	-16.2346	0
Télé Sangaye	Fatick	14.421	-16.3583	0
Téodogne	Fatick	14.539	-15.8322	0
Téourou	Fatick	14.4667	-16.0167	0
Téourou Gaoudé	Fatick	14.4554	-15.8378	0
Téourou Mbaye	Fatick	14.4262	-15.9536	0
Téourou Ngari	Fatick	14.454	-15.9045	0
Vèndou Gatié	Fatick	14.1667	-15.8667	0
Vélingara	Fatick	14.0625	-16.5318	0
Vélinngara	Fatick	14.2333	-16.75	0
Wadiour Sérèr	Fatick	14.4087	-16.0302	0
Wakhal Diamm	Fatick	14.5479	-16.4099	0
Wandiana	Fatick	14.4551	-16.5374	0
Woré	Fatick	14.5	-15.8167	0
Wourou Dioudioum	Fatick	14.4535	-15.7794	0
Wéndou Mawdou	Fatick	14.4556	-15.802	0
Yayèm	Fatick	14.1233	-16.6828	0
Yayéne	Fatick	14.4333	-16.6167	0
Yenguélé	Fatick	14.4684	-16.4159	0
Yerwago	Fatick	14.0073	-16.3655	0
Yârou Gouye	Fatick	14.3879	-15.8616	0
Yélé	Fatick	14.4695	-16.5727	0
Afé Lévé	Kaffrine	14.3834	-15.2791	0
Afé Mouride	Kaffrine	14.1402	-15.602	0
Afé Tialène	Kaffrine	14.1403	-15.5783	0
Afé Tidjane	Kaffrine	14.1442	-15.5903	0
Ali Ngane	Kaffrine	14.073	-15.646	0
Alla Gaouri	Kaffrine	13.9167	-15.6	0
Alouki	Kaffrine	14.2838	-15.6655	0
Alouki Ndoukoumane	Kaffrine	14.1866	-15.3807	0
Aloukéssé	Kaffrine	14.2822	-15.6032	0
Arafat	Kaffrine	14.0757	-15.0886	0
Aïnoumal	Kaffrine	13.9667	-15.1333	0
Aïnoumane	Kaffrine	14.5863	-15.287	0
Aïnoumane Deux	Kaffrine	14.2012	-15.1639	0
Aïnoumane Un	Kaffrine	14.106	-15.3706	0
Bali	Kaffrine	13.9833	-15.3667	0
Bamba Mamadou	Kaffrine	13.8667	-15.2333	0
Bamba Moussa	Kaffrine	13.8333	-15.25	0
Bambali	Kaffrine	13.85	-15.55	0
Bandioul Banté	Kaffrine	14.0362	-15.075	0
Bandié	Kaffrine	14.4208	-15.5741	0
Bangadj	Kaffrine	14.2149	-15.3575	0
Bangana	Kaffrine	14.1135	-15.641	0
Barkedji	Kaffrine	14.5833	-14.8167	0
Barkèdji	Kaffrine	13.95	-15.7	0
Barone	Kaffrine	14.0431	-15.4646	0
Batiaré Ouro Guéladjo	Kaffrine	14.4	-15.6833	0
Batoulane	Kaffrine	14.1167	-14.6	0
Baïla Ndour	Kaffrine	14.2229	-15.7283	0
Baïti	Kaffrine	13.8333	-15.1333	0
Baïtit	Kaffrine	14.0181	-15.6572	0
Bidiam	Kaffrine	14.2027	-15.7162	0
Bidj Nguél	Kaffrine	14.4105	-15.5062	0
Bintinki	Kaffrine	14.0803	-15.3957	0
Biram Diaté	Kaffrine	14.4167	-15.7167	0
Birkelane	Kaffrine	14.1293	-15.7441	7011
Bodé	Kaffrine	14.3188	-15.3715	0
Bofi	Kaffrine	13.9833	-15.45	0
Boguèl	Kaffrine	14.435	-15.1573	0
Boki Dior	Kaffrine	14.35	-14.7	0
Boki Puits	Kaffrine	14.4849	-15.6367	0
Bondié Peul	Kaffrine	14.4333	-15.5833	0
Bondié Tiamène	Kaffrine	14.4167	-15.5833	0
Bondié Tiarène	Kaffrine	14.4167	-15.5667	0
Bossolel Peul	Kaffrine	14.2204	-15.7239	0
Bossolel Wolof	Kaffrine	14.2418	-15.7213	0
Bossédji Bobou Faye	Kaffrine	14.3167	-15.7167	0
Boubane	Kaffrine	14.4333	-15.6	0
Boudiourguel	Kaffrine	14.2659	-15.0325	0
Boulaïda	Kaffrine	14.2645	-15.4418	0
Bouly	Kaffrine	14.0894	-15.8244	0
Boulèl	Kaffrine	14.559	-15.0256	0
Boulèl Ndoukoumane	Kaffrine	14.1309	-15.3519	0
Boulél	Kaffrine	14.2857	-15.5345	0
Bountoum	Kaffrine	14.15	-15.5167	0
Bourdiop	Kaffrine	14.0667	-15.4667	0
Bousra	Kaffrine	14.03	-15.6609	0
Boussoura	Kaffrine	14.176	-15.0003	0
Boussoura	Kaffrine	14.0	-14.5833	0
Boye Ngamb	Kaffrine	14.4353	-15.614	0
Bâko	Kaffrine	13.997	-15.2545	0
Bélal	Kaffrine	14.1162	-15.2371	0
Bélel Babo	Kaffrine	14.1333	-14.7	0
Bélel Ndindogui	Kaffrine	14.4853	-15.1266	0
Bélé	Kaffrine	14.5333	-14.9667	0
Dagaballa	Kaffrine	13.95	-15.6167	0
Dagabiram	Kaffrine	13.95	-15.5833	0
Dagaye Gouye	Kaffrine	14.0463	-15.4346	0
Dagaye Ndéné	Kaffrine	14.0894	-15.6486	0
Damadji	Kaffrine	14.4333	-14.8	0
Dambol	Kaffrine	14.2759	-15.537	0
Dan Tiadi	Kaffrine	14.5833	-14.9833	0
Dantiali	Kaffrine	14.5944	-15.0172	0
Dara Darou Mousti	Kaffrine	14.645	-15.4117	0
Dara Darou Salam	Kaffrine	14.547	-15.4725	0
Dara Halimoul Kabir	Kaffrine	14.5248	-15.5491	0
Dara Housmoul Mahab	Kaffrine	14.595	-15.4411	0
Dara Oumoul Khoura	Kaffrine	14.5021	-15.5023	0
Dara Taïba	Kaffrine	14.466	-15.5468	0
Dara Touba Bélel	Kaffrine	14.6686	-15.4519	0
Daro	Kaffrine	13.9667	-15.15	0
Daro Marnane	Kaffrine	13.8333	-15.4667	0
Darou	Kaffrine	14.0	-14.7667	0
Darou Dem Lène	Kaffrine	14.1667	-14.75	0
Darou Kafat	Kaffrine	14.1461	-14.9607	0
Darou Kanène	Kaffrine	14.5214	-15.252	0
Darou Karim	Kaffrine	14.4755	-15.1979	0
Darou Kayi	Kaffrine	14.1575	-15.5406	0
Darou Mbane	Kaffrine	14.3325	-15.2512	0
Darou Minam Deux	Kaffrine	14.5484	-15.2521	0
Darou Moussa	Kaffrine	14.1667	-14.8833	0
Darou Ndassine	Kaffrine	14.4167	-14.8833	0
Darou Ndièné	Kaffrine	14.4346	-15.1784	0
Darou Niang	Kaffrine	14.4032	-15.1494	0
Darou Odioldé	Kaffrine	14.5451	-15.2817	0
Darou Pakala	Kaffrine	14.0081	-15.5576	0
Darou Pété	Kaffrine	14.2449	-15.3944	0
Darou Salam	Kaffrine	14.2473	-15.2674	0
Darou Salam	Kaffrine	14.1321	-15.0168	0
Darou Salam	Kaffrine	14.5828	-15.0039	0
Darou Salam	Kaffrine	14.5623	-15.2571	0
Darou Salam	Kaffrine	14.0432	-15.2442	0
Darou Salam Un	Kaffrine	14.4869	-15.6247	0
Darou Salam Un	Kaffrine	14.1578	-15.7747	0
Darou Saloum Trois	Kaffrine	14.063	-15.8116	0
Darou Tiâmène	Kaffrine	14.1756	-15.0292	0
Darou Tiéguène	Kaffrine	14.0	-14.7833	0
Darou Tiékène	Kaffrine	14.4353	-15.235	0
Datyilé	Kaffrine	14.2613	-15.7404	0
Delbi	Kaffrine	14.2389	-15.302	0
Diaba	Kaffrine	14.3362	-15.6787	0
Diabi	Kaffrine	14.0432	-15.2642	0
Diaga Keur Sérigne Niang	Kaffrine	14.6212	-15.3088	0
Diaglé	Kaffrine	14.1748	-15.46	0
Diakaw Saloum	Kaffrine	14.3261	-15.5328	0
Diakhaw Saloum	Kaffrine	14.3295	-15.3326	0
Diakoundaré	Kaffrine	13.8667	-14.7833	0
Diaké Samba	Kaffrine	14.2745	-15.745	0
Diam Diam	Kaffrine	14.1474	-15.2849	0
Diama Palène	Kaffrine	13.8	-15.45	0
Diamafara	Kaffrine	13.9333	-15.6167	0
Diamaguène	Kaffrine	14.1766	-15.7099	0
Diamaguène	Kaffrine	14.1664	-15.4165	0
Diamakolong	Kaffrine	14.0055	-15.6315	0
Diamal	Kaffrine	14.1074	-15.7634	0
Diamel	Kaffrine	14.6167	-14.9167	0
Dianiène	Kaffrine	13.8	-15.6	0
Dianké Kaw	Kaffrine	14.2777	-15.3652	0
Dianké Souf	Kaffrine	14.2296	-15.3354	0
Diaorel	Kaffrine	14.4167	-14.6333	0
Diaorel	Kaffrine	14.6	-14.8667	0
Diapto	Kaffrine	13.8667	-14.8833	0
Diarga Ka	Kaffrine	14.4167	-15.7	0
Diassoum Diamaguène	Kaffrine	14.142	-15.6715	0
Diatafaka	Kaffrine	13.9333	-15.5167	0
Dimbéré	Kaffrine	13.9833	-15.75	0
Diobène	Kaffrine	14.4333	-15.7	0
Diogo	Kaffrine	14.1236	-15.5078	0
Diokoul	Kaffrine	13.8333	-15.65	0
Diokoul	Kaffrine	13.8167	-15.4	0
Diokoul	Kaffrine	13.95	-15.2833	0
Dioli	Kaffrine	13.9833	-15.3333	0
Dioli Mbaba	Kaffrine	13.8833	-15.5	0
Dioubène Taïba	Kaffrine	13.9	-15.5333	0
Dioubéne Diaklé	Kaffrine	13.8833	-15.55	0
Dioud Nguel Deux	Kaffrine	14.36	-15.5766	0
Dioud Nguel Un	Kaffrine	14.3545	-15.582	0
Dioulmake Diabel	Kaffrine	14.3833	-14.85	0
Dioumâda	Kaffrine	14.3692	-15.6509	0
Dioungui Kandiané	Kaffrine	14.3126	-15.4605	0
Diountou Guéyène	Kaffrine	14.05	-14.8333	0
Djida	Kaffrine	14.2162	-15.1019	0
Djida	Kaffrine	14.1448	-15.4232	0
Djigane	Kaffrine	13.9333	-15.3667	0
Doubel	Kaffrine	14.4167	-14.75	0
Dougoubène	Kaffrine	14.1333	-15.5833	0
Démissira	Kaffrine	13.9167	-15.1667	0
Dépé	Kaffrine	14.6889	-15.4082	0
Fana Keur Abdou	Kaffrine	13.9	-14.6833	0
Farato	Kaffrine	14.02	-15.3469	0
Fas	Kaffrine	14.1339	-15.2053	0
Fas Goulokoum	Kaffrine	14.3321	-15.6162	0
Fas Léwé	Kaffrine	14.3241	-15.3027	0
Fas Mactar	Kaffrine	14.1247	-15.758	0
Fas Ndiayène	Kaffrine	14.1259	-15.0976	0
Fas Ngodiba	Kaffrine	14.0775	-15.4659	0
Fas Sy	Kaffrine	14.154	-15.6975	0
Fas Tiénène	Kaffrine	14.5935	-15.2771	0
Foutayel	Kaffrine	14.2	-14.65	0
Gama Moukhoumé	Kaffrine	14.0787	-15.6459	0
Ganki	Kaffrine	14.1548	-15.7462	0
Gavane Djida	Kaffrine	14.2678	-15.7167	0
Gnibi	Kaffrine	14.4311	-15.6561	0
Gobak Soukoum	Kaffrine	14.0399	-15.6169	0
Godj	Kaffrine	14.0198	-15.6213	0
Gordjilène Mouride	Kaffrine	14.106	-15.6533	0
Gordjilène Wilanène	Kaffrine	14.1013	-15.65	0
Gori Mband	Kaffrine	14.1403	-15.6947	0
Gori Mband	Kaffrine	14.1659	-15.6704	0
Goubi	Kaffrine	14.2627	-15.1996	0
Goubi	Kaffrine	13.8667	-14.7	0
Goudié	Kaffrine	14.0839	-15.3299	0
Goui Bang	Kaffrine	13.8333	-14.9667	0
Goui Madi Bouri	Kaffrine	13.8667	-15.5167	0
Goulokoum	Kaffrine	14.3138	-15.6407	0
Gouyar	Kaffrine	14.3982	-15.2725	0
Gouye Tiébé	Kaffrine	14.3833	-15.6833	0
Gouï Leum	Kaffrine	14.3167	-15.7333	0
Gowé	Kaffrine	14.141	-15.1368	0
Guidéyèl	Kaffrine	14.4886	-15.12	0
Guissam	Kaffrine	14.0792	-15.58	0
Guènt Boye	Kaffrine	14.0937	-15.8139	0
Guènt Gouye	Kaffrine	14.053	-15.5742	0
Guènt Peul Deux	Kaffrine	14.012	-15.4095	0
Guènt Peul Un	Kaffrine	14.005	-15.4486	0
Guènté Paté	Kaffrine	14.2833	-14.9333	0
Guérane Goumak	Kaffrine	14.0816	-15.0163	0
Hamdalaye	Kaffrine	13.8333	-15.3833	0
Hamdallaye	Kaffrine	14.0243	-15.7867	0
Hamdallaye	Kaffrine	14.248	-15.2407	0
Hamdallaye	Kaffrine	14.2259	-15.1103	0
Hanèm	Kaffrine	14.0833	-14.9833	0
Hodar	Kaffrine	14.1312	-15.3347	0
Horé	Kaffrine	14.3599	-15.4299	0
Ibra Fal	Kaffrine	14.4333	-15.7	0
Ida	Kaffrine	13.9833	-14.6833	0
Ida Mouride	Kaffrine	13.9833	-14.6667	0
Iliassa	Kaffrine	13.85	-14.8833	0
Kaba	Kaffrine	13.8	-14.8	0
Kadao	Kaffrine	13.8833	-15.1333	0
Kadawdaw	Kaffrine	14.1399	-15.6451	0
Kaffrine	Kaffrine	14.1059	-15.5508	57307
Kahi	Kaffrine	14.1417	-15.5529	0
Kakaré	Kaffrine	14.3459	-15.5159	0
Kakounda	Kaffrine	13.8	-15.4667	0
Kandiané	Kaffrine	14.251	-15.0305	0
Kanka	Kaffrine	14.1277	-15.6611	0
Kanta	Kaffrine	14.3892	-15.0855	0
Kantar	Kaffrine	13.8	-14.75	0
Kassas	Kaffrine	14.1608	-15.5244	0
Kassassa	Kaffrine	14.0333	-14.85	0
Katakel	Kaffrine	13.95	-15.45	0
Kati	Kaffrine	13.9	-14.95	0
Katial	Kaffrine	14.0092	-15.3197	0
Katiaouane	Kaffrine	13.95	-15.5167	0
Katiot	Kaffrine	13.9333	-15.4	0
Kaye Alouki	Kaffrine	14.1611	-15.6052	0
Kaye Boubou	Kaffrine	14.25	-14.85	0
Kayi Alouki	Kaffrine	14.293	-15.6772	0
Kayi Gnibi	Kaffrine	14.3498	-15.6586	0
Kaïfara	Kaffrine	13.8667	-15.45	0
Kerma Fass	Kaffrine	13.9333	-14.8667	0
Keur Abdou	Kaffrine	13.9833	-15.7	0
Keur Abdou Mbaye	Kaffrine	13.85	-15.1333	0
Keur Abdou Mbaye	Kaffrine	13.9833	-14.65	0
Keur Abdoulaye Aminata	Kaffrine	13.85	-15.1167	0
Keur Abdoulaye Sissé	Kaffrine	13.9667	-14.8667	0
Keur Al Adji Mamat	Kaffrine	13.9167	-15.5667	0
Keur Albé	Kaffrine	13.9167	-14.85	0
Keur Alfa	Kaffrine	14.2575	-15.6174	0
Keur Ali Khadi	Kaffrine	14.0139	-15.6774	0
Keur Ali Maram	Kaffrine	13.9667	-15.7167	0
Keur Aliou Sissé	Kaffrine	14.1667	-15.55	0
Keur Babam	Kaffrine	14.2333	-15.7167	0
Keur Babou	Kaffrine	13.9167	-15.2167	0
Keur Baka	Kaffrine	13.9667	-15.5833	0
Keur Bara	Kaffrine	13.8167	-14.9833	0
Keur Baye Diop	Kaffrine	14.1833	-15.7167	0
Keur Birane Mata	Kaffrine	14.039	-15.5466	0
Keur Bodié	Kaffrine	13.95	-14.95	0
Keur Brahim	Kaffrine	13.8833	-14.8	0
Keur Dadi Mboul	Kaffrine	13.8667	-14.9167	0
Keur Demba Ba	Kaffrine	13.8	-15.6333	0
Keur Demba Tintin	Kaffrine	13.8167	-15.6167	0
Keur Diabèl	Kaffrine	13.9833	-15.7167	0
Keur Diangane	Kaffrine	13.8333	-15.5	0
Keur Diankole	Kaffrine	13.8833	-14.8833	0
Keur Djibi	Kaffrine	13.85	-15.5833	0
Keur Doudi	Kaffrine	14.0167	-15.7667	0
Keur El Hadji Momat	Kaffrine	14.0122	-15.778	0
Keur Galo	Kaffrine	14.1167	-14.7333	0
Keur Galo Hamet	Kaffrine	14.0249	-15.7677	0
Keur Gata	Kaffrine	13.85	-15.5833	0
Keur Goli	Kaffrine	13.8833	-14.9167	0
Keur Goumbo Guèye	Kaffrine	14.033	-15.7262	0
Keur Ibra Diak	Kaffrine	14.6705	-15.3478	0
Keur Ibra Massar	Kaffrine	14.1167	-15.1167	0
Keur Ibra Ndour	Kaffrine	14.1166	-15.7848	0
Keur Ibra Sako	Kaffrine	13.9333	-15.6667	0
Keur Ibrahima Mbaye	Kaffrine	14.0549	-15.7761	0
Keur Ibrata	Kaffrine	14.5	-15.6833	0
Keur Ismaïla	Kaffrine	14.1368	-15.7556	0
Keur Kouni	Kaffrine	13.9	-15.6667	0
Keur Lahine Lobé	Kaffrine	14.0173	-15.5464	0
Keur Lahine Ramata	Kaffrine	14.0259	-15.5348	0
Keur Mademba	Kaffrine	13.9	-15.6	0
Keur Madi Touet	Kaffrine	13.9	-15.5	0
Keur Magaye	Kaffrine	14.1693	-15.7429	0
Keur Maharam Dieng	Kaffrine	14.3333	-15.6833	0
Keur Makam	Kaffrine	14.1167	-15.8333	0
Keur Makar	Kaffrine	13.95	-15.6667	0
Keur Mali Makham	Kaffrine	13.8333	-15.0667	0
Keur Malé	Kaffrine	13.8333	-15.5667	0
Keur Mamadou Ndiamatou	Kaffrine	14.0473	-15.7253	0
Keur Manoumbé	Kaffrine	13.7833	-14.85	0
Keur Massaer	Kaffrine	14.1302	-15.8267	0
Keur Massar	Kaffrine	13.8833	-14.8	0
Keur Matar	Kaffrine	14.0182	-15.7591	0
Keur Mbeïkou	Kaffrine	14.0167	-15.7167	0
Keur Mbouki	Kaffrine	14.1374	-15.8296	0
Keur Modou	Kaffrine	14.0667	-15.6667	0
Keur Modou Vilané	Kaffrine	13.9833	-15.55	0
Keur Mor Sorona	Kaffrine	13.8333	-15.1167	0
Keur Ndamé	Kaffrine	14.5833	-14.9333	0
Keur Ndongo	Kaffrine	13.85	-15.6167	0
Keur Ndéri	Kaffrine	14.0651	-15.6131	0
Keur Ngaye	Kaffrine	14.0333	-14.75	0
Keur Ngâta Dramé	Kaffrine	14.0032	-15.6867	0
Keur Paté Dèm	Kaffrine	14.0075	-15.7158	0
Keur Sa Ndaw	Kaffrine	14.1371	-15.5302	0
Keur Sadèr	Kaffrine	13.9833	-15.6667	0
Keur Safadi	Kaffrine	13.8333	-15.2833	0
Keur Sako Ndiaye	Kaffrine	13.8833	-14.8833	0
Keur Samba Dioubane	Kaffrine	13.9	-14.9	0
Keur Samba Ndiao	Kaffrine	14.2683	-15.6097	0
Keur Saouili	Kaffrine	13.8667	-15.1333	0
Keur Savéli	Kaffrine	13.9667	-15.55	0
Keur Seydou	Kaffrine	14.0206	-15.7342	0
Keur Siné Mangane	Kaffrine	13.9167	-14.85	0
Keur Siriki Diop	Kaffrine	14.0455	-15.7207	0
Keur Sérigne Fana	Kaffrine	13.9979	-15.6345	0
Keur Séring Aoua	Kaffrine	13.8667	-15.1333	0
Keur Sët	Kaffrine	14.0709	-15.5664	0
Keur Tierno Tala	Kaffrine	14.0667	-15.6167	0
Keur Yoro Mbarou	Kaffrine	14.1098	-15.149	0
Keur Yéri	Kaffrine	13.8167	-14.9667	0
Khayra Deux	Kaffrine	14.1791	-15.1257	0
Khayra Un	Kaffrine	14.1447	-15.1031	0
Khelcom Diaga	Kaffrine	14.602	-15.4032	0
Khindé	Kaffrine	14.1948	-15.4747	0
Khouna	Kaffrine	14.2915	-15.2217	0
Khourou Galo	Kaffrine	14.2767	-15.0857	0
Khourou Loumbou	Kaffrine	14.3604	-15.2812	0
Khourou Ndiobène	Kaffrine	14.3286	-15.1076	0
Kilimane	Kaffrine	13.8	-15.4	0
Kirim Brahim Mbaye	Kaffrine	13.95	-14.95	0
Koho Peul	Kaffrine	13.85	-14.8167	0
Koho Sossé	Kaffrine	13.85	-14.85	0
Kolonto	Kaffrine	13.8167	-14.7333	0
Konga	Kaffrine	13.9333	-14.95	0
Korki	Kaffrine	14.128	-15.7032	0
Kotiar	Kaffrine	13.9167	-14.9333	0
Koukoto	Kaffrine	13.9167	-14.9833	0
Koukoto	Kaffrine	13.9167	-15.0	0
Koulégna	Kaffrine	14.0167	-14.8333	0
Koumbidia	Kaffrine	13.9167	-14.8667	0
Koumlof	Kaffrine	14.1042	-15.7976	0
Koumpal	Kaffrine	13.8333	-15.6167	0
Koundo	Kaffrine	14.05	-14.7333	0
Koung Koung	Kaffrine	14.4167	-14.8	0
Koungheul	Kaffrine	13.9833	-14.8	31149
Koungneul Sossé	Kaffrine	13.9667	-14.8167	20942
Koura Mouride	Kaffrine	14.1833	-14.6833	0
Koura Rhaye	Kaffrine	14.1833	-14.6167	0
Koura Tiobéri	Kaffrine	14.2	-14.7167	0
Koutia	Kaffrine	13.95	-15.1833	0
Kouyandé	Kaffrine	14.3844	-15.5247	0
Kouyandé Ndiaye	Kaffrine	14.3823	-15.5121	0
Kouyané Kandji	Kaffrine	14.4	-15.5167	0
Kébé Gouye	Kaffrine	14.1179	-15.6094	0
Kébé Keur Badou	Kaffrine	14.0889	-15.5943	0
Kébé Keur Lahine	Kaffrine	14.1047	-15.6147	0
Kébé Yara	Kaffrine	14.4156	-15.691	0
Kélél Mofel	Kaffrine	14.1242	-15.7915	0
Lagué	Kaffrine	14.1544	-15.3754	0
Lambaye	Kaffrine	14.4475	-15.6498	0
Lanpour	Kaffrine	14.0	-14.6333	0
Lanta	Kaffrine	14.0706	-15.588	0
Lanène	Kaffrine	14.3622	-15.381	0
Layi	Kaffrine	14.2819	-15.5873	0
Longkane	Kaffrine	13.9167	-15.5667	0
Louango Pâfa	Kaffrine	14.2996	-15.0794	0
Louba	Kaffrine	13.85	-15.5333	0
Lougane	Kaffrine	14.5223	-15.1898	0
Lougayama	Kaffrine	14.5333	-14.6667	0
Lougol	Kaffrine	14.1564	-15.722	0
Lougué	Kaffrine	14.0835	-15.5373	0
Loumbol	Kaffrine	14.4333	-14.9833	0
Loumène	Kaffrine	14.059	-15.5983	0
Lour Escale	Kaffrine	14.2167	-14.7333	0
Loyène	Kaffrine	14.2291	-15.01	0
Léwé	Kaffrine	14.3229	-15.2824	0
Léwé	Kaffrine	14.2112	-15.6884	0
Madina	Kaffrine	13.9833	-14.95	0
Madina Dianké	Kaffrine	14.176	-15.3564	0
Madina Dék Gouye	Kaffrine	14.0607	-15.0541	0
Madina Fal	Kaffrine	14.7156	-15.4328	0
Madina Fas	Kaffrine	14.1553	-15.1799	0
Madina Kouta	Kaffrine	14.6558	-15.3422	0
Madina Kébé	Kaffrine	14.369	-15.4706	0
Madina Lahine Mara	Kaffrine	14.0057	-15.1264	0
Madina Mbayène	Kaffrine	14.4589	-15.1639	0
Madina Mbowène	Kaffrine	14.2991	-15.4212	0
Madina Ndiayène	Kaffrine	14.3648	-15.3552	0
Madina Ndiayène	Kaffrine	14.0078	-15.5218	0
Madina Ndiognik	Kaffrine	14.0576	-15.6419	0
Madina Ndioum	Kaffrine	14.4476	-15.2016	0
Madina Ndoyène	Kaffrine	14.1162	-15.1079	0
Madina Ndramé	Kaffrine	14.0962	-15.107	0
Madina Ngayène	Kaffrine	14.04	-15.2831	0
Madina Niang	Kaffrine	14.2702	-15.7905	0
Madina Tawa	Kaffrine	14.4171	-15.224	0
Madina Tyiyène	Kaffrine	14.2761	-15.4578	0
Maka	Kaffrine	13.8333	-15.6667	0
Maka Bélal	Kaffrine	14.1108	-15.2365	0
Maka Handalla	Kaffrine	13.8833	-15.4167	0
Maka Katal	Kaffrine	13.9333	-14.7	0
Maka Yop	Kaffrine	14.0359	-15.0237	0
Makagoui	Kaffrine	13.7833	-15.2333	0
Malèm Hodar	Kaffrine	14.0887	-15.292	7879
Malém Sérigne	Kaffrine	14.0573	-15.2354	0
Malém Tialène	Kaffrine	14.0721	-15.2434	0
Mana	Kaffrine	14.3667	-14.6333	0
Mandah	Kaffrine	13.9833	-15.3333	0
Manganèm	Kaffrine	14.0304	-15.3663	0
Maodo	Kaffrine	14.5667	-14.7833	0
Mara	Kaffrine	13.9	-15.2833	0
Mbabane Mouride	Kaffrine	14.4816	-15.2508	0
Mbabane Peul	Kaffrine	14.4811	-15.2561	0
Mbabanène	Kaffrine	14.2131	-15.3837	0
Mbadiane	Kaffrine	13.9833	-14.8333	0
Mbadianène	Kaffrine	14.0718	-15.3017	0
Mbane	Kaffrine	14.3163	-15.2543	0
Mbankouma	Kaffrine	14.108	-15.2022	0
Mbarokounda	Kaffrine	14.0196	-15.287	0
Mbatiaré	Kaffrine	14.2478	-15.7155	0
Mbaye Mbaye	Kaffrine	13.9667	-15.05	0
Mbayène Ndakhar	Kaffrine	13.8333	-15.3167	0
Mbelbouk	Kaffrine	14.0339	-15.3943	0
Mbodiène	Kaffrine	14.1289	-15.8439	0
Mbollop	Kaffrine	13.9333	-15.55	0
Mbos Wadiour	Kaffrine	14.3758	-15.7803	0
Mboul	Kaffrine	13.9333	-15.3167	0
Mboul Baol	Kaffrine	14.2306	-15.51	0
Mboul Peul	Kaffrine	14.2155	-15.5001	0
Mbouloum	Kaffrine	14.1541	-15.7938	0
Mbouré	Kaffrine	13.85	-14.9	0
Mbégué	Kaffrine	14.4469	-15.4989	0
Mbégué Goumé	Kaffrine	14.4594	-15.4746	0
Mbélogne	Kaffrine	14.1404	-15.0453	0
Mbéné Diouma	Kaffrine	14.018	-15.5874	0
Mbéné Mamour	Kaffrine	14.0362	-15.5759	0
Mbétét	Kaffrine	14.35	-14.9833	0
Messére Guibel	Kaffrine	13.9667	-14.8333	0
Messéré Tiakel	Kaffrine	13.8667	-14.8667	0
Mina	Kaffrine	13.8333	-15.4333	0
Minal	Kaffrine	13.8167	-14.7667	0
Minal	Kaffrine	13.8667	-15.0667	0
Minam	Kaffrine	14.5465	-15.0278	0
Missira	Kaffrine	13.9909	-15.1137	0
Missira	Kaffrine	14.5749	-15.2799	0
Missira Fas	Kaffrine	14.1294	-15.1686	0
Missira Hodar	Kaffrine	14.1574	-15.2458	0
Missira Ndramé	Kaffrine	14.108	-15.1274	0
Missira Tioyène	Kaffrine	14.4167	-14.8833	0
Modji	Kaffrine	14.4317	-15.3129	0
Mori Bougou	Kaffrine	14.0708	-15.6684	0
Moui	Kaffrine	13.9333	-15.4833	0
Mounavara	Kaffrine	13.8667	-15.4167	0
Mousdalifa	Kaffrine	13.9	-15.0	0
Moustakhina	Kaffrine	14.0757	-15.2829	0
Mouye Pâfa	Kaffrine	14.2083	-15.0737	0
Médina	Kaffrine	13.8833	-15.4	0
Médina	Kaffrine	13.9333	-14.8167	0
Médina	Kaffrine	13.9833	-15.1667	0
Médina Diamaguène	Kaffrine	14.514	-15.116	0
Médina Keur Babou	Kaffrine	13.9167	-15.65	0
Médina Koli	Kaffrine	13.9	-15.1167	0
Médina Mbayène	Kaffrine	14.0333	-14.8333	0
Médina Ndiayène	Kaffrine	14.3667	-14.8667	0
Médina Safa Goubi	Kaffrine	14.2307	-15.2636	0
Médina Sali	Kaffrine	13.8833	-14.9	0
Médina Sambène	Kaffrine	14.3333	-14.9167	0
Médina Sintiou Amat Maram	Kaffrine	13.8167	-15.4667	0
Médina Taba	Kaffrine	14.0576	-15.5445	0
Médina Tiarène	Kaffrine	14.1	-15.1	0
Médina Tobène	Kaffrine	14.2333	-14.6667	0
Méo	Kaffrine	13.8667	-15.3667	0
Méo Ndiayène	Kaffrine	13.8833	-15.35	0
Méo Ndioubène	Kaffrine	13.9	-15.35	0
Méw Ndiobène	Kaffrine	14.0234	-15.1072	0
Nandjigui	Kaffrine	13.9833	-15.5333	0
Naoni	Kaffrine	14.4167	-15.6333	0
Navarène	Kaffrine	14.204	-15.339	0
Nawel	Kaffrine	14.1174	-15.7331	0
Ndakhar	Kaffrine	13.8	-15.5167	0
Ndakhar	Kaffrine	14.0871	-15.0541	0
Ndakhar-Poste	Kaffrine	13.8167	-15.3	0
Ndam	Kaffrine	14.0833	-14.5833	0
Ndanga	Kaffrine	13.8167	-14.8333	0
Ndangane	Kaffrine	14.1009	-15.8422	0
Ndanka	Kaffrine	13.8833	-15.5167	0
Ndankou	Kaffrine	13.8333	-15.3667	0
Ndiabo	Kaffrine	13.9667	-15.5333	0
Ndianiène	Kaffrine	13.9333	-15.5	0
Ndianiène Babori	Kaffrine	13.9667	-15.6	0
Ndiankot	Kaffrine	13.9333	-15.0167	0
Ndiao Bambali	Kaffrine	13.85	-15.55	0
Ndiaouara	Kaffrine	13.9167	-15.3167	0
Ndiari Ndiofo	Kaffrine	14.5573	-15.0418	0
Ndiaye Kounda	Kaffrine	13.9333	-15.45	0
Ndiaye Kounda	Kaffrine	13.8667	-15.15	0
Ndiayène	Kaffrine	13.9333	-15.0333	0
Ndiayène	Kaffrine	13.8167	-15.1167	0
Ndiayène	Kaffrine	14.05	-14.8833	0
Ndiayène Bagana	Kaffrine	14.0834	-15.6107	0
Ndiayène Lour	Kaffrine	14.2833	-14.7833	0
Ndiayène Sadiakhou	Kaffrine	14.1191	-15.0652	0
Ndiayène Waly	Kaffrine	14.1611	-15.8369	0
Ndienguène	Kaffrine	14.5023	-15.1213	0
Ndimb Korki	Kaffrine	14.0622	-15.6748	0
Ndimbou Touba	Kaffrine	13.8167	-15.5833	0
Ndiobène	Kaffrine	14.2956	-15.1865	0
Ndiognik	Kaffrine	14.0347	-15.6447	0
Ndiok	Kaffrine	13.8833	-15.3333	0
Ndiolofène	Kaffrine	14.4285	-15.6612	0
Ndiolrhos	Kaffrine	14.2333	-14.9167	0
Ndioté Biram	Kaffrine	14.2892	-15.2865	0
Ndioté Djolofène	Kaffrine	14.2945	-15.2776	0
Ndioté Mor Coumba	Kaffrine	14.2714	-15.2962	0
Ndioté Séyane	Kaffrine	14.3067	-15.2963	0
Ndioudiène	Kaffrine	13.9918	-15.4744	0
Ndioum	Kaffrine	14.0167	-14.6833	0
Ndioum	Kaffrine	14.0	-14.6667	0
Ndioum Guènt	Kaffrine	14.3653	-15.1982	0
Ndioum Ndiao	Kaffrine	14.2637	-15.1484	0
Ndioundia	Kaffrine	14.2082	-15.7281	0
Ndioïli	Kaffrine	13.8667	-15.5667	0
Ndiéme	Kaffrine	13.9167	-15.45	0
Ndiéri	Kaffrine	14.15	-15.5333	0
Ndjigui	Kaffrine	14.0915	-15.5612	0
Ndodj	Kaffrine	14.1867	-15.4361	0
Ndoun	Kaffrine	13.9833	-14.7167	0
Ndramé	Kaffrine	14.0185	-15.6889	0
Ngadialogne	Kaffrine	14.513	-15.0946	0
Ngam	Kaffrine	14.1333	-15.55	0
Ngambou	Kaffrine	14.1826	-15.8081	0
Nganda	Kaffrine	13.8333	-15.4167	14369
Ngayène	Kaffrine	14.1518	-15.0085	0
Ngodiba	Kaffrine	14.0649	-15.5063	0
Ngongane	Kaffrine	14.1491	-15.8446	0
Ngotou Farba	Kaffrine	14.0407	-15.4971	0
Ngotou Malik	Kaffrine	14.0197	-15.4785	0
Ngouké Diama	Kaffrine	13.8	-15.25	0
Ngouké Kouké	Kaffrine	13.8	-15.2667	0
Ngouye Diaraf	Kaffrine	14.1333	-14.8167	0
Ngouye Diéri	Kaffrine	14.2	-14.9	0
Ngouye Siouarh	Kaffrine	14.0833	-14.9	0
Ngouye Tidiane	Kaffrine	13.9952	-15.5973	0
Nguer Coumba Daya	Kaffrine	14.1389	-15.8042	0
Nguer Mandakh	Kaffrine	13.9167	-15.25	0
Nguédj	Kaffrine	14.0025	-15.2288	0
Ngâba	Kaffrine	14.1886	-15.2986	0
Niabardo	Kaffrine	14.2667	-14.7	0
Niahène	Kaffrine	14.0254	-15.1872	0
Nianguène	Kaffrine	14.0601	-15.6493	0
Nianguène Bambara	Kaffrine	14.1322	-15.4555	0
Nianguène Wolof	Kaffrine	14.123	-15.4324	0
Niarguél	Kaffrine	14.4222	-15.2779	0
Niou Nayerou	Kaffrine	14.6167	-14.8667	0
Néf	Kaffrine	14.1667	-15.7341	0
Néma	Kaffrine	13.8667	-15.6167	0
Néti Daga Peul	Kaffrine	14.1268	-15.6259	0
Oré	Kaffrine	14.2667	-14.8833	0
Ouer Kerra	Kaffrine	14.4	-14.8667	0
Ouro Sori	Kaffrine	14.4333	-15.7167	0
Pakala	Kaffrine	13.8333	-14.9333	0
Panal Mbayar	Kaffrine	14.4524	-15.6797	0
Panetiang Français	Kaffrine	13.8	-15.1667	0
Panetiang Séring Si	Kaffrine	13.8	-15.15	0
Passi Mbelbouk	Kaffrine	14.0862	-15.4201	0
Passi Ndialla	Kaffrine	13.85	-15.4833	0
Paté Tiangaye	Kaffrine	13.8833	-15.15	0
Païlar	Kaffrine	14.535	-15.0777	0
Petél	Kaffrine	14.4667	-14.7167	0
Peuldognon	Kaffrine	13.8833	-15.1333	0
Pir Nango	Kaffrine	14.0833	-14.65	0
Pir Ndavène	Kaffrine	14.1	-14.6167	0
Pirom	Kaffrine	13.9167	-14.7333	0
Por Dramé	Kaffrine	14.0451	-15.1115	0
Por Tialène	Kaffrine	14.023	-15.126	0
Pâfa	Kaffrine	14.2398	-15.0851	0
Pétel	Kaffrine	14.45	-14.6333	0
Pété	Kaffrine	14.0932	-15.4443	0
Ribo Escale	Kaffrine	14.3667	-14.6833	0
Ribo Kodiolé	Kaffrine	14.4167	-14.75	0
Ribo Moussa	Kaffrine	14.3833	-14.7167	0
Rorane	Kaffrine	13.9167	-15.5167	0
Sab Sabré	Kaffrine	14.4833	-14.9833	0
Saham Diébel	Kaffrine	13.9167	-14.8	0
Sali	Kaffrine	13.8667	-14.9167	0
Sam	Kaffrine	13.9	-15.2167	0
Sam Niang	Kaffrine	14.1167	-14.6333	0
Samba	Kaffrine	14.4	-15.7667	0
Sangol Peul	Kaffrine	14.1579	-15.5156	0
Sangol Wolof	Kaffrine	14.1525	-15.504	0
Santhie Abas	Kaffrine	14.3125	-15.1311	0
Santhie Alé Ndaw	Kaffrine	14.0622	-15.3407	0
Santhie Cheikh Séye	Kaffrine	14.1808	-15.6107	0
Santhie Galangone	Kaffrine	14.014	-15.5179	0
Santhie Mbelbouk	Kaffrine	14.059	-15.3702	0
Santhie Mor Ndaw	Kaffrine	14.183	-15.192	0
Santye Abât	Kaffrine	14.6502	-15.3574	0
Saré Diougary	Kaffrine	14.15	-15.6676	0
Saré Niama	Kaffrine	13.9333	-14.8333	0
Saré Sadio	Kaffrine	14.0	-14.6	0
Sianda Ndioum	Kaffrine	14.5033	-15.199	0
Sianda Touba Ndioum	Kaffrine	14.5318	-15.1732	0
Sibi Nokho	Kaffrine	14.0667	-14.7167	0
Sidak	Kaffrine	14.6167	-14.8833	0
Sikilo	Kaffrine	14.1033	-15.4903	0
Simbara	Kaffrine	13.9667	-15.6333	0
Sinalla	Kaffrine	13.95	-15.7167	0
Sine	Kaffrine	13.8667	-15.6333	0
Sine Moktar	Kaffrine	13.85	-14.9833	0
Sinntiou Nguérane	Kaffrine	14.1	-14.9333	0
Sinthie Mor Aminta	Kaffrine	14.137	-15.0763	0
Sinthié Faraba	Kaffrine	14.2333	-15.0667	0
Sintiou Adar	Kaffrine	14.05	-15.05	0
Sintiou Bamba	Kaffrine	13.8167	-15.25	0
Sintiou Diamal	Kaffrine	13.8167	-15.6667	0
Sintiou Dimbé	Kaffrine	13.8333	-15.4167	0
Sintiou Kafate	Kaffrine	14.1167	-14.9	0
Sintiou Kilimane	Kaffrine	13.8167	-15.4	0
Sintiou Kéba	Kaffrine	14.3522	-15.1322	0
Sintiou Mandar	Kaffrine	13.9	-15.4833	0
Sintiou Mor Sokhna	Kaffrine	14.0002	-15.3602	0
Sintiou Paté	Kaffrine	13.85	-15.1333	0
Sintiou Sali	Kaffrine	13.8833	-14.9	0
Sintiou Tiako	Kaffrine	13.95	-15.7	0
Sintiou Vanar	Kaffrine	13.8833	-15.6333	0
Siwal	Kaffrine	14.1611	-15.3061	0
Siét Aoua	Kaffrine	13.9833	-15.75	0
Sobel	Kaffrine	14.25	-14.6333	0
Somb Diaké	Kaffrine	14.2846	-15.7561	0
Sorokogne	Kaffrine	14.174	-15.4983	0
Soto	Kaffrine	14.0877	-15.5549	0
Sâgna	Kaffrine	14.093	-15.3857	0
Ségré Gatta	Kaffrine	14.0007	-15.7339	0
Ségré Sékko	Kaffrine	14.039	-15.7469	0
Séli	Kaffrine	14.3345	-15.2201	0
Sélé	Kaffrine	14.4333	-15.7	0
Séma	Kaffrine	14.3767	-15.5493	0
Séyane Mbankouma	Kaffrine	14.0042	-15.1511	0
Taba	Kaffrine	14.2833	-14.9833	0
Taba	Kaffrine	14.0167	-14.7333	0
Tabadialène	Kaffrine	13.8	-15.1333	0
Tabakali	Kaffrine	14.3671	-15.2429	0
Tag Guèye	Kaffrine	14.2668	-14.9974	0
Taga	Kaffrine	13.8667	-15.3	0
Taga Kati	Kaffrine	13.9	-14.9333	0
Tagoum	Kaffrine	14.3863	-15.4785	0
Tako	Kaffrine	14.0	-14.7	0
Tamba	Kaffrine	13.8833	-15.2667	0
Tanèm	Kaffrine	14.1333	-14.8833	0
Taoua	Kaffrine	13.95	-15.0833	0
Taoua	Kaffrine	13.9	-15.4167	0
Tawa	Kaffrine	14.1253	-15.2858	0
Taïba	Kaffrine	13.95	-15.0333	0
Taïba	Kaffrine	13.9333	-15.45	0
Taïba Mboro	Kaffrine	14.0251	-15.2866	0
Taïba Ndioufène	Kaffrine	14.1167	-14.9833	0
Taïba Tialène	Kaffrine	14.0201	-15.1436	0
Taïf	Kaffrine	14.2123	-15.5363	0
Taïf Ndioum	Kaffrine	14.3911	-15.2325	0
Taïf Saloum	Kaffrine	14.3424	-15.4886	0
Taïf Tiékène	Kaffrine	14.4667	-14.7	0
Taïfa	Kaffrine	14.0314	-15.7627	0
Thiariakh Mouride	Kaffrine	14.3667	-14.65	0
Thidi Dièye	Kaffrine	14.1771	-15.8277	0
Thindy	Kaffrine	14.2614	-15.1179	0
Thioyène	Kaffrine	14.3	-14.9	0
Thissé	Kaffrine	14.0939	-15.084	0
Thièp	Kaffrine	14.3	-14.95	0
Thiéké	Kaffrine	14.6702	-15.3674	0
Tiaboulé	Kaffrine	14.5688	-15.0329	0
Tiadié Babou	Kaffrine	14.2833	-15.7833	0
Tialène	Kaffrine	13.9167	-15.6333	0
Tiamène	Kaffrine	13.95	-15.4	0
Tiantang	Kaffrine	14.0862	-15.1973	0
Tiarène	Kaffrine	14.05	-14.8667	0
Tielsedé	Kaffrine	14.4924	-15.3196	0
Tilmessane	Kaffrine	13.9333	-15.15	0
Tiobé	Kaffrine	14.2167	-14.9833	0
Tiolé	Kaffrine	14.5742	-15.238	0
Tione	Kaffrine	14.3954	-15.6169	0
Tioye Ndioum	Kaffrine	14.4169	-15.1985	0
Tioyé	Kaffrine	14.55	-14.7667	0
Tip Saloum	Kaffrine	14.3028	-15.406	0
Tissé	Kaffrine	14.0532	-15.5264	0
Tivaouane	Kaffrine	14.3369	-15.1508	0
Tivaouane Delbi	Kaffrine	14.2569	-15.321	0
Tivaouane Léwé	Kaffrine	14.2021	-15.6899	0
Tiékiène	Kaffrine	13.9	-15.5167	0
Tiékène	Kaffrine	13.9	-14.75	0
Tiétène Bara	Kaffrine	13.8667	-14.7167	0
Tobène	Kaffrine	14.1392	-15.3868	0
Torodo	Kaffrine	14.3113	-15.5826	0
Touba	Kaffrine	14.1667	-15.6333	0
Touba	Kaffrine	14.1167	-14.75	0
Touba Ali Fana	Kaffrine	13.8167	-15.1333	0
Touba Darou	Kaffrine	14.2445	-15.43	0
Touba Fal	Kaffrine	14.3742	-15.1597	0
Touba Guéyène	Kaffrine	14.2005	-15.1213	0
Touba Keur Cheïkh	Kaffrine	14.1175	-15.4333	0
Touba Khadoma	Kaffrine	14.1723	-15.8168	0
Touba Lambaye	Kaffrine	14.5006	-15.6386	0
Touba Loumbi	Kaffrine	14.5167	-14.7167	0
Touba Malèm	Kaffrine	14.1923	-15.1429	0
Touba Mbayène	Kaffrine	14.229	-15.1638	0
Touba Mbayène	Kaffrine	13.9	-14.8667	0
Touba Mbéla	Kaffrine	14.2314	-15.682	0
Touba Mouride	Kaffrine	14.0358	-15.4235	0
Touba Ndioum	Kaffrine	14.4082	-15.1666	0
Touba Ndiéné	Kaffrine	14.4972	-15.1568	0
Touba Ngouye	Kaffrine	14.0167	-14.75	0
Touba Niane	Kaffrine	14.0268	-15.6795	0
Touba Peul	Kaffrine	14.5432	-15.0493	0
Touba Saloum	Kaffrine	14.2635	-15.2745	0
Touba Saloum	Kaffrine	14.3151	-15.5188	0
Touba Tawfekh	Kaffrine	14.2969	-15.4522	0
Touba Tiarène	Kaffrine	14.2833	-14.8167	0
Touba Warkéré	Kaffrine	14.4101	-15.4433	0
Toun	Kaffrine	14.1247	-15.5811	0
Toun Sinthie	Kaffrine	14.1317	-15.5788	0
Tyikat Diéri	Kaffrine	14.0657	-15.8314	0
Tâba	Kaffrine	14.5032	-15.6553	0
Tékhé	Kaffrine	14.0587	-15.3013	0
Témine	Kaffrine	13.95	-15.25	0
Vanar	Kaffrine	13.8833	-15.6167	0
Veltiennkou	Kaffrine	13.7833	-15.3833	0
Veïnane	Kaffrine	13.9833	-15.2167	0
Vilanène	Kaffrine	13.85	-14.95	0
Wadiour Abât	Kaffrine	14.6466	-15.3272	0
Wadène	Kaffrine	14.0143	-15.0612	0
Walalane	Kaffrine	14.0248	-15.4441	0
Wandé	Kaffrine	14.1989	-15.4056	0
Waoumane	Kaffrine	14.3667	-15.65	0
Warkéré	Kaffrine	14.4032	-15.4506	0
Weyndé	Kaffrine	14.1604	-15.6567	0
Wilanène	Kaffrine	14.0482	-15.5411	0
Wondou Boniédji	Kaffrine	14.5301	-15.4266	0
Yamane	Kaffrine	14.177	-15.0827	0
Yara Peul	Kaffrine	14.4273	-15.6284	0
Yassi	Kaffrine	14.2211	-15.0437	0
Yati Rhaye	Kaffrine	14.2667	-14.7333	0
Yoman	Kaffrine	13.9667	-14.9333	0
Yougouré Keur Morbèye	Kaffrine	14.35	-15.7833	0
Yâlel Diaké	Kaffrine	14.2546	-15.7228	0
Arwal	Kaolack	13.8992	-16.1036	0
Atiou Samba Faye	Kaolack	14.312	-15.9616	0
Aïnoumal	Kaolack	13.6167	-15.6667	0
Aïnoumane Madina	Kaolack	14.4236	-15.7548	0
Babol	Kaolack	14.3182	-16.2257	0
Babou	Kaolack	13.6833	-15.7	0
Bagui	Kaolack	14.2518	-16.2172	0
Bak Samba Dior	Kaolack	14.2939	-16.0374	0
Bakésaloum	Kaolack	13.7167	-15.8333	0
Bamba	Kaolack	13.7333	-15.7333	0
Bamba	Kaolack	13.95	-15.9833	0
Bandoulou	Kaolack	14.0055	-16.2333	0
Bane Gori	Kaolack	14.1439	-16.2286	0
Bane Samane	Kaolack	14.1302	-16.2313	0
Bane Soutoura	Kaolack	14.1459	-16.2264	0
Barkjéwèl	Kaolack	13.8	-15.7667	0
Bassabou	Kaolack	13.9333	-15.9167	0
Batara Kaba	Kaolack	14.016	-16.1045	0
Batara Ndiala	Kaolack	14.0305	-16.1012	0
Batara Wolof	Kaolack	14.0165	-16.1133	0
Belfadak	Kaolack	14.3199	-16.0918	0
Bil Bambara	Kaolack	14.0918	-16.1376	0
Bindiw	Kaolack	14.3705	-15.9455	0
Bodione	Kaolack	14.3514	-16.1789	0
Bof Kop	Kaolack	14.3326	-16.2379	0
Boubi Ndiyam	Kaolack	14.3552	-16.1069	0
Boubi Ndèm	Kaolack	14.3513	-16.1293	0
Bouboudième	Kaolack	13.8167	-15.7833	0
Bouchra	Kaolack	14.1671	-16.1092	0
Boul Soutoura	Kaolack	14.0755	-16.1036	0
Bouldiabé Boumak	Kaolack	14.0247	-16.2042	0
Bouldiabé Santhie	Kaolack	14.0327	-16.205	0
Boulou Boki	Kaolack	13.65	-15.7833	0
Boulèye Dia	Kaolack	13.6167	-15.9	0
Boumbouni	Kaolack	13.6	-15.55	0
Bountou Bolong	Kaolack	14.1168	-16.2089	0
Bourndou	Kaolack	14.192	-16.0314	0
Bouthie	Kaolack	14.2125	-16.2964	0
Bowé	Kaolack	13.8177	-16.1581	0
Bélikaél	Kaolack	14.2643	-16.2955	0
Bélél Gadiali	Kaolack	14.2892	-16.1417	0
Campement	Kaolack	14.0698	-15.9637	0
Campement Ibou Dramé	Kaolack	14.0665	-16.0886	0
Colobane	Kaolack	14.303	-16.0845	0
Coupé	Kaolack	13.9167	-15.85	0
Dabali	Kaolack	13.75	-15.6833	0
Dabane Guéladio	Kaolack	14.0511	-16.1075	0
Dabane Wolof	Kaolack	14.0416	-16.0995	0
Dafar	Kaolack	13.8	-15.8667	0
Daga	Kaolack	13.7833	-15.7333	0
Daga Ali Bouri	Kaolack	13.6833	-15.8	0
Daga Bani Ndramé	Kaolack	13.7787	-16.0319	0
Daga Bani Wadène	Kaolack	13.8039	-16.0316	0
Daga Biram Un	Kaolack	13.9117	-16.1906	0
Daga Bokhi	Kaolack	14.1528	-15.997	0
Daga Daour	Kaolack	14.15	-15.9211	0
Daga Diakhaté	Kaolack	14.1256	-15.9329	0
Daga Diala	Kaolack	14.0833	-16.0167	0
Daga Mignane	Kaolack	14.13	-15.9179	0
Daga Sambaré	Kaolack	14.2565	-16.1069	0
Daga Sambou	Kaolack	13.9258	-16.0919	0
Daga Sangâye	Kaolack	14.0517	-16.1725	0
Daga Sérèr	Kaolack	14.2663	-16.1198	0
Daga Youndoum	Kaolack	14.0051	-15.9164	0
Dakar	Kaolack	14.2845	-15.9988	0
Dangara	Kaolack	14.1309	-15.9247	0
Dara	Kaolack	14.5	-15.7167	0
Dara Diaké	Kaolack	14.3209	-15.7143	0
Daro	Kaolack	13.75	-15.2167	0
Daro Koudous	Kaolack	13.85	-15.75	0
Daro Salam	Kaolack	13.7833	-15.75	0
Darou	Kaolack	13.6167	-15.4833	0
Darou Bak	Kaolack	14.2724	-16.045	0
Darou Baïla	Kaolack	13.9	-15.8	0
Darou Diaw	Kaolack	14.2268	-15.9444	0
Darou Diéné	Kaolack	14.2311	-15.905	0
Darou Djadji	Kaolack	14.3101	-15.8443	0
Darou Djaji Guéyène	Kaolack	14.3177	-15.8537	0
Darou Fal	Kaolack	14.2118	-15.9697	0
Darou Koudous	Kaolack	13.9833	-15.9	0
Darou Marnane	Kaolack	13.9667	-15.8833	0
Darou Matar	Kaolack	13.6906	-16.0987	0
Darou Mbitéyène	Kaolack	13.9837	-16.1393	0
Darou Mbitéyène	Kaolack	13.7383	-16.1537	0
Darou Mousti	Kaolack	13.8833	-15.8	0
Darou Nahim	Kaolack	14.2256	-15.9181	0
Darou Ngoloum	Kaolack	14.2427	-15.8929	0
Darou Nianghène	Kaolack	13.8801	-16.0296	0
Darou Pakatiar	Kaolack	13.9333	-15.8333	0
Darou Rahmane	Kaolack	14.3673	-15.8983	0
Darou Salam Mourid	Kaolack	13.6127	-16.1235	0
Darou Yermané	Kaolack	14.1663	-16.0171	0
Dertadi	Kaolack	13.8167	-15.8	0
Diaf Diammé	Kaolack	14.2877	-16.2893	0
Diaglé Ngor	Kaolack	14.1973	-16.102	0
Diagnel	Kaolack	14.0213	-16.0263	0
Diahene Sienté	Kaolack	13.8333	-15.9833	0
Diahène Dioubène	Kaolack	13.8	-15.9833	0
Diaklé	Kaolack	13.6	-15.5333	0
Dialo Kouna	Kaolack	13.7667	-15.6167	0
Diama Gadio	Kaolack	13.7833	-15.4167	0
Diama Guène	Kaolack	13.7833	-15.4333	0
Diama Tiévi	Kaolack	13.75	-15.4833	0
Diamaguène	Kaolack	13.7667	-15.8	0
Diambour	Kaolack	13.9833	-15.8167	0
Diamsira	Kaolack	14.3245	-16.237	0
Diamwéli Alassane	Kaolack	14.4773	-15.7284	0
Diamwéli Mor	Kaolack	14.4741	-15.7231	0
Diarèkh	Kaolack	13.9902	-16.1215	0
Diat Mourid Deux	Kaolack	14.3249	-16.1998	0
Diat Mourid Un	Kaolack	14.3393	-16.209	0
Diatmel Moussa	Kaolack	14.4144	-15.7585	0
Diemballa	Kaolack	13.75	-15.4167	0
Diguimar	Kaolack	13.65	-15.5833	0
Dinguiraye Marondé	Kaolack	14.0367	-16.1229	0
Dinguiraye Youssouf	Kaolack	14.027	-16.122	0
Dinnguiraye	Kaolack	13.85	-15.8667	0
Diokoul	Kaolack	14.2589	-16.1926	0
Diokoul Sob	Kaolack	14.2667	-16.1667	0
Diomkhél	Kaolack	14.2087	-16.1318	0
Diomkhél Peul	Kaolack	14.1978	-16.1254	0
Dionvelli	Kaolack	13.85	-15.8	0
Dioukoul Sob	Kaolack	14.3	-16.2	0
Diourbel	Kaolack	14.2333	-16.1833	0
Dièmoul	Kaolack	14.1822	-16.0947	0
Diéri Kao	Kaolack	13.6167	-15.5833	0
Djibaya	Kaolack	14.2383	-16.0115	0
Djilékhar	Kaolack	13.8735	-16.0972	0
Djissa Aliou	Kaolack	13.8069	-16.1881	0
Djissa Sadio	Kaolack	13.8211	-16.1881	0
Djéné	Kaolack	14.5	-15.7167	0
Dongoro	Kaolack	13.65	-15.6333	0
Doubourou	Kaolack	13.8284	-16.1222	0
Dramé Dimbou	Kaolack	13.6	-15.9667	0
Dya	Kaolack	14.2393	-16.1675	0
Délé	Kaolack	14.2685	-15.8338	0
Edy	Kaolack	14.087	-15.9208	0
Falifa	Kaolack	13.6	-15.7167	0
Farabougou	Kaolack	14.1302	-15.963	0
Fas	Kaolack	14.3538	-16.0343	3904
Fas	Kaolack	13.7167	-15.5167	0
Fas	Kaolack	14.36	-15.7931	0
Fas	Kaolack	13.9992	-15.8675	0
Fas Guéladio	Kaolack	14.006	-16.105	0
Fas Kahone	Kaolack	14.1615	-16.0463	0
Fas Moussa Naye	Kaolack	14.0025	-16.0539	0
Fas Ngayène	Kaolack	13.739	-16.0987	0
Fas Nguindor	Kaolack	13.9244	-16.0268	0
Fas Nguéyène	Kaolack	13.7929	-16.1371	0
Fas Tiâmène	Kaolack	13.8728	-16.0571	0
Fas Toucouleur	Kaolack	13.9996	-16.095	0
Firgui	Kaolack	13.7	-15.6833	0
Forou	Kaolack	13.8667	-15.9167	0
Féto	Kaolack	13.6725	-16.0536	0
Gagnik	Kaolack	14.3419	-15.9854	0
Gagnik Keur Sérigne Ndiaga	Kaolack	14.333	-15.9815	0
Gagnik Khodjil	Kaolack	14.3111	-16.0046	0
Gainthe pathe	Kaolack	14.2225	-14.8082	0
Gamboul	Kaolack	14.2162	-16.2217	0
Gamboul Keur Matar	Kaolack	14.2291	-16.2345	0
Ganboul Escale	Kaolack	14.2	-16.2333	0
Ganda	Kaolack	13.95	-15.9	0
Gandiaye	Kaolack	14.2436	-16.2723	18239
Garan	Kaolack	13.7333	-15.5833	0
Gniline Goumak	Kaolack	13.8863	-16.0487	0
Gniline Santhie	Kaolack	13.9131	-16.0578	0
Gnolanèm	Kaolack	14.1867	-16.0588	0
Gobak	Kaolack	13.9333	-15.8833	0
Gomone	Kaolack	14.2778	-16.1394	0
Goria	Kaolack	13.7333	-15.9833	0
Goundi	Kaolack	13.9	-15.9833	0
Gowothie Nguéyène	Kaolack	14.3428	-16.098	0
Gowothie Sérèr	Kaolack	14.3265	-16.0948	0
Gowothie Wadène	Kaolack	14.3404	-16.1003	0
Gueoul Saloum	Kaolack	14.2547	-15.3539	0
Guienté Kaye	Kaolack	13.8333	-15.9667	0
Guigne	Kaolack	14.3111	-15.8981	0
Guinguinéo	Kaolack	14.2695	-15.9451	20340
Guiné	Kaolack	13.7808	-16.0619	0
Hafé	Kaolack	13.9066	-16.177	0
Hamdalaye	Kaolack	13.8	-15.8167	0
Hanène	Kaolack	14.0311	-15.9911	0
Hanène	Kaolack	13.8018	-16.1348	0
Kabakoto	Kaolack	13.7833	-15.65	0
Kabatoki	Kaolack	14.1718	-16.1382	0
Kadiel	Kaolack	14.05	-15.8167	0
Kado	Kaolack	14.1887	-15.8494	0
Kahone	Kaolack	14.1584	-16.0357	26376
Kakoat	Kaolack	13.9333	-16.0	0
Kalassane	Kaolack	14.3211	-15.8917	0
Kalière	Kaolack	14.1865	-15.9942	0
Kantor	Kaolack	13.65	-15.7333	0
Kaolack	Kaolack	14.152	-16.0726	298904
Kaolak	Kaolack	14.035	-16.0803	0
Kassas	Kaolack	13.8833	-15.6833	0
Kawil	Kaolack	14.0531	-16.0485	0
Kawitiane	Kaolack	13.9338	-16.0611	0
Kawssa	Kaolack	14.0207	-16.2315	0
Kayi	Kaolack	14.3779	-15.9956	0
Kaymor	Kaolack	13.7667	-15.6	0
Kembou	Kaolack	13.8946	-16.0287	0
Ker Katim	Kaolack	13.5833	-15.8833	0
Keur Abdou Bouri	Kaolack	13.6833	-15.7	0
Keur Abdou Diafé	Kaolack	13.805	-16.0578	0
Keur Abdou Khoulé	Kaolack	14.034	-15.9375	0
Keur Abdou Mam	Kaolack	13.9053	-16.0838	0
Keur Abdou Matar	Kaolack	13.7986	-16.2411	0
Keur Abdou Mbâs	Kaolack	13.5943	-16.1306	0
Keur Abibou	Kaolack	13.75	-15.8667	0
Keur Aboudou	Kaolack	14.0	-15.9833	0
Keur Al Adji Mamat Aoua	Kaolack	13.9	-15.7	0
Keur Alassane Diaw	Kaolack	13.967	-16.0108	0
Keur Alassane Khodia	Kaolack	13.6333	-15.8833	0
Keur Alfa	Kaolack	14.2678	-16.3132	0
Keur Ali	Kaolack	13.9735	-16.1904	0
Keur Ali Bassine	Kaolack	14.0239	-15.8156	0
Keur Ali Diangou	Kaolack	13.7833	-15.6	0
Keur Ali Guèye	Kaolack	13.75	-15.85	0
Keur Ali Mbât	Kaolack	13.6674	-16.1005	0
Keur Ali Paté	Kaolack	13.7	-15.9167	0
Keur Ali Samba	Kaolack	13.6833	-15.8833	0
Keur Ama Ngoné	Kaolack	13.9167	-15.8833	0
Keur Amadi Ndiomé	Kaolack	13.6946	-16.0471	0
Keur Amadi Nguénar	Kaolack	13.6629	-16.1272	0
Keur Amat Fal	Kaolack	13.7833	-15.9833	0
Keur Amat Rasta	Kaolack	13.8	-15.8833	0
Keur Amat Seydou	Kaolack	13.663	-16.0047	0
Keur Assane Diassé	Kaolack	13.6951	-16.1261	0
Keur Ayip	Kaolack	13.6	-15.6167	0
Keur Baba Sar	Kaolack	14.4231	-15.7048	0
Keur Babou Dio	Kaolack	13.6333	-15.8	0
Keur Babou Fadi	Kaolack	13.6	-15.6667	0
Keur Babou Mbombé	Kaolack	13.6888	-16.1389	0
Keur Babou Ngoné	Kaolack	13.6833	-15.75	0
Keur Baka	Kaolack	13.9333	-15.95	0
Keur Baka	Kaolack	13.6586	-15.6781	0
Keur Baka	Kaolack	14.017	-16.1339	0
Keur Baka Awa	Kaolack	13.8066	-16.237	0
Keur Bakari	Kaolack	14.249	-16.349	0
Keur Bakari	Kaolack	13.7167	-15.5667	0
Keur Bala Hane	Kaolack	13.8996	-16.0309	0
Keur Bam	Kaolack	13.9774	-16.0241	0
Keur Bamba	Kaolack	13.6833	-15.6	0
Keur Bandiougou	Kaolack	13.8333	-15.8167	0
Keur Bano Wolof	Kaolack	13.8587	-16.1622	0
Keur Bara	Kaolack	13.8667	-15.8667	0
Keur Bidi Aoua	Kaolack	13.7167	-15.9	0
Keur Bidji Ouri	Kaolack	13.7833	-15.7833	0
Keur Biram	Kaolack	13.8667	-15.95	0
Keur Biram Paté	Kaolack	14.0667	-15.85	0
Keur Birane Ndiopi	Kaolack	13.7258	-16.1537	0
Keur Biédi	Kaolack	14.0667	-15.8333	0
Keur Bokar	Kaolack	13.9752	-16.0226	0
Keur Bokar Diallo	Kaolack	13.979	-16.1561	0
Keur Bouboa	Kaolack	13.7167	-15.65	0
Keur Bourama Diâra	Kaolack	13.7051	-16.135	0
Keur Boydo	Kaolack	13.9975	-16.0531	0
Keur Cheikhou Ndiaye	Kaolack	13.6964	-16.0115	0
Keur Dame	Kaolack	13.844	-16.1788	0
Keur Daouda	Kaolack	14.3252	-15.8962	0
Keur Daour	Kaolack	14.0182	-15.9733	0
Keur Demba	Kaolack	14.1254	-15.8624	0
Keur Demba Diabi	Kaolack	13.6	-15.8667	0
Keur Demba Diaw	Kaolack	14.0437	-16.0174	0
Keur Demba Diki	Kaolack	14.0899	-16.2071	0
Keur Diabel	Kaolack	13.8667	-15.7	0
Keur Diabel	Kaolack	13.85	-15.8167	0
Keur Diagakham	Kaolack	13.9478	-16.1716	0
Keur Diam	Kaolack	13.8585	-16.1177	0
Keur Diamba Soutoura	Kaolack	14.1132	-15.895	0
Keur Diara Bambara	Kaolack	14.0835	-16.1372	0
Keur Diara Peul	Kaolack	14.083	-16.1292	0
Keur Diata	Kaolack	13.6333	-15.7833	0
Keur Diemé	Kaolack	14.1167	-16.2333	0
Keur Dimbou	Kaolack	14.1	-16.15	0
Keur Dinguéré	Kaolack	13.7321	-16.0498	0
Keur Diwré	Kaolack	14.0546	-16.0354	0
Keur Diâbél	Kaolack	13.9833	-15.7833	0
Keur Djigane	Kaolack	14.2797	-16.1516	0
Keur Dogo	Kaolack	14.2667	-16.2167	0
Keur El Hadji Malik Gaye	Kaolack	13.6014	-16.1372	0
Keur El Hadji Samba	Kaolack	13.804	-16.2014	0
Keur Essar	Kaolack	13.9891	-16.026	0
Keur Fafa Bouri	Kaolack	13.7949	-16.2355	0
Keur Fodé	Kaolack	14.2145	-16.2543	0
Keur Fodé	Kaolack	13.5911	-15.9931	0
Keur Galadio	Kaolack	13.7167	-15.9667	0
Keur Galaye Bari	Kaolack	13.6232	-16.0309	0
Keur Galo	Kaolack	14.068	-15.8524	0
Keur Galo Diaw	Kaolack	14.0586	-16.1539	0
Keur Galo Débo	Kaolack	14.0795	-16.0562	0
Keur Galo Kanté	Kaolack	14.2	-15.8333	0
Keur Galoup	Kaolack	14.3038	-16.2449	0
Keur Gamon	Kaolack	13.85	-15.8333	0
Keur Gaye	Kaolack	13.8	-15.8667	0
Keur Gaye	Kaolack	13.7662	-16.1294	0
Keur Guirane	Kaolack	13.9665	-16.1431	0
Keur Kab	Kaolack	13.9636	-16.1597	0
Keur Kabou	Kaolack	14.2924	-15.9928	0
Keur Katim Diema	Kaolack	13.6667	-15.6167	0
Keur Kibari	Kaolack	14.2833	-16.1833	0
Keur Kibiri	Kaolack	14.1165	-16.2171	0
Keur Koumba Daga	Kaolack	14.3009	-16.2817	0
Keur Kékouta	Kaolack	14.1383	-16.2507	0
Keur Lahine Sakho	Kaolack	13.812	-16.2136	0
Keur Lali	Kaolack	13.6	-15.7833	0
Keur Lamine	Kaolack	13.7156	-16.0418	0
Keur Lamine	Kaolack	14.3313	-16.2278	0
Keur Lassana	Kaolack	14.1095	-16.2207	0
Keur Layène	Kaolack	13.6333	-15.6167	0
Keur Layène	Kaolack	13.7	-15.8667	0
Keur Laïti	Kaolack	14.2596	-16.2161	0
Keur Léba	Kaolack	14.3313	-16.1962	0
Keur Maba Diakhou	Kaolack	13.65	-15.9833	0
Keur Mademba	Kaolack	13.7333	-15.6833	0
Keur Madi Yassine	Kaolack	13.7086	-16.1167	0
Keur Madiabel	Kaolack	13.8472	-16.0577	10542
Keur Madiabou	Kaolack	13.9913	-16.1616	0
Keur Madieng	Kaolack	14.2624	-15.911	0
Keur Madiké	Kaolack	13.8866	-16.1745	0
Keur Madio	Kaolack	13.9382	-16.0255	0
Keur Madiouf	Kaolack	14.3076	-16.1474	0
Keur Madiébél	Kaolack	13.7667	-15.7	0
Keur Maka	Kaolack	13.75	-15.6333	0
Keur Makam	Kaolack	13.9148	-16.0142	0
Keur Makam	Kaolack	13.9108	-16.028	0
Keur Mala	Kaolack	13.9667	-15.7333	0
Keur Malahine	Kaolack	13.725	-16.1177	0
Keur Malik Diao	Kaolack	13.9167	-15.8833	0
Keur Malik Ndiaré	Kaolack	13.7696	-16.1783	0
Keur Malik Nor	Kaolack	14.3041	-16.2056	0
Keur Malik Ramata	Kaolack	13.7322	-16.0002	0
Keur Malé	Kaolack	13.9333	-15.7833	0
Keur Malô	Kaolack	13.8211	-16.0495	0
Keur Mamadou Ndaw	Kaolack	14.2296	-16.1525	0
Keur Mamadou Néné	Kaolack	13.6876	-16.05	0
Keur Mamour Anta	Kaolack	13.8315	-16.1717	0
Keur Mamour Koumba	Kaolack	13.757	-16.087	0
Keur Mamour Lô	Kaolack	14.0306	-15.9073	0
Keur Mamout	Kaolack	13.9333	-15.7167	0
Keur Mandaye	Kaolack	13.8833	-15.75	0
Keur Mandongo	Kaolack	13.8394	-16.1021	0
Keur Maniébé	Kaolack	13.8101	-16.0645	0
Keur Mari	Kaolack	14.2535	-16.2336	0
Keur Mary Mbakéri	Kaolack	14.0394	-15.9308	0
Keur Massakho	Kaolack	13.8119	-16.231	0
Keur Massamba Kodou	Kaolack	13.734	-15.9961	0
Keur Massar Ba	Kaolack	13.6667	-15.9	0
Keur Massiré Diawara	Kaolack	13.7772	-16.146	0
Keur Matar	Kaolack	13.6125	-16.0109	0
Keur Matar	Kaolack	14.2229	-16.234	0
Keur Matar Souna	Kaolack	13.857	-16.2092	0
Keur Matékhé	Kaolack	13.7414	-16.1135	0
Keur Mbagne Diop	Kaolack	14.2992	-16.2338	0
Keur Mbalo	Kaolack	14.1753	-15.9952	0
Keur Mbaye	Kaolack	13.85	-15.7333	0
Keur Mbaye Ndonk	Kaolack	13.9333	-15.9833	0
Keur Mbissane	Kaolack	14.3189	-16.1285	0
Keur Mboussi	Kaolack	14.05	-15.8667	0
Keur Modi Boïdo	Kaolack	14.1418	-15.9361	0
Keur Modi Sala	Kaolack	14.0214	-15.9393	0
Keur Momar	Kaolack	13.8833	-16.1	0
Keur Momar Anta	Kaolack	13.771	-16.2065	0
Keur Mor Kane	Kaolack	14.3403	-15.909	0
Keur Mor Ngoné	Kaolack	14.2041	-15.9411	0
Keur Mor Souté	Kaolack	14.014	-15.8731	0
Keur Mot Sokhna	Kaolack	13.8934	-16.0903	0
Keur Moussa Ali	Kaolack	14.0184	-16.0861	0
Keur Moussa Intia	Kaolack	13.8167	-15.75	0
Keur Moussa-Poste	Kaolack	13.6167	-15.8667	0
Keur Moutou	Kaolack	13.9667	-15.9667	0
Keur Nakoumba	Kaolack	13.7833	-15.9833	0
Keur Nala	Kaolack	13.6667	-15.7833	0
Keur Ndiaga Dialé	Kaolack	13.7064	-16.1472	0
Keur Ndiaga Peul	Kaolack	13.7032	-16.0482	0
Keur Ndiang	Kaolack	14.0207	-15.855	0
Keur Ndiankou	Kaolack	13.7833	-15.55	0
Keur Ndiouga	Kaolack	14.2808	-16.0406	0
Keur Ndong	Kaolack	14.0103	-15.9492	0
Keur Ndongo	Kaolack	13.7218	-16.0267	0
Keur Ndongo Koumbal	Kaolack	14.024	-15.9831	0
Keur Ndèné Khar	Kaolack	13.9952	-16.1731	0
Keur Ndèné Koumba Sar	Kaolack	14.2604	-16.1521	0
Keur Ndéné Ndaw	Kaolack	14.225	-16.1723	0
Keur Ngagne	Kaolack	14.3505	-15.9521	0
Keur Ngari	Kaolack	13.899	-16.0708	0
Keur Ngatane	Kaolack	13.6167	-15.6167	0
Keur Ngôr	Kaolack	13.6799	-16.0853	0
Keur Niokhor	Kaolack	14.3554	-15.8477	0
Keur Niène	Kaolack	13.9763	-16.114	0
Keur Oldy	Kaolack	14.1302	-15.8701	0
Keur Omar Khoudia	Kaolack	13.8993	-16.1786	0
Keur Omar Oumi	Kaolack	13.7663	-16.0385	0
Keur Ossène	Kaolack	13.75	-15.7167	0
Keur Ouar	Kaolack	13.65	-15.85	0
Keur Oumar	Kaolack	14.0107	-15.9942	0
Keur Oumar Tounkara	Kaolack	13.7667	-15.8667	0
Keur Paté	Kaolack	13.8	-15.7667	0
Keur Paté Malik	Kaolack	13.9063	-16.0381	0
Keur Saafadi	Kaolack	13.8667	-15.7167	0
Keur Saafatime	Kaolack	13.8667	-15.8333	0
Keur Saaloumbel	Kaolack	13.7333	-15.6167	0
Keur Sakou Baïdi	Kaolack	13.9529	-16.1834	0
Keur Sakoumba	Kaolack	13.7271	-16.0475	0
Keur Samba	Kaolack	13.7667	-15.5167	0
Keur Samba Amat	Kaolack	13.7494	-16.128	0
Keur Samba Ka	Kaolack	13.6945	-16.0307	0
Keur Samba Kouta	Kaolack	13.6	-15.7333	0
Keur Samba Ndoukou	Kaolack	13.6833	-15.8167	0
Keur Samba Rakhi	Kaolack	13.8234	-16.0228	0
Keur Samba Rakhi Ndramé	Kaolack	13.8314	-16.0215	0
Keur Samba Tiadji	Kaolack	14.0944	-16.2066	0
Keur Samgoulaye	Kaolack	13.7007	-16.0375	0
Keur Sarokhi	Kaolack	13.6453	-16.0403	0
Keur Serigne Ndar	Kaolack	13.9866	-16.1917	0
Keur Seydou Bâ	Kaolack	13.7024	-16.147	0
Keur Seydou Hane	Kaolack	13.6738	-16.0339	0
Keur Sidi	Kaolack	14.0241	-16.0846	0
Keur Sir Mbaye	Kaolack	14.4833	-15.7833	0
Keur Sissoko	Kaolack	14.29	-16.2167	0
Keur Sièt	Kaolack	13.65	-15.6333	0
Keur Sièt Diop	Kaolack	13.95	-15.7667	0
Keur Socé	Kaolack	13.9888	-16.0585	0
Keur Sossé Koumba	Kaolack	14.1231	-16.2421	0
Keur Souka	Kaolack	14.218	-16.138	0
Keur Soulé	Kaolack	13.7167	-15.85	0
Keur Sountou	Kaolack	13.7	-15.7833	0
Keur Soutoura	Kaolack	13.8833	-15.9333	0
Keur Soutoura	Kaolack	14.0028	-16.1961	0
Keur Soutoura Diombo	Kaolack	14.0093	-15.8974	0
Keur Sèt	Kaolack	13.6833	-15.7667	0
Keur Sélé Diabong	Kaolack	14.0286	-16.1651	0
Keur Séring Amadou	Kaolack	13.8667	-15.7667	0
Keur Séring Oumar Ndao	Kaolack	13.9	-15.8667	0
Keur Séring Taïba	Kaolack	13.9667	-15.7667	0
Keur Séring Tioye	Kaolack	13.6167	-15.6	0
Keur Tafa	Kaolack	13.663	-16.0567	0
Keur Tagouthie	Kaolack	14.2738	-16.2041	0
Keur Tamba	Kaolack	13.6	-15.7833	0
Keur Tamsir Khodia	Kaolack	13.5942	-16.0476	0
Keur Taïbé	Kaolack	14.0734	-15.9855	0
Keur Tianderi	Kaolack	13.95	-15.8667	0
Keur Tierno Touré	Kaolack	13.7614	-16.191	0
Keur Tierno Touré	Kaolack	13.7822	-16.1999	0
Keur Timbi	Kaolack	13.9333	-15.8667	0
Keur Tjidi	Kaolack	13.6	-15.8667	0
Keur Wak	Kaolack	13.9725	-16.0592	0
Keur Wak Dia	Kaolack	14.0234	-16.1847	0
Keur Wali Ndiaye	Kaolack	14.0437	-16.2084	0
Keur Wali Ngar	Kaolack	14.2387	-16.237	0
Keur Yoro Khodia	Kaolack	13.7352	-16.0186	0
Keur Yoro Soumbou	Kaolack	14.0149	-16.198	0
Keur Yorodou	Kaolack	14.0256	-15.8937	0
Keur Yougo	Kaolack	13.6	-15.8	0
Keur Yougo	Kaolack	14.1051	-16.205	0
Keur Yougo	Kaolack	14.0445	-16.0334	0
Keur Yéri	Kaolack	14.3415	-16.006	0
Khalambas (Pinlaw)	Kaolack	14.2522	-16.3134	0
Khaye	Kaolack	13.9333	-15.7833	0
Khayokh	Kaolack	14.288	-16.0653	0
Khelcom	Kaolack	14.0925	-15.2846	0
Khombole	Kaolack	14.2682	-16.1522	0
Khouyré	Kaolack	14.1289	-15.9037	0
Khélkom	Kaolack	14.2228	-16.0649	0
Kirpa	Kaolack	14.1682	-15.9465	0
Koki	Kaolack	13.9167	-15.7167	0
Kolma Diordior	Kaolack	13.8167	-15.8667	0
Kolma Peul	Kaolack	13.8167	-15.8333	0
Kolomba	Kaolack	13.75	-15.6333	0
Kongoli	Kaolack	14.1801	-15.9896	0
Koné	Kaolack	13.95	-15.95	0
Kossi Ali Guèye	Kaolack	14.0455	-16.1455	0
Kossi Mbitéyène	Kaolack	14.0576	-16.1247	0
Kossi Tiamène	Kaolack	14.0622	-16.1378	0
Koté Nété	Kaolack	13.7486	-16.1421	0
Kouaré	Kaolack	13.8333	-15.9333	0
Koudom	Kaolack	13.82	-16.0912	0
Kouloumbodou	Kaolack	13.7	-15.6167	0
Koumbal	Kaolack	14.0172	-16.0189	0
Koung Koung Sérèr	Kaolack	14.3164	-16.1866	0
Koung Koung Tialène	Kaolack	14.3133	-16.1671	0
Kounias	Kaolack	14.0835	-15.8514	0
Kounkoudiang	Kaolack	14.1052	-16.2152	0
Koupar	Kaolack	13.6667	-15.6	0
Kouranko	Kaolack	13.5935	-16.0408	0
Koutal Baka	Kaolack	14.0735	-16.0913	0
Koutal Camp	Kaolack	14.0879	-16.0592	0
Koutal Sérèr	Kaolack	14.08	-16.0728	0
Koutal Wolof	Kaolack	14.0881	-16.0679	0
Koutal Yougo	Kaolack	14.0718	-16.0669	0
Koutango	Kaolack	13.6703	-16.0716	0
Koutièye	Kaolack	13.9445	-16.0152	0
Koèl	Kaolack	13.6271	-15.6425	0
Koïlal Alfa	Kaolack	14.0749	-16.0181	0
Koïlal Moussa Boye	Kaolack	14.0749	-16.0118	0
Kâkoth	Kaolack	13.9298	-16.0025	0
Kébé	Kaolack	14.2241	-16.0502	0
Kébé Mboudaye	Kaolack	13.9661	-16.2056	0
Kébé Walo	Kaolack	13.8586	-16.0383	0
Kére	Kaolack	13.7833	-16.2333	0
Kéroual	Kaolack	13.9167	-15.7333	0
Laloye	Kaolack	14.329	-15.9491	0
Lambokhé	Kaolack	14.3457	-16.069	0
Latmingué	Kaolack	14.0697	-15.9331	0
Layène Korédia	Kaolack	13.8167	-15.9	0
Likèm	Kaolack	14.2532	-16.0955	0
Linndiane	Kaolack	14.1833	-16.1667	0
Lohine	Kaolack	13.8054	-16.1203	0
Lohène	Kaolack	13.8768	-16.158	0
Lohène	Kaolack	13.6667	-15.5167	0
Lougué	Kaolack	13.7833	-15.7667	0
Louki Séane	Kaolack	14.2578	-16.0284	0
Loumène Massar	Kaolack	13.889	-16.0757	0
Lyndiane	Kaolack	14.1833	-16.1387	0
Lâmaram Badiane	Kaolack	13.9516	-16.0694	0
Léona	Kaolack	13.8	-15.5333	0
Léyène	Kaolack	13.7333	-15.7	0
Mabo	Kaolack	13.9167	-15.6833	0
Madia	Kaolack	14.2843	-15.821	0
Madina Babou	Kaolack	14.0043	-15.8356	0
Madina Mbaye	Kaolack	14.3271	-15.8486	0
Madiéri	Kaolack	14.2459	-15.8791	0
Maka Fas	Kaolack	13.9833	-15.8333	0
Maka Mbaye	Kaolack	14.3131	-15.9133	0
Maka Ndiaye	Kaolack	14.1693	-16.0385	0
Maka Soumbél	Kaolack	14.3247	-16.0667	0
Maka-Gouye	Kaolack	13.8	-14.95	0
Makhama	Kaolack	13.8167	-15.0333	0
Malem Hodar	Kaolack	14.0831	-15.1497	0
Malène	Kaolack	13.9333	-15.7333	0
Mandé Diégane Tiaré	Kaolack	14.2843	-16.1289	0
Mandé Keur Diène	Kaolack	14.3035	-16.1301	0
Mandé Keur Miniane	Kaolack	14.2983	-16.1211	0
Mandé Kouta	Kaolack	14.3152	-16.1108	0
Mandéra	Kaolack	13.6192	-16.0565	0
Mankakounda	Kaolack	13.6167	-15.7833	0
Mbaboumi	Kaolack	14.2295	-15.9928	0
Mbadakhoun	Kaolack	14.2076	-16.0204	0
Mbadiou	Kaolack	13.9687	-16.0903	0
Mbadiène	Kaolack	13.7184	-16.1149	0
Mbadiène	Kaolack	14.0036	-16.0088	0
Mbafaye	Kaolack	14.1879	-15.9309	0
Mbaké Saloum	Kaolack	14.3385	-16.1785	0
Mbakéri	Kaolack	13.8171	-16.1454	0
Mbanpana	Kaolack	13.6667	-16.1167	0
Mbap	Kaolack	13.6	-15.4833	0
Mbap	Kaolack	13.7167	-15.7833	0
Mbaye Faye Fafa	Kaolack	13.7333	-15.8	0
Mbaye Faye Ouali Bop	Kaolack	13.7333	-15.85	0
Mbayene	Kaolack	13.9421	-15.692	0
Mbaylar Wolof	Kaolack	13.9633	-16.0352	0
Mbediar	Kaolack	14.3138	-15.9383	0
Mbel Sob	Kaolack	14.2855	-16.2307	0
Mbenguène	Kaolack	14.2076	-15.848	0
Mbessédji Bara	Kaolack	14.3237	-15.7505	0
Mbessédji Macissé	Kaolack	14.32	-15.7224	0
Mbessédji Mansali	Kaolack	14.3208	-15.7516	0
Mbitéyène	Kaolack	13.75	-15.95	0
Mbitéyène Abdou	Kaolack	13.9191	-16.1457	0
Mbitéyène Momat	Kaolack	13.8949	-16.1388	0
Mbitéyène Wélor	Kaolack	14.03	-16.2608	0
Mbodiène	Kaolack	14.2173	-16.1701	0
Mbokhéodof	Kaolack	14.2343	-16.3096	0
Mbos	Kaolack	14.3648	-15.7458	4347
Mbos	Kaolack	13.9986	-16.0038	0
Mbos Bala Peul	Kaolack	14.3963	-15.7323	0
Mboudaye	Kaolack	13.9088	-15.9999	0
Mboudaye Sérèr	Kaolack	13.9308	-16.1805	0
Mboudaye Tawa	Kaolack	13.974	-16.2033	0
Mboulo Mbofi	Kaolack	14.195	-16.0138	0
Mboulougne Diavandou	Kaolack	14.3837	-15.7056	0
Mboulougne Saer	Kaolack	14.4217	-15.7613	0
Mboulougne Sénou	Kaolack	14.4139	-15.7843	0
Mboulèm	Kaolack	14.2209	-16.0302	0
Mbouma	Kaolack	13.9044	-16.0708	0
Mbowène	Kaolack	13.98	-16.0714	0
Mbélbouk	Kaolack	14.2705	-16.2407	0
Mbélobé	Kaolack	14.2655	-16.1296	0
Mbélonguit	Kaolack	14.2582	-16.2975	0
Medinatoul Salam 2	Kaolack	14.0766	-15.0767	0
Medinatoul Salam 2	Kaolack	14.0427	-15.5322	0
Missira	Kaolack	13.7664	-15.9959	0
Missira Diné	Kaolack	13.8662	-16.0583	0
Missira Thissé	Kaolack	13.8428	-16.2216	0
Missirah Wadene	Kaolack	14.2293	-14.8523	0
Moula Ndiaga	Kaolack	13.992	-15.8118	0
Médina	Kaolack	13.7167	-15.8667	0
Médina Babou	Kaolack	13.9667	-15.7833	0
Médina Bèye	Kaolack	13.9097	-16.0169	0
Médina Diané	Kaolack	13.7835	-16.1898	0
Médina Laïti	Kaolack	13.9443	-16.0315	0
Médina Mas	Kaolack	13.7734	-16.0605	0
Médina Mbandji	Kaolack	13.8284	-16.1436	0
Médina Mbaye Faye	Kaolack	13.7167	-15.8833	0
Médina Sabakh	Kaolack	13.6	-15.5833	0
Médina Salam	Kaolack	13.7634	-16.1479	0
Médina Tiâmène	Kaolack	13.7091	-16.0652	0
Méréla Santhie	Kaolack	13.7885	-16.0862	0
Méréla Yoro	Kaolack	13.7822	-16.0782	0
Méw Méw	Kaolack	14.3033	-15.9772	0
Naolérou	Kaolack	13.6	-15.9333	0
Nawdourou	Kaolack	14.0857	-15.9555	0
Ndaissé Alfa	Kaolack	13.9291	-16.159	0
Ndaissé Babou	Kaolack	13.918	-16.1592	0
Ndaissé Sadio	Kaolack	13.9238	-16.1646	0
Ndak Deux	Kaolack	14.2669	-16.2704	0
Ndak Un	Kaolack	14.2802	-16.2516	0
Ndalane Bambara	Kaolack	14.2967	-16.1996	0
Ndam Lô	Kaolack	13.6941	-16.0104	0
Ndama	Kaolack	13.8167	-15.7	0
Ndangane	Kaolack	14.0764	-15.924	0
Ndangour	Kaolack	14.4813	-15.7077	0
Ndaramé	Kaolack	13.8167	-15.0333	0
Ndawène	Kaolack	14.3205	-15.7598	0
Ndawène	Kaolack	13.954	-16.1897	0
Ndayiri	Kaolack	14.3152	-16.2654	0
Ndem	Kaolack	13.8143	-16.1029	0
Nderi	Kaolack	13.95	-15.8	0
Ndiabo	Kaolack	13.65	-15.5	0
Ndiafat	Kaolack	14.0753	-16.1695	0
Ndiafat Peul	Kaolack	14.0955	-16.1565	0
Ndiafat Sossé	Kaolack	14.0901	-16.1648	0
Ndiafat Sérèr	Kaolack	14.0872	-16.1699	0
Ndiafat Wolof	Kaolack	14.0842	-16.1723	0
Ndiaffate Escale	Kaolack	14.0748	-16.1744	0
Ndiafori	Kaolack	13.7947	-16.1481	0
Ndiaga	Kaolack	13.9333	-15.75	0
Ndiagne	Kaolack	13.9256	-16.1077	0
Ndiagne Kahone	Kaolack	14.352	-15.8213	0
Ndiago	Kaolack	14.3165	-15.896	0
Ndiago Deux	Kaolack	13.8574	-16.099	0
Ndiago Un	Kaolack	13.7888	-16.0566	0
Ndiaguène	Kaolack	13.9436	-16.0503	0
Ndiahène	Kaolack	13.6667	-15.6833	0
Ndiakhate	Kaolack	13.9727	-16.1793	0
Ndialigué	Kaolack	14.3205	-15.9665	0
Ndiam	Kaolack	13.9833	-15.9167	0
Ndiaouara	Kaolack	13.6	-15.7	0
Ndiaré Ndiaye	Kaolack	14.4504	-15.7567	0
Ndiatiang	Kaolack	14.0385	-16.2289	0
Ndiavène	Kaolack	13.8	-15.7167	0
Ndiawara Alkali	Kaolack	13.7888	-16.0135	0
Ndiawène	Kaolack	13.8681	-16.0286	0
Ndiaye Guèye	Kaolack	14.314	-16.2154	0
Ndiayène Momat	Kaolack	13.7275	-16.097	0
Ndiayène Poste	Kaolack	13.61	-16.0359	0
Ndiba	Kaolack	14.3543	-16.1461	0
Ndiba	Kaolack	13.6898	-16.0741	0
Ndiba	Kaolack	13.7667	-15.55	0
Ndiba Ndiayène	Kaolack	13.6833	-15.6667	0
Ndiebel	Kaolack	14.346	-16.1566	0
Ndieguiène	Kaolack	13.65	-15.8833	0
Ndilé	Kaolack	14.0295	-15.8033	0
Ndindi	Kaolack	14.3018	-15.8045	0
Ndingler	Kaolack	14.3795	-15.7053	0
Ndingler Mboubène	Kaolack	14.2678	-15.9883	0
Ndingler Ndiayène	Kaolack	14.2581	-15.9886	0
Ndingler Tawfekh	Kaolack	14.2784	-15.9883	0
Ndinglèr Peul	Kaolack	14.2682	-16.0002	0
Ndiobiène	Kaolack	13.9833	-15.8833	0
Ndiobène	Kaolack	13.9462	-16.1193	0
Ndiobène Galo	Kaolack	13.9089	-16.0014	0
Ndiobène Mat	Kaolack	13.9592	-16.0798	0
Ndiobène Talène	Kaolack	13.9427	-16.1228	0
Ndiodori	Kaolack	14.6333	-14.9833	0
Ndiolofène	Kaolack	14.3354	-15.7799	0
Ndiolofène	Kaolack	14.3703	-15.8654	0
Ndionguène	Kaolack	14.0123	-15.9298	0
Ndioufène	Kaolack	13.6833	-16.1167	0
Ndiouga Dramé	Kaolack	13.8333	-15.8667	0
Ndioungouti Malik	Kaolack	13.852	-16.127	0
Ndioungouti Serigne	Kaolack	13.8548	-16.133	0
Ndiourbel Ngor	Kaolack	14.2439	-16.179	0
Ndiourbel Sabour	Kaolack	14.2327	-16.1992	0
Ndiowane	Kaolack	14.2137	-16.1859	0
Ndirène	Kaolack	14.3428	-15.8574	0
Ndiènghène Modi	Kaolack	13.7575	-16.1598	0
Ndiédieng	Kaolack	13.95	-16.1667	0
Ndiédieng	Kaolack	13.949	-16.1532	0
Ndjigane Sérèr	Kaolack	13.8791	-16.1214	0
Ndofane	Kaolack	13.9167	-15.9333	12898
Ndofane Koli	Kaolack	14.2197	-16.1206	0
Ndofane Masserigne	Kaolack	14.1254	-15.9411	0
Ndofane Tanewar	Kaolack	14.227	-16.0999	0
Ndondiaye Peul	Kaolack	13.9107	-16.1346	0
Ndondiaye Sérèr	Kaolack	13.912	-16.1527	0
Ndoubor	Kaolack	14.2139	-16.0832	0
Ndour Ndour	Kaolack	14.2039	-16.0377	0
Ndramé Escale	Kaolack	13.7954	-16.1657	0
Ndémène	Kaolack	13.8333	-15.7667	0
Ngadé	Kaolack	14.142	-16.1167	0
Ngalagne	Kaolack	14.1919	-15.881	0
Ngalagne	Kaolack	14.2723	-16.11	0
Ngambi	Kaolack	13.9167	-15.8167	0
Ngane	Kaolack	14.216	-16.2066	0
Ngane Alassane	Kaolack	14.1833	-16.0833	0
Ngap	Kaolack	14.2575	-16.1744	0
Ngapar	Kaolack	13.8667	-15.8833	0
Ngar Amadou Yassine	Kaolack	14.2584	-15.8724	0
Ngar Dia	Kaolack	14.2634	-15.8887	0
Ngathie Bofel	Kaolack	14.1836	-15.9069	0
Ngathie Naoudé	Kaolack	14.1311	-15.8811	0
Ngathie Narga	Kaolack	14.2098	-15.9137	0
Ngathie Ndiassane	Kaolack	14.1736	-15.8621	0
Ngathie Peul	Kaolack	14.1695	-15.9006	0
Ngayène	Kaolack	13.6333	-15.95	0
Ngayène	Kaolack	13.6833	-15.5	0
Ngokaré	Kaolack	14.1809	-16.0391	0
Ngolothie	Kaolack	14.2071	-16.1572	0
Ngoloum	Kaolack	14.2176	-15.8842	0
Ngom Latri	Kaolack	14.5167	-15.65	0
Ngomène	Kaolack	13.684	-16.0617	0
Ngonsy	Kaolack	14.2534	-16.1656	0
Ngot	Kaolack	14.2786	-16.0613	0
Ngothie	Kaolack	14.2359	-16.2117	0
Ngoulé	Kaolack	13.6667	-16.05	0
Nguer Ali	Kaolack	13.8159	-16.0572	0
Nguer Babou	Kaolack	13.8004	-16.082	0
Ngueyène Ndari	Kaolack	13.7603	-16.1304	0
Nguindor	Kaolack	13.9298	-16.0373	0
Nguékokh	Kaolack	14.2521	-16.0628	0
Nguélou	Kaolack	14.3735	-15.9543	0
Nguélou Dissé	Kaolack	14.3936	-15.9414	0
Nguémé	Kaolack	14.2185	-15.9966	0
Nguévik	Kaolack	13.9	-15.85	0
Nguéyène	Kaolack	13.6001	-15.9907	0
Nguéyène Djim	Kaolack	13.7269	-16.0668	0
Niagniène	Kaolack	13.7833	-15.9333	0
Nianta	Kaolack	13.829	-16.0401	0
Niapa Balla	Kaolack	13.8667	-15.9833	0
Niapa Ndiagne	Kaolack	13.8815	-16.0032	0
Niapa Santhie	Kaolack	13.8909	-16.01	0
Niayène	Kaolack	13.6	-15.95	0
Nidji	Kaolack	13.6726	-16.1464	0
Nienghène Ibra	Kaolack	13.8128	-16.1219	0
Nioro du Rip	Kaolack	13.75	-15.8	20784
Néné	Kaolack	14.2727	-16.2201	0
Ourour	Kaolack	14.3267	-16.0319	0
Ousmane Koumba	Kaolack	13.7	-15.9833	0
Padaf	Kaolack	13.8	-15.5833	0
Pakala	Kaolack	13.6167	-15.5167	0
Pakala	Kaolack	13.8667	-15.9167	0
Pakane	Kaolack	13.7	-15.65	0
Pakatiar Ndavène	Kaolack	13.9333	-15.8167	0
Pakha	Kaolack	13.7667	-15.7167	0
Palado	Kaolack	14.1329	-15.9998	0
Panal Wolof	Kaolack	14.4438	-15.7096	0
Pané	Kaolack	13.6667	-15.95	0
Pané Mat	Kaolack	13.7524	-16.0144	0
Paoskoto	Kaolack	13.7833	-15.8167	0
Parassèl	Kaolack	14.1322	-15.9726	0
Passi Babou	Kaolack	13.7436	-16.1055	0
Passi Ngayène	Kaolack	13.7	-15.4667	0
Passi Rip	Kaolack	13.6	-15.6333	0
Passi Santhie	Kaolack	14.0015	-16.2664	0
Payama	Kaolack	13.6833	-15.5833	0
Paymar Wolof	Kaolack	13.8642	-16.142	0
Peul Ndiouga	Kaolack	14.2014	-16.068	0
Peul Ngadiari	Kaolack	14.2008	-16.0864	0
Peulga	Kaolack	13.7863	-16.1684	0
Pinlaw	Kaolack	14.2466	-16.3282	0
Pintok	Kaolack	14.2534	-16.2954	0
Pompone	Kaolack	13.9	-15.9167	0
Poubar	Kaolack	14.3	-14.6333	0
Poukham	Kaolack	14.3167	-16.1535	0
Poulmak	Kaolack	14.333	-16.0076	0
Prokhane	Kaolack	13.7	-15.8333	0
Pâfa Deux	Kaolack	14.2093	-15.983	0
Pâfa Un	Kaolack	14.2076	-15.9916	0
Pétègne	Kaolack	14.3277	-15.8085	0
Pétègne Kahone	Kaolack	14.3167	-15.8	0
Sabar Un	Kaolack	14.3663	-16.1327	0
Saboya	Kaolack	13.6191	-16.083	0
Sagnanèm	Kaolack	14.0285	-16.0742	0
Sagnar	Kaolack	14.2711	-16.1002	0
Sagne Bambara	Kaolack	14.2026	-16.1914	0
Sakhagne Deux	Kaolack	14.2908	-15.8898	0
Sakhagne Un	Kaolack	14.2959	-15.8955	0
Sam	Kaolack	14.2698	-16.0748	0
Sam	Kaolack	13.7	-15.8333	0
Sam Moussa	Kaolack	14.1499	-16.108	0
Sama Ndiayène	Kaolack	13.9937	-16.0928	0
Sama Toucouleur	Kaolack	14.007	-16.0734	0
Samako	Kaolack	13.7821	-16.105	0
Samba Siré	Kaolack	13.8	-15.6667	0
Samban Peul	Kaolack	14.3422	-15.935	0
Sambandé	Kaolack	13.9802	-16.0448	0
Samboumba	Kaolack	13.6313	-16.0426	0
Sangap	Kaolack	13.6333	-15.5333	0
Sangaye Bélé	Kaolack	14.2835	-16.1046	0
Sanguil Sérèr	Kaolack	14.0386	-16.0365	0
Santhie Aliou Mbaye	Kaolack	14.0562	-15.9813	0
Santhie Bandoulou	Kaolack	13.9933	-16.2066	0
Santhie Kongoli	Kaolack	14.1782	-16.0033	0
Santhie Makha	Kaolack	13.6723	-16.0244	0
Santhie Ndiayène	Kaolack	13.8727	-16.1912	0
Santhie Touré	Kaolack	13.6532	-16.0682	0
Santiou Georges	Kaolack	13.8498	-15.9942	0
Santiou Marone	Kaolack	13.8629	-16.0092	0
Santiou Omar Diagne	Kaolack	13.5991	-16.0201	0
Santiou Sambou	Kaolack	13.8944	-16.152	0
Saré Ali	Kaolack	13.9667	-15.9333	0
Saré Ali Diallo	Kaolack	13.858	-16.079	0
Saré Gati	Kaolack	13.9896	-15.9574	0
Saré Léyène	Kaolack	13.7167	-15.7333	0
Sassara	Kaolack	14.2008	-16.2754	0
Saté Wali	Kaolack	14.2169	-16.1004	0
Sawéla Keur Réname	Kaolack	14.198	-15.9727	0
Sawéla Keur Wourwa	Kaolack	14.1915	-15.965	0
Sawéla Modou Bara	Kaolack	14.1869	-15.9527	0
Sekhlé Amat	Kaolack	14.0069	-16.1314	0
Sekélé Samane	Kaolack	14.0	-16.1667	0
Senegambia	Kaolack	13.8061	-15.293	0
Sibassor	Kaolack	14.1865	-16.1595	8141
Sikatoroum	Kaolack	13.9833	-15.9833	0
Sikhane	Kaolack	14.2275	-16.1932	0
Sindiègne Sérèr	Kaolack	14.2982	-16.0147	0
Sindiègne Walo	Kaolack	14.2911	-16.0171	0
Sine	Kaolack	13.6833	-15.5333	0
Sing Sing	Kaolack	14.1653	-16.1227	0
Sinndiane	Kaolack	13.9667	-15.9167	0
Sintiou Koèl	Kaolack	13.7333	-15.6333	0
Sintiou Mamar Mbaye	Kaolack	13.7	-15.8167	0
Sintiou Mamout	Kaolack	13.85	-15.9833	0
Sintiou Missira	Kaolack	13.75	-15.9667	0
Sintiou Mour	Kaolack	13.9333	-15.9667	0
Sintiou Tiamène	Kaolack	13.8	-15.9333	0
Siwol	Kaolack	13.6	-15.6667	0
Sob	Kaolack	14.1206	-16.2245	0
Sob Yédim	Kaolack	14.293	-16.1608	0
Som	Kaolack	13.9	-15.8333	0
Sonkoron	Kaolack	13.7833	-15.55	0
Sotokoye	Kaolack	13.75	-15.6167	0
Sotokoye	Kaolack	13.65	-15.7667	0
Soukhoup	Kaolack	14.2866	-16.2686	0
Soukouta	Kaolack	13.7262	-16.085	0
Soumbél	Kaolack	14.307	-16.0621	0
Sène	Kaolack	14.4167	-15.7833	0
Sékhla Diarga	Kaolack	13.9976	-16.1259	0
Sélik	Kaolack	13.9667	-15.9167	0
Tabakali Wolof	Kaolack	14.3651	-16.0822	0
Talène Guédé	Kaolack	13.7846	-16.2087	0
Tanda	Kaolack	13.916	-15.9727	0
Tanda Mbar	Kaolack	13.9	-15.9667	0
Taoua	Kaolack	13.65	-15.8	0
Taoua	Kaolack	13.75	-15.9667	0
Tawa	Kaolack	13.5913	-16.0171	0
Taïba	Kaolack	13.7667	-15.9	0
Taïba Mama	Kaolack	13.9333	-15.75	0
Taïba Mbayène	Kaolack	13.8383	-16.1191	0
Taïba Ndioufène	Kaolack	13.8479	-16.0087	0
Taïba Nianghène	Kaolack	13.94	-16.0903	0
Taïf	Kaolack	13.8737	-16.0616	0
Teude Biti	Kaolack	14.3152	-15.7542	0
Tewrou Timak	Kaolack	14.3256	-16.1535	0
Thissé	Kaolack	13.9271	-16.1107	0
Thiwala	Kaolack	13.6776	-16.1223	0
Tiaba	Kaolack	14.3026	-16.2614	0
Tiabé	Kaolack	14.3617	-16.0932	0
Tiakalar	Kaolack	14.2338	-16.1269	0
Tiakho Madialé	Kaolack	14.0242	-15.8378	0
Tiakho Ndjigane	Kaolack	13.8826	-16.1451	0
Tiakho Tiofior	Kaolack	13.999	-16.1785	0
Tialane	Kaolack	14.0737	-15.8905	0
Tialap	Kaolack	14.2867	-16.1775	0
Tiamène Oualo	Kaolack	13.7667	-15.9333	0
Tianda	Kaolack	13.8469	-16.0751	0
Tianga Keur Séring Layène	Kaolack	13.8833	-15.7167	0
Tiangane	Kaolack	14.2181	-16.3489	0
Tianka	Kaolack	13.85	-15.7	0
Tiarène	Kaolack	14.4462	-15.7151	0
Tiarène	Kaolack	13.6333	-15.9833	0
Tiarène Alassane	Kaolack	13.7599	-16.1212	0
Tiarène Djissa	Kaolack	13.83	-16.1972	0
Tiarène Momat	Kaolack	13.9225	-16.0675	0
Tiarène Yoro	Kaolack	13.9221	-16.071	0
Tiaré	Kaolack	13.9	-15.7833	0
Tiaré	Kaolack	14.254	-16.0124	0
Tiawandou	Kaolack	14.0639	-16.0461	0
Tiennpol	Kaolack	13.75	-15.5667	0
Tikat Banguel	Kaolack	14.0942	-15.86	0
Tillé Garan	Kaolack	13.6167	-15.9333	0
Tillé Ndiaye	Kaolack	13.65	-15.9333	0
Tinndoye	Kaolack	13.8833	-15.7333	0
Tiodorbé	Kaolack	13.7	-15.8667	0
Tiofak	Kaolack	14.1667	-16.05	0
Tiofior	Kaolack	14.0215	-16.1493	0
Tiombi	Kaolack	14.2225	-16.3034	0
Tiongane	Kaolack	14.2482	-16.0529	0
Tioubène	Kaolack	13.8167	-15.9833	0
Tiouk	Kaolack	14.298	-16.0998	0
Tioupane Laïti	Kaolack	14.2158	-16.2739	0
Tioupane Maguèye	Kaolack	14.2208	-16.2798	0
Tioupane Ndiakanèm	Kaolack	14.2159	-16.285	0
Tioyène	Kaolack	13.6069	-15.9956	0
Tioyène Matar	Kaolack	13.8545	-16.1955	0
Tioyène Serigne	Kaolack	13.8234	-16.0744	0
Tiwo	Kaolack	14.4937	-15.7214	0
Tiâmène	Kaolack	14.0251	-15.9582	0
Tiâmène Diogo	Kaolack	13.7174	-16.1265	0
Tiâmène Maka	Kaolack	13.8465	-16.1511	0
Tiâmène Mamadou Binta	Kaolack	13.8151	-16.1347	0
Tiâmène Taba	Kaolack	13.9819	-16.0882	0
Tiâmène Wolof	Kaolack	13.7979	-16.1275	0
Tiékène	Kaolack	13.7	-15.5333	0
Tiériak	Kaolack	13.9833	-15.9667	0
Tjissé	Kaolack	13.8	-15.6667	0
Tjissé	Kaolack	13.75	-15.8833	0
Tjissé Kaymor	Kaolack	13.7833	-15.5667	0
Tobène	Kaolack	14.2714	-16.2585	0
Tokambél	Kaolack	14.3262	-16.2555	0
Touba	Kaolack	13.95	-15.8333	0
Touba	Kaolack	13.7333	-15.6	0
Touba Deux	Kaolack	13.8305	-16.1662	0
Touba Diaglé	Kaolack	14.1988	-16.1116	0
Touba Fal	Kaolack	13.8167	-15.9333	0
Touba Fas	Kaolack	13.6368	-16.058	0
Touba Keur Aïp	Kaolack	13.9667	-15.8167	0
Touba Khayokh	Kaolack	14.2856	-16.0852	0
Touba Mouride	Kaolack	14.1667	-16.1	0
Touba Niane	Kaolack	13.8492	-16.0311	0
Touba Sanokho	Kaolack	14.081	-16.1007	0
Touba Tiarène	Kaolack	13.9273	-16.0668	0
Touba Un	Kaolack	13.6386	-16.0628	0
Toubassaloum	Kaolack	13.7833	-15.7	0
Toukar	Kaolack	14.3167	-16.1342	0
Tyikat Keur Sano	Kaolack	14.0794	-15.8806	0
Tyikat Ndongo	Kaolack	14.0824	-15.8641	0
Tèn Fodé	Kaolack	14.3442	-15.9184	0
Térou Mbaye Fal	Kaolack	14.2348	-15.8504	0
Vendou Bowdé	Kaolack	14.3836	-15.6969	0
Vendou Bowdé	Kaolack	14.3392	-15.7758	0
Vélingara	Kaolack	13.8833	-15.8	0
Vélingara	Kaolack	13.6375	-16.0074	0
Vélor Sérère	Kaolack	14.0833	-16.2167	0
Véndou Gniwa	Kaolack	14.3678	-15.8477	0
Wack Ngouna	Kaolack	13.75	-16.0667	0
Wadiourou	Kaolack	14.3255	-16.1376	0
Wak Mbatio	Kaolack	13.7188	-16.0671	0
Wardiakhal	Kaolack	14.244	-16.0999	0
Wélor Sossé	Kaolack	14.0856	-16.2135	0
Wélor Sérèr	Kaolack	14.0794	-16.2147	0
Yal	Kaolack	13.8833	-15.8333	0
Yongo	Kaolack	13.6369	-15.6723	0
Yougouré Mas	Kaolack	14.3264	-15.7975	0
Abékouta	Kolda	13.3333	-14.6167	0
Akal	Kolda	12.8	-13.6667	0
Akoundé	Kolda	13.1333	-14.3333	0
Alalon	Kolda	12.9833	-14.5667	0
Alfa Sadou	Kolda	12.7	-15.0167	0
Alikali	Kolda	12.9167	-13.7	0
Amadra	Kolda	13.25	-14.0833	0
Amanatoulaye	Kolda	13.0333	-13.8667	0
Anambé	Kolda	12.95	-14.15	0
Awataba	Kolda	12.9833	-14.2	0
Ayénémadi	Kolda	13.1333	-13.6667	0
Aïné Madi	Kolda	12.7167	-14.9833	0
Badiara	Kolda	13.2167	-14.2	0
Badion	Kolda	13.0833	-14.35	0
Badiou Batan	Kolda	12.75	-13.85	0
Bagadadji	Kolda	12.8	-15.05	0
Bakayoko	Kolda	13.2167	-14.15	0
Bakor	Kolda	12.9667	-14.7333	0
Balakounda	Kolda	12.7333	-14.1667	0
Balingor	Kolda	12.5167	-15.9333	0
Balkamissa	Kolda	13.1667	-15.0167	0
Balo Kounda	Kolda	13.15	-13.9	0
Balo Kounda	Kolda	12.7	-14.7	0
Balokounda	Kolda	12.9333	-14.2	0
Balokounda	Kolda	13.3333	-13.7833	0
Bamako	Kolda	12.8667	-14.0833	0
Banankourou	Kolda	13.05	-14.2333	0
Banbadinnka	Kolda	12.75	-14.55	0
Banta Koutoum Pakane	Kolda	12.9333	-13.85	0
Bantakili Moulaye	Kolda	13.0	-14.3833	0
Bantanguel	Kolda	12.7833	-14.7333	0
Bantangueul Kassoum	Kolda	12.85	-14.2833	0
Bantaniel	Kolda	12.6558	-15.2564	0
Bantanki Doulo	Kolda	12.9667	-14.4333	0
Bantankountou	Kolda	12.7667	-14.95	0
Bantankountouyél	Kolda	12.8333	-14.95	0
Bantanto	Kolda	13.1333	-14.2	0
Bantigniel	Kolda	12.9	-13.7167	0
Bassafa	Kolda	13.2833	-14.6	0
Bassoum	Kolda	12.9833	-14.5	0
Bayanka	Kolda	13.1333	-15.9167	0
Bayfora	Kolda	12.4936	-15.9214	0
Belal	Kolda	13.3333	-14.65	0
Bemete Bidjini	Kolda	12.7236	-15.9888	0
Biarou	Kolda	13.05	-14.0333	0
Bodéyel	Kolda	12.8167	-14.85	0
Boguel	Kolda	12.8142	-15.0864	0
Bokié Sintiân	Kolda	12.8	-15.0667	0
Bonkonto	Kolda	13.0333	-13.9333	0
Bouborel	Kolda	12.7667	-14.5167	0
Bouboukounda	Kolda	13.05	-14.4167	0
Boufanto	Kolda	13.1333	-14.1833	0
Boukounto	Kolda	12.8	-14.7833	0
Boulimbou	Kolda	13.3	-13.95	0
Boulou Sambou	Kolda	13.3833	-14.9667	0
Bounguel	Kolda	13.2333	-14.0167	0
Bounkili	Kolda	12.95	-13.7667	0
Bouria	Kolda	12.85	-13.95	0
Bouroukounda	Kolda	13.1667	-13.9667	0
Boussoura	Kolda	12.8318	-14.9916	0
Boussoura	Kolda	13.0	-14.8667	0
Boya	Kolda	12.8	-14.2	0
Bélal Soumaïla	Kolda	13.2333	-14.6667	0
Bélimaoundé	Kolda	13.0667	-14.85	0
Bézel	Kolda	13.1167	-14.1	0
Daba Mamadou	Kolda	13.15	-14.3167	0
Dabo	Kolda	12.8833	-14.4833	6069
Dafinia	Kolda	12.55	-15.4167	0
Daguel Marou	Kolda	13.0333	-14.0667	0
Dalaba	Kolda	12.8333	-14.0833	0
Damadé	Kolda	13.05	-13.7833	0
Dandou	Kolda	12.7333	-14.8	0
Daniète	Kolda	12.8583	-15.1011	0
Dar Salam Kamberto	Kolda	12.8	-14.9333	0
Darou	Kolda	13.2833	-14.5667	0
Darou	Kolda	13.0667	-14.1833	0
Darou Hidjiratou	Kolda	13.0333	-13.8667	0
Darou Salam	Kolda	13.05	-14.6333	0
Darou Salam	Kolda	13.2833	-14.6	0
Darsalam	Kolda	13.4	-14.9667	0
Darsalam Mama Touré	Kolda	13.05	-14.35	0
Daïbatou	Kolda	12.8333	-14.8333	0
Demba Boiro	Kolda	12.75	-13.95	0
Demba Kounda Kakofa	Kolda	12.9167	-13.7333	0
Diaba-Senegal	Kolda	13.4167	-15.2167	0
Diabel Sambou	Kolda	12.85	-14.6833	0
Diabougou Dembo Drané	Kolda	13.45	-14.9667	0
Diabougou Koli	Kolda	12.8833	-14.2167	0
Diabougou Nionkoli	Kolda	13.0167	-15.1667	0
Diabougou Paté	Kolda	12.8667	-14.2333	0
Diakali	Kolda	13.5333	-15.1167	0
Diakounda	Kolda	12.96	-15.9594	0
Dialaba Diéri	Kolda	13.2333	-15.2667	0
Dialadian	Kolda	12.7	-13.75	0
Dialakani	Kolda	13.0167	-14.1833	0
Dialakoumbi	Kolda	12.6833	-14.6	0
Dialambéré	Kolda	12.8167	-14.2333	0
Dialambéré	Kolda	12.8833	-14.5333	0
Dialata	Kolda	13.2	-14.1833	0
Diamaye	Kolda	12.6	-15.35	0
Diana	Kolda	12.7	-13.75	0
Diandian	Kolda	13.0833	-13.95	0
Diandiaye	Kolda	12.9833	-14.9333	0
Diangueli	Kolda	12.8514	-15.0742	0
Diankankounda	Kolda	13.0333	-14.4	0
Diankankounda Mala	Kolda	13.0167	-14.4	0
Diankankounda Ogueul	Kolda	13.0167	-14.3667	0
Dianoubé	Kolda	13.0623	-16.2904	0
Dianvéli	Kolda	13.2167	-14.0667	0
Dianète Tierno	Kolda	12.8361	-15.0806	0
Diaoubé	Kolda	12.9167	-14.1667	26165
Diassina	Kolda	12.9978	-15.1506	0
Diatadaokounda	Kolda	12.7333	-14.2	0
Diatouma	Kolda	13.0	-14.9333	0
Diatourou Kounda	Kolda	12.8333	-14.9	0
Diattamine	Kolda	12.8	-14.3833	0
Diaye	Kolda	13.6833	-15.9833	0
Dibito	Kolda	12.7333	-14.5	0
Didioré	Kolda	12.7333	-14.35	0
Dieminguiké	Kolda	12.9539	-15.1092	0
Dimba Siriel	Kolda	12.6833	-14.0833	0
Dimbadidéré	Kolda	12.7	-14.0333	0
Dinguiraye	Kolda	13.3	-14.6167	0
Dinguiraye	Kolda	13.2167	-15.0167	0
Dinnguiraye	Kolda	13.0333	-14.5667	0
Dinnguiraye	Kolda	13.2333	-14.9833	0
Dionfana	Kolda	12.9	-14.8833	0
Diorène	Kolda	13.2333	-14.6667	0
Dioulacolon	Kolda	12.8167	-14.8667	0
Dioulagueul Banta	Kolda	13.2167	-14.4333	0
Dioumana Bakari Baldé	Kolda	13.0333	-15.1333	0
Dioumana Bakari Pata	Kolda	13.0667	-15.1167	0
Dioyal	Kolda	12.9667	-13.75	0
Dirimaro	Kolda	13.0833	-14.4	0
Diéba	Kolda	12.8167	-14.9167	0
Djida	Kolda	13.4167	-14.9	0
Djidadji	Kolda	12.5414	-15.4361	0
Djifine Téko	Kolda	13.1333	-15.2333	0
Doubirou	Kolda	13.1833	-14.2333	0
Dougal	Kolda	12.9	-13.7	0
Doulayel	Kolda	12.8333	-14.8833	0
Douroubaléfoutou	Kolda	13.0	-14.2333	0
Douta Diara Samba Balde	Kolda	13.05	-14.55	0
Dédané Sékou Drané	Kolda	13.45	-15.0333	0
Démousso Kounda	Kolda	13.2167	-13.7833	0
Eramakono	Kolda	13.2833	-13.9167	0
Fadanga	Kolda	12.7167	-14.7	0
Fafakourou	Kolda	13.0667	-14.5667	0
Fanka Bantan	Kolda	12.7	-15.0667	0
Faraba	Kolda	12.8833	-14.9167	0
Faramba	Kolda	12.8667	-14.9667	0
Farandiang	Kolda	12.4669	-15.6014	0
Fass	Kolda	13.05	-13.8667	0
Fassé Oumar	Kolda	13.35	-14.7	0
Fodé Bayo	Kolda	12.9667	-14.4333	0
Foula Mori	Kolda	13.0667	-14.0333	0
Fouladou Samba	Kolda	13.2833	-14.7333	0
Fouladou Yéro	Kolda	12.8667	-14.2833	0
Galandou	Kolda	12.9	-14.1667	0
Gallé Mamadou	Kolda	13.3	-14.6333	0
Galo Marou	Kolda	13.4	-14.9333	0
Gambissa Aldouma	Kolda	12.8	-14.1833	0
Gambissara	Kolda	13.2333	-14.3167	0
Gambissara	Kolda	13.3167	-13.95	0
Gayene	Kolda	13.3833	-14.8167	0
Gaïdé	Kolda	12.9	-14.95	0
Gopé	Kolda	12.8333	-14.25	0
Gori	Kolda	13.25	-13.9167	0
Gouloumbou	Kolda	13.4977	-13.7432	0
Goumbo	Kolda	12.9833	-14.05	0
Goundaga	Kolda	12.9833	-14.2667	0
Goundaga	Kolda	12.8667	-14.0667	0
Goundaga Diro	Kolda	12.7333	-13.9667	0
Guida	Kolda	13.2	-14.25	0
Guiro Bokari	Kolda	12.7667	-14.8333	0
Guiro Mandou	Kolda	12.7667	-14.8333	0
Guiro Samba	Kolda	12.75	-14.85	0
Guiro Samba Koudel	Kolda	12.7833	-14.8667	0
Guiro Yoro	Kolda	12.7833	-14.85	0
Hamdalaye	Kolda	13.5667	-15.1	0
Hamdalaye Abiou	Kolda	12.7833	-15.0833	0
Hamdalaye Alfa	Kolda	13.3333	-14.6	0
Hamdalaye Malang	Kolda	13.15	-13.95	0
Hamdalaye Yéro	Kolda	13.3833	-14.7833	0
Hamdallaye	Kolda	12.7	-14.85	0
Hamdallaï Amadou	Kolda	13.0833	-14.8833	0
Iako Ouolof	Kolda	12.95	-15.9667	0
Iako Peul	Kolda	12.9389	-15.9753	0
Ifra Kounda	Kolda	13.6333	-13.8167	0
Iérovalo	Kolda	13.15	-14.0833	0
Jevel	Kolda	13.0167	-14.0167	0
Kabendou	Kolda	12.9167	-14.1167	0
Kadang	Kolda	13.55	-15.0667	0
Kadanga	Kolda	12.6833	-14.4167	0
Kadiamari	Kolda	13.05	-14.85	0
Kadiel	Kolda	12.7667	-14.6833	0
Kahal	Kolda	12.65	-15.25	0
Kalifourou	Kolda	12.9259	-13.6391	0
Kamako Sanssan	Kolda	12.75	-14.9667	0
Kambassé	Kolda	12.75	-13.9833	0
Kamboua	Kolda	12.7	-14.7667	0
Kambédare	Kolda	12.7333	-14.7667	0
Kampissa	Kolda	12.85	-14.6	0
Kandaye	Kolda	12.9833	-14.2667	0
Kandia	Kolda	13.0833	-14.2333	0
Kandiala	Kolda	13.2333	-14.4833	0
Kandiama	Kolda	13.2333	-13.85	0
Kandiator	Kolda	12.9833	-14.55	0
Kandiaye	Kolda	12.9667	-14.0333	0
Kandio Kamako	Kolda	12.7814	-15.1125	0
Kandion	Kolda	12.6833	-14.5	0
Kandji Tala	Kolda	12.9833	-13.75	0
Kanel	Kolda	13.3	-14.5833	0
Kaniako	Kolda	12.7333	-14.7167	0
Kanikoro	Kolda	12.7667	-14.4833	0
Kankoudron	Kolda	12.785	-15.0839	0
Kankoulérou	Kolda	12.9667	-15.95	0
Kankéléfa	Kolda	12.8333	-14.1333	0
Kansata	Kolda	13.0667	-14.0167	0
Kaoné	Kolda	12.7333	-14.25	0
Kapeïel	Kolda	12.9333	-13.6667	0
Karantaba	Kolda	12.9333	-14.2833	0
Karantaba	Kolda	12.6833	-14.7	0
Kassépol	Kolda	13.05	-14.7833	0
Kataba	Kolda	13.3167	-13.95	0
Kataba Samba	Kolda	12.9167	-14.2667	0
Katia	Kolda	13.0167	-14.8167	0
Katio	Kolda	12.4833	-16.3667	0
Katonfara	Kolda	13.25	-14.9667	0
Kaèl	Kolda	13.1333	-14.1333	0
Kaèl	Kolda	12.9167	-13.6833	0
Kibo	Kolda	12.8333	-14.6	0
Kidéli Dimbel	Kolda	12.7333	-14.4333	0
Kinto	Kolda	12.9667	-14.4333	0
Kirili	Kolda	13.4667	-13.7667	0
Kodiolo	Kolda	13.2667	-14.5167	0
Kodjinnguina	Kolda	12.9167	-14.4333	0
Kodéna	Kolda	13.35	-14.8	0
Kohel	Kolda	13.45	-15.1333	0
Kokolé Dimba	Kolda	13.1667	-15.0667	0
Kokoum Doulo	Kolda	13.35	-13.7833	0
Kokoum Samba	Kolda	13.35	-13.7833	0
Kokounto	Kolda	13.2667	-14.5167	0
Kolda	Kolda	12.8939	-14.9413	103574
Kolo	Kolda	12.75	-13.7	0
Kolodinnto Fouta	Kolda	12.6833	-14.1333	0
Kolodinnto Maoundé	Kolda	12.6833	-14.1333	0
Komatia	Kolda	12.8	-14.2333	0
Koniari	Kolda	13.05	-15.0833	0
Kontékounda	Kolda	12.7219	-15.065	0
Kopara	Kolda	13.0167	-14.0167	0
Kopé	Kolda	12.7833	-13.9333	0
Korop Maoundé	Kolda	13.1333	-14.45	0
Kossanki	Kolda	13.0	-14.2833	0
Kossi	Kolda	12.4356	-15.6686	0
Koudora	Kolda	12.7667	-14.55	0
Koudoureyel	Kolda	12.7333	-14.5833	0
Koulinndiara	Kolda	12.9	-14.0667	0
Koulinnto	Kolda	13.0	-14.0833	0
Koulinnto	Kolda	13.0333	-14.8	0
Koulinnto	Kolda	12.6833	-14.4333	0
Koulkoulto	Kolda	12.8869	-15.0169	0
Koumambouré Maoundé	Kolda	12.85	-14.5167	0
Koumbadiouma	Kolda	13.1833	-13.9667	0
Koumbakara	Kolda	12.7	-14.4833	0
Koumbakiri	Kolda	13.2833	-14.0833	0
Koumbidjan	Kolda	12.6917	-15.0783	0
Koumpépé	Kolda	12.7667	-13.7167	0
Kouméra	Kolda	13.2333	-14.0833	0
Kounkané	Kolda	12.9333	-14.0833	10798
Kountaba	Kolda	12.8167	-14.0667	0
Kourkour	Kolda	13.3	-14.7833	0
Kouroubambé	Kolda	13.45	-13.8	0
Koutanto	Kolda	13.1	-14.0333	0
Koutiaké	Kolda	12.85	-14.3167	0
Koutiara	Kolda	12.8333	-14.2833	0
Koutoukounda	Kolda	13.25	-14.0667	0
Koèl	Kolda	12.9	-13.7	0
Kénéba	Kolda	12.9333	-13.6667	0
Kénéba Dimba	Kolda	12.8	-14.1667	0
Kénéba Mballo Kounda	Kolda	13.15	-13.9167	0
Kérévandialo	Kolda	12.9833	-14.25	0
Kérévane	Kolda	13.1167	-14.1667	0
Kéréwané	Kolda	13.4333	-14.9833	0
Kézé Pakane	Kolda	12.9167	-13.7833	0
Lambatara	Kolda	13.2	-14.2667	0
Lamoye	Kolda	13.3167	-14.7833	0
Lamoyé Ali Diogoma	Kolda	13.3167	-14.7667	0
Lenguédié	Kolda	13.1833	-14.3667	0
Likéringto	Kolda	12.8667	-14.6167	0
Linguédié Ngotam	Kolda	13.2833	-14.7833	0
Linguéyel	Kolda	13.1167	-13.6833	0
Linguéyel	Kolda	12.6833	-14.45	0
Linkering	Kolda	12.95	-13.75	0
Linkédian	Kolda	13.1333	-15.1667	0
Linnguéoual	Kolda	12.9333	-13.7833	0
Linnguéwal	Kolda	12.8833	-14.0667	0
Linnguéwal Tobo	Kolda	12.7667	-14.3	0
Linnkéring	Kolda	12.9667	-14.3	0
Linnkéring	Kolda	12.6833	-14.9	0
Léba	Kolda	13.5333	-15.1667	0
Léla	Kolda	12.9	-13.95	0
Lénguéto	Kolda	12.7833	-14.75	0
Lénkéring	Kolda	12.9667	-13.7667	0
Lérovalo	Kolda	13.15	-14.0667	0
Madianké	Kolda	13.25	-14.95	0
Madina	Kolda	13.05	-14.2833	0
Madina Abdou	Kolda	12.8667	-14.5833	0
Madina Alfa	Kolda	13.2667	-14.6167	0
Madina Bayène	Kolda	13.3167	-14.7167	0
Madina Birane	Kolda	13.3833	-14.8	0
Madina Boïdo Kamara	Kolda	13.2	-14.9833	0
Madina Dahaba	Kolda	13.4333	-14.9667	0
Madina Diamboye	Kolda	13.2167	-14.3833	0
Madina Dianambé Kandé	Kolda	13.0667	-15.0833	0
Madina Dianbéré	Kolda	13.15	-14.1667	0
Madina Fofana	Kolda	13.15	-13.9667	0
Madina Kokoun	Kolda	13.3333	-13.7667	0
Madina Ladji	Kolda	12.75	-14.9	0
Madina Mamadou	Kolda	12.9833	-14.1833	0
Madina Mari	Kolda	13.1833	-14.3	0
Madina Maye	Kolda	13.1833	-14.3167	0
Madina Paté	Kolda	13.3	-14.5333	0
Madina Paté	Kolda	13.4333	-13.7833	0
Madina Ponssan	Kolda	12.7167	-14.2	0
Madina Samba	Kolda	12.7	-14.2333	0
Madina Sayindi	Kolda	13.2833	-15.2667	0
Magana Boubakar	Kolda	13.0167	-14.8	0
Mahon	Kolda	12.85	-14.8167	0
Mahon Oussamara	Kolda	12.85	-14.8167	0
Makagni	Kolda	13.0167	-14.8667	0
Makayel	Kolda	13.4167	-14.8	0
Makou Abdou Sal	Kolda	13.3833	-14.7833	0
Mamadou Kinnsi	Kolda	12.9333	-13.85	0
Mamboya	Kolda	12.9667	-13.95	0
Mampatim	Kolda	12.8667	-14.3333	0
Mampatim Maoundé	Kolda	12.8833	-14.3333	0
Manato	Kolda	12.8333	-13.95	0
Manda	Kolda	13.25	-13.8833	0
Mandak	Kolda	13.3167	-14.6833	0
Mandian Kounda	Kolda	12.7833	-14.75	0
Mandoufou Fodé	Kolda	13.0167	-13.9333	0
Mandoufou Kali	Kolda	13.0	-13.9167	0
Mangassara	Kolda	13.1667	-13.9667	0
Maniaré	Kolda	13.25	-13.8667	0
Manpatariel	Kolda	13.1	-14.25	0
Mantiankani	Kolda	12.8333	-14.6667	0
Maoum	Kolda	12.95	-13.7667	0
Marakissa	Kolda	12.8	-14.9833	0
Maribé Patimkibo	Kolda	13.0167	-14.4833	0
Marivé Samba	Kolda	13.3333	-14.6833	0
Marsassoum	Kolda	12.8275	-15.9806	9815
Marévé Bouré	Kolda	12.7667	-13.9667	0
Massara	Kolda	12.7333	-14.7833	0
Massina Séné	Kolda	12.9	-14.1833	0
Mayel Bao	Kolda	12.95	-13.9333	0
Mayel Iesso	Kolda	12.95	-13.9333	0
Mayel Mangatamba	Kolda	12.95	-13.9333	0
Missira	Kolda	13.1833	-13.6167	0
Missira	Kolda	12.7	-14.8667	0
Missira	Kolda	12.85	-14.65	0
Missira Balde Kayéra	Kolda	13.4167	-14.9167	0
Missira Bokoda	Kolda	12.8167	-14.85	0
Missira Boyene	Kolda	13.3833	-14.75	0
Missira Doro	Kolda	13.3167	-15.2833	0
Missira Kouba	Kolda	13.2	-13.7833	0
Missira Mamadou Baldé	Kolda	12.7658	-15.0169	0
Moki	Kolda	12.8333	-14.4667	0
Moltaba	Kolda	12.8167	-14.7667	0
Mori Kounda	Kolda	12.7167	-14.0333	0
Mougnini	Kolda	12.9	-13.7333	0
Moulessi	Kolda	13.5833	-13.65	0
Moundo Sankoulé	Kolda	13.05	-13.8333	0
Mounti	Kolda	12.9667	-13.9167	0
Mouïtaba	Kolda	13.1167	-14.4667	0
Médina Chérif	Kolda	12.9333	-14.2167	0
Médina Gounas	Kolda	13.1361	-13.7557	36588
Médina Pakane	Kolda	13.0333	-13.7833	0
Médina Yogué	Kolda	12.9333	-14.2833	0
Médina el Hadji	Kolda	12.75	-14.9167	0
Médina-Yorofoula	Kolda	13.3	-14.7167	3000
Méou Diobène	Kolda	13.3167	-14.85	0
Mérévé	Kolda	12.7167	-14.4667	0
Namara	Kolda	13.0	-14.0833	0
Namo	Kolda	12.9	-14.8667	0
Naméko	Kolda	12.6833	-14.6833	0
Nané	Kolda	12.85	-14.2	0
Nanéko	Kolda	13.2167	-15.3333	0
Natchilati	Kolda	12.75	-13.8	0
Naïfa	Kolda	12.7833	-14.8	0
Ndiavène	Kolda	13.4	-14.9667	0
Ndorna	Kolda	13.1667	-15.0333	0
Ngawal	Kolda	13.2333	-13.8167	0
Ngoki	Kolda	12.8167	-14.4667	0
Ngoudouro	Kolda	13.4167	-14.85	0
Nguidé Mbalo	Kolda	13.1	-14.2667	0
Niakaré	Kolda	12.7333	-14.1333	0
Niakobédé	Kolda	12.7	-14.0833	0
Niaming	Kolda	13.3167	-14.75	0
Nianao	Kolda	12.7167	-14.1667	0
Niandinndia Dimbel	Kolda	12.7167	-14.4833	0
Niandouba	Kolda	12.9	-13.9667	0
Niangouré	Kolda	12.6833	-14.1167	0
Niapo	Kolda	12.85	-14.0333	0
Ninnkidi	Kolda	13.0	-14.2333	0
Nioro	Kolda	13.2833	-14.1167	0
Nioro	Kolda	13.5	-15.05	0
Niéniéné	Kolda	12.75	-14.5167	0
Niépi Samba	Kolda	13.4833	-15.1333	0
Néma Dimbel	Kolda	12.7333	-14.3333	0
Némataba	Kolda	12.7667	-15.0167	0
Némataba	Kolda	13.2167	-14.0833	0
Némataba Mandingue	Kolda	12.7811	-15.0189	0
Némourato	Kolda	12.8808	-15.0067	0
Néto	Kolda	13.1	-14.2	0
Orétiendi	Kolda	12.95	-14.0167	0
Ouassadou	Kolda	13.2333	-13.8167	0
Ouman	Kolda	12.75	-13.8333	0
Oundoumané	Kolda	12.8833	-14.5667	0
Ousmane	Kolda	12.85	-14.6667	0
Ousmane Abdoulaye	Kolda	12.8833	-14.95	0
Pakinia	Kolda	13.0167	-13.8667	0
Pakinia Yerba	Kolda	13.0	-13.8833	0
Pakour	Kolda	12.75	-13.9667	0
Panangar	Kolda	12.7	-13.9667	0
Paoumka	Kolda	12.7333	-13.75	0
Pari Demba Dombel	Kolda	12.7833	-13.8667	0
Paroumba	Kolda	12.8	-13.8333	0
Paroumba Mandé	Kolda	12.7833	-13.8333	0
Passa	Kolda	13.0667	-14.05	0
Pata	Kolda	13.4333	-14.95	3118
Patim Kouta	Kolda	12.75	-13.7667	0
Payoungou	Kolda	12.7167	-14.0667	0
Pidiro	Kolda	12.8333	-14.3167	0
Pira	Kolda	12.7833	-14.25	0
Pirine Maoundé	Kolda	12.6833	-14.2	0
Pitiana	Kolda	13.0333	-14.2167	0
Poula Pissan	Kolda	13.1	-14.1667	0
Pouréga	Kolda	12.9333	-13.9333	0
Raouna Djidéré	Kolda	13.0333	-15.0167	0
Sabali Kounda	Kolda	12.7167	-14.0167	0
Sadiala Aba	Kolda	12.8542	-15.1031	0
Salikénié	Kolda	12.6667	-14.75	0
Sam Guéyène	Kolda	13.3333	-14.75	0
Sam Sissé	Kolda	13.3	-14.6833	0
Samaye	Kolda	12.7929	-13.6181	0
Sambakounda	Kolda	13.25	-14.05	0
Sambardé	Kolda	13.2	-14.3833	0
Sambaya	Kolda	12.8167	-13.6167	0
Sambouloum	Kolda	13.0667	-14.7667	0
Sandiko Téman	Kolda	12.9333	-13.7833	0
Sanka	Kolda	12.6833	-14.9333	0
Sanniaré	Kolda	13.0833	-14.0333	0
Sanou	Kolda	12.4333	-15.65	0
Sansakoro	Kolda	12.9	-13.8	0
Sansanbale Kanwali	Kolda	12.75	-14.9333	0
Sansankoto	Kolda	12.8	-14.5333	0
Santankoye	Kolda	12.9667	-14.8667	0
Sapi	Kolda	13.1333	-13.9833	0
Sara Dari	Kolda	13.0167	-14.25	0
Saradou	Kolda	13.3333	-14.5833	0
Sare Koutawél	Kolda	12.9167	-14.8667	0
Saré Abdoulaye	Kolda	12.7833	-14.4833	0
Saré Aldina	Kolda	12.8833	-14.1333	0
Saré Alfa	Kolda	12.7833	-14.8667	0
Saré Amadi	Kolda	12.8667	-14.3167	0
Saré Amadi	Kolda	12.8333	-14.9667	0
Saré Amadi	Kolda	13.1333	-14.1833	0
Saré Amadi	Kolda	12.7667	-15.0833	0
Saré Amadou	Kolda	13.0333	-15.0667	0
Saré Amadou Sano	Kolda	13.0667	-14.8667	0
Saré Amirou	Kolda	12.95	-14.85	0
Saré Ansou	Kolda	12.9667	-14.45	0
Saré Arfan	Kolda	12.9333	-14.3667	0
Saré Assète	Kolda	13.3333	-14.7833	0
Saré Aédara	Kolda	12.8833	-14.1167	0
Saré Baba Vélïa	Kolda	13.2667	-14.0667	0
Saré Badio	Kolda	13.1167	-14.0167	0
Saré Badio	Kolda	12.7333	-14.25	0
Saré Bafé	Kolda	12.8833	-14.2333	0
Saré Bakari	Kolda	12.9333	-14.0667	0
Saré Bakari	Kolda	12.8325	-15.0594	0
Saré Bakoré	Kolda	13.3	-13.9	0
Saré Bakou	Kolda	12.7589	-15.0889	0
Saré Bala	Kolda	12.8	-14.85	0
Saré Bambé	Kolda	12.7167	-14.7333	0
Saré Bandi	Kolda	12.8667	-15.0	0
Saré Bankouléma	Kolda	13.3	-13.8833	0
Saré Bantanto Dikori	Kolda	13.1333	-14.2167	0
Saré Barka	Kolda	13.2833	-13.8833	0
Saré Bassi	Kolda	12.8833	-14.0833	0
Saré Bassi	Kolda	13.15	-14.0667	0
Saré Baya	Kolda	12.8167	-14.95	0
Saré Baye Diari	Kolda	12.8333	-14.2833	0
Saré Birou	Kolda	13.2	-14.0833	0
Saré Bodio	Kolda	13.0667	-14.7667	0
Saré Boki	Kolda	13.4167	-13.7833	0
Saré Boti Ngalo	Kolda	12.9167	-15.0167	0
Saré Boto	Kolda	12.9667	-14.1833	0
Saré Bouka	Kolda	13.0833	-14.0667	0
Saré Bouna	Kolda	12.95	-14.0833	0
Saré Bouran	Kolda	12.6833	-14.0667	0
Saré Bouré	Kolda	13.05	-14.5	0
Saré Boïdo Mali	Kolda	13.15	-14.3333	0
Saré Boïdo Pitiamé	Kolda	13.0333	-14.4	0
Saré Brahima Diamanka	Kolda	12.7667	-14.0333	0
Saré Bébou	Kolda	12.95	-14.9333	0
Saré Béla	Kolda	12.8667	-14.1	0
Saré Daba Forea	Kolda	12.9667	-14.4833	0
Saré Dansa	Kolda	12.7667	-13.7667	0
Saré Dayefa	Kolda	13.2333	-13.7	0
Saré Dello	Kolda	13.4	-14.8833	0
Saré Demba Kolé	Kolda	12.8	-14.7833	0
Saré Demba Koumba	Kolda	13.1167	-14.3833	0
Saré Demba Mali	Kolda	13.1	-14.2333	0
Saré Demba So	Kolda	13.1667	-14.3667	0
Saré Demba Sy	Kolda	12.9	-15.0167	0
Saré Dembélè	Kolda	13.0333	-14.2833	0
Saré Diabé	Kolda	13.0167	-14.0	0
Saré Diallo	Kolda	12.7167	-15.0667	0
Saré Diam	Kolda	12.6833	-14.5333	0
Saré Dianfou	Kolda	12.9167	-14.9333	0
Saré Dianko	Kolda	12.9333	-15.0167	0
Saré Dianko	Kolda	13.2333	-14.4333	0
Saré Diankounda	Kolda	13.15	-14.2	0
Saré Dianké	Kolda	13.2	-15.3167	0
Saré Diao	Kolda	12.6833	-15.15	0
Saré Diaobé	Kolda	12.7	-14.4	0
Saré Diaoubé	Kolda	13.15	-15.05	0
Saré Diaoubé	Kolda	12.9167	-13.95	0
Saré Diaoubé	Kolda	13.1833	-13.95	0
Saré Diaouli	Kolda	13.9333	-13.85	0
Saré Diata	Kolda	13.0333	-14.2333	0
Saré Diaèl	Kolda	12.9167	-13.9333	0
Saré Diaïla	Kolda	12.8167	-14.3667	0
Saré Digori Katoumé	Kolda	13.25	-14.6833	0
Saré Dikel	Kolda	13.0333	-14.65	0
Saré Dikori Nenndo	Kolda	13.1167	-14.2333	0
Saré Dimba Koumba	Kolda	13.0667	-13.7333	0
Saré Dimba Sounkarou	Kolda	12.7167	-15.0333	0
Saré Dimbado	Kolda	12.8003	-15.1003	0
Saré Dimbaldé	Kolda	12.9817	-15.1333	0
Saré Dimbayel	Kolda	12.8	-14.35	0
Saré Dimbotiê	Kolda	12.8308	-15.0444	0
Saré Diniabou	Kolda	12.8	-14.8667	0
Saré Diobo	Kolda	12.7833	-14.35	0
Saré Dioubel	Kolda	12.95	-14.9333	0
Saré Dioulaye	Kolda	12.7167	-14.1833	0
Saré Djigui	Kolda	12.9667	-14.0667	0
Saré Djimini	Kolda	13.1167	-14.1	0
Saré Doma	Kolda	12.8333	-14.9667	0
Saré Doulo	Kolda	12.95	-14.4	0
Saré Doulo	Kolda	12.9672	-15.1697	0
Saré Démabo	Kolda	12.7	-14.85	0
Saré Fadi	Kolda	12.8681	-15.0475	0
Saré Fara	Kolda	12.75	-14.7833	0
Saré Fili	Kolda	13.0167	-15.1333	0
Saré Fili	Kolda	13.1	-14.2333	0
Saré Fodé	Kolda	13.1833	-14.3333	0
Saré Foulandi Dowel	Kolda	13.0	-14.9333	0
Saré Foulandi Maoundé	Kolda	13.0167	-14.95	0
Saré Founto	Kolda	13.0	-14.25	0
Saré Fouta	Kolda	12.9833	-13.75	0
Saré Gaba	Kolda	12.9	-14.1333	0
Saré Gania	Kolda	12.7667	-14.75	0
Saré Gardi	Kolda	12.7667	-14.9167	0
Saré Goli	Kolda	12.7053	-15.1378	0
Saré Goundo	Kolda	12.9667	-14.9333	0
Saré Gourdo	Kolda	12.8	-14.3667	0
Saré Guido	Kolda	12.7667	-14.6667	0
Saré Guiro	Kolda	12.7167	-14.6833	0
Saré Guiroba	Kolda	13.0667	-14.2333	0
Saré Guéladio	Kolda	12.9667	-14.9333	0
Saré Ioba	Kolda	12.9833	-14.8333	0
Saré Ira	Kolda	13.2667	-14.0833	0
Saré Irasset	Kolda	12.85	-14.0833	0
Saré Iro	Kolda	12.6833	-14.9	0
Saré Iro Sabaly	Kolda	12.7667	-14.9333	0
Saré Iroumaoundé	Kolda	12.8833	-14.1667	0
Saré Iérikoye	Kolda	13.1	-14.9	0
Saré Kaba	Kolda	13.2	-14.0667	0
Saré Kandé	Kolda	13.0333	-14.7833	0
Saré Kanta	Kolda	12.7167	-14.2833	0
Saré Kanta	Kolda	12.7833	-14.3333	0
Saré Kanta	Kolda	13.05	-15.05	0
Saré Karfa	Kolda	12.7667	-14.4833	0
Saré Karéa	Kolda	12.75	-13.9	0
Saré Kendo	Kolda	12.9167	-13.95	0
Saré Kerno Kémadi	Kolda	12.7167	-14.7167	0
Saré Kiédian	Kolda	12.6833	-14.8667	0
Saré Koba	Kolda	13.0333	-15.0667	0
Saré Koki	Kolda	13.25	-14.4667	0
Saré Kokolé Diarga	Kolda	13.0333	-14.8167	0
Saré Koli	Kolda	13.2167	-13.9833	0
Saré Koli	Kolda	12.9167	-14.1833	0
Saré Kolissalé	Kolda	13.0667	-14.0667	0
Saré Kontaye	Kolda	12.7	-14.6833	0
Saré Koubé	Kolda	12.6833	-14.8667	0
Saré Kounda	Kolda	12.8667	-14.5667	0
Saré Kourtidiané	Kolda	12.9333	-14.4	0
Saré Koutawel	Kolda	12.9667	-14.8167	0
Saré Kéda	Kolda	12.75	-14.7833	0
Saré Kédian	Kolda	13.0333	-14.95	0
Saré Kémadi	Kolda	12.7667	-14.4833	0
Saré Kéta Mbalo	Kolda	13.0833	-14.8833	0
Saré Kéïta	Kolda	12.8333	-14.9167	0
Saré Kéïta	Kolda	13.5167	-15.0667	0
Saré Lali	Kolda	12.9333	-14.0167	0
Saré Lali	Kolda	12.9414	-15.0481	0
Saré Lali	Kolda	12.7167	-14.3333	0
Saré Lalé	Kolda	13.1	-14.2167	0
Saré Lamini	Kolda	12.9667	-14.9333	0
Saré Madla	Kolda	12.9833	-13.9667	0
Saré Magnon	Kolda	12.9833	-15.1667	0
Saré Malayana	Kolda	12.75	-14.1667	0
Saré Mali	Kolda	13.1167	-14.2333	0
Saré Mali	Kolda	13.1167	-14.0833	0
Saré Malé	Kolda	12.7833	-14.7	0
Saré Mama Koli	Kolda	12.9122	-15.0186	0
Saré Mamadou	Kolda	12.9961	-15.1642	0
Saré Mamadou Si	Kolda	13.35	-14.8	0
Saré Mankankounda	Kolda	13.2	-14.05	0
Saré Mankoto	Kolda	13.05	-14.1667	0
Saré Mansa	Kolda	13.4333	-14.9333	0
Saré Manson	Kolda	12.6922	-15.0092	0
Saré Manssali	Kolda	12.7167	-14.4333	0
Saré Maounda Niéma	Kolda	13.3	-14.55	0
Saré Maoundé	Kolda	13.2667	-14.7	0
Saré Maoundé Koumbaèl	Kolda	12.9333	-14.0333	0
Saré Maoundé Yafa	Kolda	13.2667	-14.7167	0
Saré Maïdou Mbalo	Kolda	13.0	-14.0833	0
Saré Mboïdo Malli	Kolda	13.1333	-14.3333	0
Saré Mboïdo Maroum	Kolda	13.1167	-14.3667	0
Saré Mina	Kolda	12.8	-14.9833	0
Saré Mori	Kolda	13.15	-15.1833	0
Saré Mori Youri	Kolda	13.45	-15.1333	0
Saré Moudou	Kolda	13.1833	-14.9667	0
Saré Moundourou	Kolda	13.05	-14.8667	0
Saré Mounia	Kolda	13.0667	-14.25	0
Saré Moussa So	Kolda	13.0333	-14.95	0
Saré Moustafa	Kolda	13.0167	-14.8667	0
Saré Ndiaba Djidé	Kolda	12.8333	-14.4833	0
Saré Ndiaye	Kolda	12.6833	-14.95	0
Saré Ndiobo	Kolda	13.2667	-14.45	0
Saré Ndiobo	Kolda	13.0667	-14.35	0
Saré Ndiobo Mamakounda	Kolda	13.05	-14.35	0
Saré Ndoumbe	Kolda	13.2167	-14.4	0
Saré Ndéri	Kolda	13.5167	-15.0333	0
Saré Niako Ganon	Kolda	12.95	-14.2167	0
Saré Niani	Kolda	13.1	-14.1333	0
Saré Nianto	Kolda	12.9	-14.0667	0
Saré Noumodi	Kolda	12.9833	-13.75	0
Saré Ogo	Kolda	13.0	-14.05	0
Saré Ogo	Kolda	12.9333	-14.2333	0
Saré Ogo	Kolda	12.8667	-14.5333	0
Saré Omar	Kolda	12.7833	-14.85	0
Saré Omar Boudous	Kolda	13.0333	-14.8667	0
Saré Ouinor	Kolda	13.0667	-14.1333	0
Saré Oumar	Kolda	13.1833	-14.25	0
Saré Oumar	Kolda	12.7	-15.0833	0
Saré Oura	Kolda	12.9	-13.75	0
Saré Paté	Kolda	13.0167	-14.6333	0
Saré Paté	Kolda	12.9333	-13.7833	0
Saré Paté	Kolda	13.5333	-15.1	0
Saré Paté	Kolda	12.85	-14.4833	0
Saré Paté	Kolda	12.7833	-14.9333	0
Saré Paté	Kolda	12.7667	-14.7667	0
Saré Paté Bouya	Kolda	12.95	-14.3667	0
Saré Sada	Kolda	13.0333	-14.9667	0
Saré Sadio	Kolda	12.8833	-14.25	0
Saré Sadio	Kolda	12.8	-13.8167	0
Saré Sadiom	Kolda	12.85	-14.6167	0
Saré Sama	Kolda	13.2833	-15.3	0
Saré Samaoudé	Kolda	12.75	-14.0	0
Saré Samba Adama	Kolda	13.3	-15.2833	0
Saré Samba Asset	Kolda	12.8833	-14.0333	0
Saré Samba Cissé	Kolda	13.3333	-15.2833	0
Saré Samba Dabo	Kolda	13.05	-15.2167	0
Saré Samba Diaba	Kolda	12.9347	-15.0314	0
Saré Samba Diaboukoye	Kolda	12.9833	-14.9167	0
Saré Samba Diamaka	Kolda	12.7036	-15.0569	0
Saré Samba Dibel	Kolda	12.75	-14.7167	0
Saré Samba Dioka	Kolda	12.9333	-14.2167	0
Saré Samba Iopé	Kolda	12.8167	-14.5833	0
Saré Samba Kayogo	Kolda	12.95	-14.8667	0
Saré Samba Koutoumba	Kolda	12.9667	-14.9333	0
Saré Samba Sabali	Kolda	12.9833	-15.15	0
Saré Sambadété	Kolda	12.95	-14.55	0
Saré Sambana	Kolda	13.05	-14.3833	0
Saré Sambatako	Kolda	12.75	-15.1	0
Saré Sambel	Kolda	13.5333	-15.0667	0
Saré Samboudian	Kolda	12.8	-14.9333	0
Saré Sambourou	Kolda	13.2	-15.3	0
Saré Sambé	Kolda	12.8167	-14.7667	0
Saré Samita	Kolda	13.4833	-15.0167	0
Saré Samédou Bati	Kolda	13.1167	-14.05	0
Saré Sanba Niaro	Kolda	13.1333	-14.2333	0
Saré Sanbanété	Kolda	13.1	-14.15	0
Saré Sanbou	Kolda	13.1333	-14.0167	0
Saré Sanbtala	Kolda	13.1333	-14.0833	0
Saré Sandi	Kolda	12.7333	-14.8	0
Saré Sandié	Kolda	12.7	-14.7167	0
Saré Sara	Kolda	12.7342	-15.0997	0
Saré Sara	Kolda	12.8333	-14.75	0
Saré Sara	Kolda	12.9261	-15.0144	0
Saré Sara Niama	Kolda	12.6833	-14.7667	0
Saré Sekou	Kolda	12.9333	-14.1667	0
Saré Sembel	Kolda	12.6833	-14.5	0
Saré Seni	Kolda	12.6833	-15.0833	0
Saré Seïdi Sal	Kolda	13.35	-15.3833	0
Saré Simali	Kolda	13.05	-15.0667	0
Saré Sirilo	Kolda	12.9167	-14.9	0
Saré Sorba	Kolda	12.9333	-14.9333	0
Saré Sori	Kolda	12.6833	-14.8333	0
Saré Sori	Kolda	12.7	-14.2333	0
Saré Sori	Kolda	12.9667	-14.9333	0
Saré Souban	Kolda	12.7	-15.0833	0
Saré Souna	Kolda	12.7333	-14.7	0
Saré Sounkarou	Kolda	12.8958	-15.005	0
Saré Sékou	Kolda	13.0833	-14.0667	0
Saré Séni	Kolda	13.05	-15.1667	0
Saré Talata	Kolda	12.8833	-14.1667	0
Saré Talel	Kolda	12.7278	-15.1444	0
Saré Tianfara	Kolda	12.9167	-14.05	0
Saré Tierno	Kolda	13.05	-14.2333	0
Saré Togo	Kolda	12.9833	-14.8333	0
Saré Tounkoye	Kolda	13.0333	-14.9833	0
Saré Téning Mbalo	Kolda	13.1333	-14.35	0
Saré Yerba	Kolda	12.8	-14.0333	0
Saré Yerbel	Kolda	12.7833	-14.3333	0
Saré Yoba	Kolda	12.9333	-14.1333	0
Saré Yoba Diéga	Kolda	12.7658	-15.1075	3551
Saré Yoba Mbalo	Kolda	13.0167	-14.4833	0
Saré Yoba Soukouta	Kolda	12.9667	-14.4167	0
Saré Yoro	Kolda	13.0333	-15.1167	0
Saré Yoro	Kolda	13.4167	-15.05	0
Saré Yoro Baldé	Kolda	12.7408	-15.0758	0
Saré Yoro Diao	Kolda	12.6961	-15.1339	0
Saré Yorobouya	Kolda	13.5333	-15.0833	0
Saré Youssouf	Kolda	12.6833	-14.95	0
Saré Yéro	Kolda	13.05	-13.8167	0
Saré Yéro Bambi	Kolda	13.0667	-14.4	0
Saré Yéro Dialo	Kolda	13.2333	-14.4333	0
Saré Yéro Maran	Kolda	13.25	-14.6833	0
Saré Yérossodi	Kolda	12.9833	-14.0833	0
Saré Yérowel	Kolda	13.1	-14.0833	0
Sayindi Daouda	Kolda	13.2667	-15.2833	0
Sayindi Maoundé	Kolda	13.2667	-15.2833	0
Sibikaranto	Kolda	12.7119	-15.0686	0
Sibéré	Kolda	12.9167	-14.9167	0
Sikilo	Kolda	12.9	-14.95	0
Sikounda	Kolda	13.1333	-13.8667	0
Simbar	Kolda	13.3167	-14.7667	0
Simbi	Kolda	13.1667	-14.3	0
Sine Bilali	Kolda	12.8536	-15.0097	0
Sinndabou	Kolda	12.7	-14.9333	0
Sinntia Demba	Kolda	12.75	-13.85	0
Sinntia Diaye	Kolda	12.8833	-13.9667	0
Sintiou Bamba	Kolda	13.1167	-15.15	0
Sintiou Boto	Kolda	12.95	-14.1833	0
Sintiân Abdoulaye	Kolda	12.8	-14.7333	0
Sintiân Abib	Kolda	12.8667	-14.2167	0
Sintiân Alanzo	Kolda	13.1333	-13.9833	0
Sintiân Diaè	Kolda	13.0333	-14.45	0
Sintiân Diobo	Kolda	12.8	-14.3333	0
Sintiân Douldé	Kolda	13.3167	-13.85	0
Sintiân Fodé	Kolda	13.2167	-13.8667	0
Sintiân Gana Boiro	Kolda	12.75	-14.7	0
Sintiân Goundo	Kolda	13.05	-14.5333	0
Sintiân Irodi	Kolda	12.7167	-13.7667	0
Sintiân Koba	Kolda	12.95	-14.2333	0
Sintiân Koli	Kolda	12.7833	-14.25	0
Sintiân Koumba Diouma	Kolda	13.15	-13.95	0
Sintiân Kéléfa	Kolda	12.8167	-14.25	0
Sintiân Kénadi	Kolda	12.9167	-13.8	0
Sintiân Lountan	Kolda	12.9833	-14.2833	0
Sintiân Madou	Kolda	12.75	-13.75	0
Sintiân Mandi	Kolda	12.85	-14.2167	0
Sintiân Maoundé	Kolda	12.85	-14.1333	0
Sintiân Nafa	Kolda	12.7833	-13.8333	0
Sintiân Paté	Kolda	13.0	-13.9167	0
Sintiân Samba	Kolda	12.7333	-13.8833	0
Sintiân Samba Foula	Kolda	13.2333	-13.8167	0
Sintiân Sambaoulé	Kolda	12.8	-14.0333	0
Sintiân Sana	Kolda	12.7	-13.8833	0
Sintiân Sara	Kolda	12.8167	-14.7667	0
Sintiân Sora	Kolda	13.2333	-13.8667	0
Sintiân Sori	Kolda	12.8833	-13.6833	0
Sintiân Tamalel	Kolda	13.1	-13.9667	0
Sintiân Tamba	Kolda	13.3667	-14.8667	0
Sintiân Woumbé	Kolda	12.9333	-14.9333	0
Sintiân Yéro	Kolda	13.1167	-13.9333	0
Sisal	Kolda	12.85	-14.9333	0
Sobouldé	Kolda	13.1667	-15.1	0
Sodiankounda	Kolda	13.1167	-15.9333	0
Solibané	Kolda	13.2667	-13.8833	0
Soma	Kolda	12.7667	-13.9	0
Soma Mandé	Kolda	12.7667	-13.8833	0
Souduéli	Kolda	13.4333	-14.95	0
Soukoto	Kolda	12.9908	-15.1369	0
Soulabali	Kolda	13.2167	-14.9833	0
Sourel Moulaye	Kolda	13.0667	-14.2667	0
Souriel Ndiobo	Kolda	13.05	-13.7667	0
Soussoutou	Kolda	13.0	-14.9333	0
Soutouré	Kolda	12.95	-14.1333	0
Suma Kunda Bakary	Kolda	13.2833	-14.5	0
Sékounaya	Kolda	12.55	-15.45	0
Sélikénié	Kolda	12.7	-14.7333	3677
Tabadinnto	Kolda	12.7	-14.0667	0
Tabandinnto	Kolda	12.8167	-14.7333	0
Tabani	Kolda	13.3	-14.8	0
Tabassèye	Kolda	12.8	-15.0333	0
Tabassèye Mandingue	Kolda	12.9	-14.4667	0
Tabayel Bouraïma	Kolda	13.25	-14.4833	0
Tabayel Sanba	Kolda	12.8667	-15.05	0
Taliel	Kolda	12.9833	-14.8667	0
Talta	Kolda	12.7333	-15.0667	0
Tamassanka	Kolda	12.9167	-14.9333	0
Tamassanssan	Kolda	12.7333	-14.1833	0
Tamba Kounda	Kolda	12.8833	-13.6833	0
Tamindala	Kolda	13.3333	-13.8	0
Tanbananding	Kolda	12.4833	-15.55	0
Tankanto	Kolda	12.8225	-15.0378	0
Tankanto Escale	Kolda	12.818	-15.034	0
Tankanton Peul	Kolda	12.8072	-15.0283	0
Tayebatou	Kolda	13.05	-13.8167	0
Tayebatou	Kolda	13.35	-14.9833	0
Taïfa	Kolda	13.4	-14.9	0
Temanto Spri	Kolda	13.55	-15.1	0
Temkilam Ilo	Kolda	12.85	-14.7	0
Teyel	Kolda	13.0333	-14.0333	0
Tiaféna	Kolda	12.8833	-14.45	0
Tialène	Kolda	13.35	-14.7333	0
Tianfara Koba	Kolda	12.95	-14.05	0
Tiankou	Kolda	12.9167	-13.85	0
Tiaoulé	Kolda	13.0167	-14.25	0
Tiapé	Kolda	12.85	-13.6667	0
Tiara	Kolda	12.8667	-14.55	0
Tiara	Kolda	13.1833	-15.3	0
Tiara Dimba Bie	Kolda	13.2	-15.3	0
Tiarap	Kolda	12.7833	-14.5167	0
Tiatamine	Kolda	12.7833	-13.8667	0
Tierno Siré	Kolda	13.0333	-14.85	0
Tiniyel	Kolda	13.0333	-13.9333	0
Tiomolog Diam	Kolda	13.1167	-13.9333	0
Tiomolog Tombo	Kolda	13.1167	-13.9667	0
Tioubouk	Kolda	12.8667	-14.1	0
Tiouoana	Kolda	12.9	-13.9667	0
Tivel Bessel	Kolda	12.8667	-14.25	0
Tiviann Koulandiala	Kolda	13.2167	-14.1	0
Tiéhubessi	Kolda	12.9833	-14.2833	0
Tiéribessi	Kolda	12.95	-13.75	0
Tiéti	Kolda	13.0333	-15.0833	0
Tiéval Lao	Kolda	12.9833	-14.4833	0
Tiével Bezel	Kolda	13.15	-13.9167	0
Tiével Mama Yéro	Kolda	13.05	-14.2833	0
Tiévgal	Kolda	13.0167	-15.1	0
Tiévébessi	Kolda	13.0167	-13.9167	0
Tiéwal	Kolda	13.2667	-13.9167	0
Tonguia	Kolda	12.8326	-13.7042	0
Touba	Kolda	13.3667	-14.7667	0
Touba Tiékène	Kolda	13.35	-14.8667	0
Toubak	Kolda	13.5167	-15.05	0
Tougoudé	Kolda	13.25	-15.05	0
Toungoulel	Kolda	13.05	-14.1	0
Toutouné	Kolda	12.75	-14.35	0
Tyidéli	Kolda	12.7333	-14.4167	0
Témanto	Kolda	12.9333	-13.7667	0
Témanto	Kolda	13.1667	-13.8	0
Témanto	Kolda	12.75	-13.8667	0
Témanto	Kolda	12.45	-15.95	0
Témanto Mamadou	Kolda	13.4833	-15.0167	0
Témento Diaé	Kolda	12.9833	-14.35	0
Témento Dimba	Kolda	12.8	-14.2667	0
Témento Eli	Kolda	13.0	-14.4833	0
Témento Méta	Kolda	12.9333	-14.3	0
Témento Samba	Kolda	12.9	-14.25	0
Téminto Modi	Kolda	13.45	-13.7833	0
Ténanto Samba	Kolda	12.7333	-14.7833	0
Vinsako	Kolda	12.6394	-15.2817	0
Vouropana	Kolda	13.5333	-15.1167	0
Vélia	Kolda	12.8	-13.8667	0
Vélia Bounka	Kolda	13.25	-14.7	0
Vélingara	Kolda	13.15	-14.1167	45431
Vélingara Boïdo	Kolda	12.8492	-15.0433	0
Vélingara Diaoué	Kolda	13.0667	-14.4	0
Vélingara Lali	Kolda	13.5	-15.1333	0
Vélingara Pakane	Kolda	12.85	-13.8	0
Vélingara Soto	Kolda	13.1333	-15.05	0
Warbé	Kolda	13.0	-14.8167	0
Wassadou	Kolda	12.75	-14.1667	0
Woloto	Kolda	13.05	-14.2167	0
Yabone	Kolda	12.5319	-16.0539	0
Yafa Rouba	Kolda	13.4667	-15.1333	0
Afia	Kédougou	12.5526	-12.5293	0
Afia II	Kédougou	12.3693	-12.3119	0
Amdalaye	Kédougou	12.7167	-13.0333	0
Anabiko	Kédougou	12.85	-12.4667	0
Angoussaka	Kédougou	12.5493	-12.4319	0
Anguéniapissa	Kédougou	12.45	-12.2667	0
Atak	Kédougou	12.6725	-12.4592	0
Babél	Kédougou	12.6548	-12.4872	0
Badioula	Kédougou	12.8262	-11.8064	0
Badié	Kédougou	12.45	-11.55	0
Badon	Kédougou	12.9163	-12.3748	0
Bafoundou	Kédougou	12.8302	-12.3429	0
Bagata	Kédougou	12.4541	-11.4965	0
Bagni-Bagni	Kédougou	12.9304	-11.6461	0
Baharé	Kédougou	12.7833	-12.9	0
Baharé	Kédougou	12.7667	-12.8833	0
Bahiré Foula	Kédougou	12.5667	-12.65	0
Bakaouka	Kédougou	12.5399	-12.7965	0
Balakonko	Kédougou	13.1399	-11.6978	0
Balori	Kédougou	12.6167	-11.8167	0
Bambadji	Kédougou	12.8221	-11.4971	0
Bambaraya	Kédougou	13.1084	-12.0884	0
Bamboya	Kédougou	12.4604	-12.1105	0
Bamboya	Kédougou	12.4582	-12.0269	0
Bandafassi	Kédougou	12.5396	-12.3106	0
Bandafassi Tenda	Kédougou	12.5283	-12.3174	0
Bandémba	Kédougou	12.525	-12.3804	0
Banfarato	Kédougou	12.6934	-12.8354	0
Banfaroto	Kédougou	12.7777	-11.762	0
Baniomba	Kédougou	12.716	-12.362	0
Bantakokouta	Kédougou	12.7707	-12.2349	0
Bantankho	Kédougou	12.5871	-11.5923	0
Bantata	Kédougou	12.6817	-12.3317	0
Bara	Kédougou	12.4345	-12.2017	0
Baraboye	Kédougou	12.6871	-12.4092	0
Barabéri	Kédougou	12.9602	-11.7395	0
Barafouté	Kédougou	12.6691	-12.303	0
Barandoufari	Kédougou	12.8129	-12.2513	0
Batimba	Kédougou	12.4825	-12.549	0
Batranké	Kédougou	12.69	-12.3518	0
Baytilaye	Kédougou	12.7056	-12.1536	0
Baïsso	Kédougou	12.7333	-12.35	0
Baïtilaye	Kédougou	12.7062	-11.6801	0
Bembou	Kédougou	12.8238	-11.8765	0
Benndiguiraïlo	Kédougou	12.8	-11.7333	0
Bilél	Kédougou	12.5602	-12.773	0
Bindiguéa	Kédougou	12.7738	-11.7572	0
Boféto	Kédougou	12.5441	-11.452	0
Bokar Diakanké	Kédougou	12.3833	-12.5667	0
Bokodi	Kédougou	13.2412	-11.7392	0
Bondala	Kédougou	13.2837	-11.6575	0
Bonmadigui	Kédougou	13.0245	-11.5691	0
Boto	Kédougou	12.4895	-11.4657	0
Bougnanta Kéréwane	Kédougou	12.5279	-11.8478	0
Boundoukondi	Kédougou	12.519	-12.3365	0
Bounsankhoba	Kédougou	12.86	-12.0239	0
Bouréya	Kédougou	12.4653	-11.8579	0
Bransan	Kédougou	13.2604	-12.1053	0
Bérola	Kédougou	13.236	-11.9056	0
Bérola Madina	Kédougou	13.2017	-11.9321	0
Campt de l’Éland	Kédougou	12.7547	-12.6411	0
Dakatéli	Kédougou	12.4574	-12.6469	0
Dalafing	Kédougou	12.8594	-11.6878	0
Dalaoulé	Kédougou	12.4833	-12.0167	0
Daloto	Kédougou	13.1879	-11.711	0
Dandé	Kédougou	12.3621	-12.3265	0
Dantilia	Kédougou	12.8793	-11.7964	0
Daorala	Kédougou	13.0792	-11.5131	0
Dar Salam	Kédougou	12.6307	-12.7884	0
Dar Salam	Kédougou	12.5511	-11.6707	0
Darsalam	Kédougou	13.0284	-12.5559	0
Datiémi	Kédougou	12.5997	-12.8638	0
Dembala Bérola	Kédougou	13.2835	-11.7432	0
Dendifa	Kédougou	13.2129	-12.01	0
Diabi	Kédougou	12.881	-11.7365	0
Diabéri	Kédougou	12.5364	-11.6568	0
Diakha Madina	Kédougou	12.7709	-11.6664	0
Diakhaba	Kédougou	12.8159	-12.068	0
Diakhaling	Kédougou	13.2546	-11.9327	0
Dialakatoba	Kédougou	13.3466	-12.0444	0
Diaro	Kédougou	12.6167	-12.8833	0
Diaéri	Kédougou	12.4493	-12.1781	0
Dibia	Kédougou	12.7	-11.8333	0
Dibiko	Kédougou	12.9833	-12.5	0
Dimboli	Kédougou	12.4641	-11.9956	0
Dindiari	Kédougou	12.4516	-11.6507	0
Dindéféllo	Kédougou	12.3816	-12.3248	0
Dingala	Kédougou	12.482	-12.4665	0
Dinkokono	Kédougou	12.7966	-11.4688	0
Diogoma	Kédougou	12.3805	-12.3818	0
Diougol	Kédougou	12.5071	-12.6408	0
Diougol Diara	Kédougou	12.4833	-12.6	0
Dioulafoundou	Kédougou	12.8011	-11.8672	0
Djendji	Kédougou	12.6758	-12.1775	0
Djirine	Kédougou	12.5513	-12.7901	0
Djégou	Kédougou	13.2599	-11.8835	0
Dongol Nialbi	Kédougou	12.5005	-12.4949	0
Doubel Badiel	Kédougou	12.4667	-12.6	0
Doumakhia	Kédougou	12.4964	-11.498	0
Dounkita	Kédougou	12.4553	-11.9145	0
Douta	Kédougou	13.019	-11.8775	0
Edalé	Kédougou	12.6667	-13.05	0
Fadiga	Kédougou	12.5535	-12.2039	0
Falombo	Kédougou	13.2096	-12.1038	0
Fandiandia	Kédougou	12.4546	-11.4421	0
Faraba	Kédougou	12.8161	-11.6961	0
Fesséné	Kédougou	13.2717	-12.073	0
Fitaba	Kédougou	12.7177	-11.8059	0
Fodé Binéya	Kédougou	12.7855	-11.7065	0
Fodékounda	Kédougou	12.5662	-11.8852	0
Fongolembi	Kédougou	12.4225	-12.0102	0
Galinding	Kédougou	12.4361	-11.854	0
Gandjiri	Kédougou	12.6337	-12.826	0
Gangara	Kédougou	12.5918	-12.3605	0
Garébouréya	Kédougou	12.6635	-11.4544	0
Gasikitt	Kédougou	12.7	-12.85	0
Gaégui	Kédougou	12.6286	-12.8381	0
Goumbambéré	Kédougou	12.4159	-12.5139	0
Goumo	Kédougou	12.5913	-12.8053	0
Gourénétéré	Kédougou	12.4013	-12.5316	0
Habibou	Kédougou	12.4918	-12.2803	0
Hamdallaï	Kédougou	12.483	-12.4869	0
Horé Bova	Kédougou	12.45	-12.45	0
Ibel	Kédougou	12.5158	-12.3781	0
Itato	Kédougou	12.5088	-12.2353	0
Kabatékénda	Kédougou	12.7972	-12.2409	0
Kadioré	Kédougou	12.4411	-12.5131	0
Kafori	Kédougou	12.4739	-11.9217	0
Kakanba	Kédougou	12.8833	-11.8333	0
Kanianbali	Kédougou	12.95	-11.8	0
Kanouméring	Kédougou	12.8846	-12.1776	0
Kanékaré	Kédougou	12.6833	-12.4167	0
Karakaéné	Kédougou	12.9167	-11.5167	0
Kassaguéri	Kédougou	13.3287	-11.6462	0
Khossanto	Kédougou	13.133	-11.9701	0
Kinemmba	Kédougou	13.0866	-12.1362	0
Kobokoto	Kédougou	12.45	-11.75	0
Kobokoto	Kédougou	13.3018	-11.8573	0
Koboye	Kédougou	12.4466	-12.065	0
Kodi Kouroubama	Kédougou	12.5534	-11.4628	0
Kodi Kourouma	Kédougou	12.513	-11.4596	0
Kolondonsé	Kédougou	12.8475	-11.7936	0
Kondokhou	Kédougou	12.9183	-11.7205	0
Korolo	Kédougou	13.1499	-12.0586	0
Koté	Kédougou	12.5561	-12.8458	0
Kouliminde	Kédougou	12.4307	-11.395	0
Koumafélé	Kédougou	12.4735	-12.4965	0
Koumboutourou	Kédougou	12.771	-11.9775	0
Koundaya	Kédougou	12.3932	-11.7661	0
Kounsi	Kédougou	12.4452	-12.0801	0
Kouroukoukana	Kédougou	13.0972	-11.7616	0
Kédio	Kédougou	12.9667	-12.5167	0
Kédougou	Kédougou	12.5556	-12.1808	30051
Kédougou	Kédougou	12.4833	-11.95	0
Kékokoto	Kédougou	13.3382	-11.6685	0
Kékréti	Kédougou	12.6833	-12.8167	0
Kélimbou	Kédougou	12.4562	-11.7509	0
Kéniassou	Kédougou	12.4613	-11.853	0
Kérékounda	Kédougou	13.1551	-12.0742	0
Kérévane	Kédougou	12.7333	-11.9	0
Késséma	Kédougou	12.5655	-12.4314	0
Kéwoye	Kédougou	12.5133	-12.7278	0
Lagordé	Kédougou	12.4087	-12.5628	0
Lakanta	Kédougou	12.7061	-12.4209	0
Laminia	Kédougou	12.6407	-12.1099	0
Landiéni	Kédougou	12.5555	-12.3681	0
Landé Baytil	Kédougou	12.5505	-12.4026	0
Lenguékoto	Kédougou	12.6908	-12.7863	0
Lombél	Kédougou	12.444	-11.9963	0
Louguéniani	Kédougou	12.4604	-12.5572	0
Lyndiane	Kédougou	12.4694	-11.9003	0
Lébaré Tianniéto	Kédougou	12.685	-12.8561	0
Léfakho	Kédougou	13.1833	-11.9321	0
Léféllo	Kédougou	12.3499	-12.2561	0
Lélou	Kédougou	12.4667	-11.4	0
Lésféllo	Kédougou	12.4459	-12.0248	0
Madina	Kédougou	13.1697	-11.789	0
Madina Arsas	Kédougou	12.6274	-12.8743	0
Madina Bafé	Kédougou	12.4966	-11.5288	0
Madina Dantilia	Kédougou	12.8166	-11.9129	0
Madina Faroto	Kédougou	12.6696	-11.799	0
Madina Toubacouta	Kédougou	13.0314	-11.8412	0
Madinatou	Kédougou	12.4979	-12.0062	0
Madiou	Kédougou	12.4452	-12.0142	0
Madiéri	Kédougou	12.788	-11.7878	0
Makana	Kédougou	13.0573	-12.121	0
Mako	Kédougou	12.8555	-12.3506	0
Malem	Kédougou	12.4636	-11.8922	0
Malinda	Kédougou	12.4762	-11.9569	0
Maléko	Kédougou	13.2112	-12.0244	0
Mamadou Boundou	Kédougou	12.3868	-12.3458	0
Mamakono	Kédougou	13.1814	-12.0539	0
Mamankanti	Kédougou	12.7994	-12.4423	0
Mandakoli	Kédougou	12.7818	-11.7757	0
Mandankholi	Kédougou	13.0279	-11.9676	0
Margou	Kédougou	13.2505	-11.814	0
Marougou	Kédougou	12.4444	-11.9142	0
Marougoukoto	Kédougou	12.8205	-12.3219	0
Marougoundi	Kédougou	12.6675	-12.2427	0
Mbass	Kédougou	12.6167	-12.8333	0
Mbon Bassari	Kédougou	12.5767	-12.8835	0
Mbon Peul	Kédougou	12.5574	-12.8964	0
Mbéma	Kédougou	12.6	-12.7167	0
Miliou	Kédougou	12.6667	-13.0833	0
Missira Dantilia	Kédougou	12.5031	-11.6894	0
Missira Sirimana	Kédougou	13.0872	-11.7018	0
Moroïafara	Kédougou	12.6167	-11.7833	0
Moulounga	Kédougou	12.436	-11.6865	0
Mouran	Kédougou	13.2237	-11.6101	0
Médina Boéni	Kédougou	12.6667	-13.05	0
Nafadji	Kédougou	12.6201	-11.6128	0
Namél	Kédougou	12.5584	-12.4621	0
Nandoumari	Kédougou	12.3456	-12.3571	0
Nangar	Kédougou	12.605	-12.8098	0
Nango	Kédougou	12.6333	-12.9167	0
Natia	Kédougou	12.4667	-12.35	0
Ndébou	Kédougou	12.5195	-12.4336	0
Ngari	Kédougou	12.6349	-12.2479	0
Ngoppou	Kédougou	12.5986	-12.8318	0
Niagalankomé	Kédougou	12.4129	-11.9891	0
Niamaya	Kédougou	13.1639	-11.9519	0
Niandassara	Kédougou	12.8833	-12.0167	0
Nianguimoni	Kédougou	12.4167	-11.9833	0
Niarabourou	Kédougou	12.8833	-12.45	0
Niedine	Kédougou	12.7333	-13.0167	0
Nionaga	Kédougou	12.416	-11.7187	0
Niédiné	Kédougou	12.7	-13.0333	0
Niéméniké	Kédougou	13.0092	-12.5499	0
Noumoufoukha	Kédougou	12.4713	-11.4824	600
Négodié	Kédougou	12.4833	-12.5833	0
Néguébakho	Kédougou	12.824	-12.4398	0
Néma	Kédougou	12.6667	-12.05	0
Népen Diakha	Kédougou	12.3948	-12.5567	0
Népen Peul	Kédougou	12.3869	-12.5472	0
Oubadji	Kédougou	12.6667	-13.0667	0
Ouinndiou	Kédougou	12.6667	-13.1	0
Oulogoré	Kédougou	12.9833	-11.8833	0
Oundouféré	Kédougou	12.7167	-13.05	0
Oussounkala	Kédougou	12.7038	-12.4639	0
Outioumbél	Kédougou	12.4355	-12.617	0
Patassi	Kédougou	12.5301	-12.3626	0
Pélél Kindéssa	Kédougou	12.3758	-12.3742	0
Sabodala	Kédougou	13.1612	-12.1127	0
Saboussiré	Kédougou	12.7575	-11.9225	0
Sagaridji	Kédougou	12.3611	-12.285	0
Sakhodofi	Kédougou	12.9527	-11.9328	0
Sakhofara	Kédougou	12.8819	-11.9011	0
Sakhouya	Kédougou	12.507	-11.5971	0
Sakhouya	Kédougou	12.478	-11.8833	0
Salaya	Kédougou	12.4648	-12.4812	0
Salémata	Kédougou	12.6285	-12.8166	4752
Sambagal	Kédougou	12.3888	-12.153	0
Sambaraboubou	Kédougou	13.1167	-11.85	0
Samou	Kédougou	12.6391	-12.8305	0
Samékhoto	Kédougou	12.6391	-11.7071	0
Samékouta	Kédougou	12.6085	-12.1279	0
Samékouta	Kédougou	12.5926	-11.6616	0
Sanbaranbougou	Kédougou	13.1053	-11.8537	0
Sanboulatounboun	Kédougou	12.7	-11.8667	0
Sangola	Kédougou	12.6667	-12.45	0
Sanigourou	Kédougou	12.4167	-12.4833	0
Sansanto	Kédougou	12.9	-11.7333	0
Sanséla	Kédougou	12.7056	-11.4384	0
Sanéla	Kédougou	12.7489	-11.7379	0
Saraya	Kédougou	12.8317	-11.7538	2726
Saroudia	Kédougou	12.5241	-11.5781	0
Satong Ania	Kédougou	12.7167	-12.4	0
Sibikiling	Kédougou	12.9737	-12.4858	0
Sibokoto	Kédougou	13.1736	-11.5551	0
Sila Kounda	Kédougou	12.4333	-12.5667	0
Sillakounda	Kédougou	12.5988	-12.3835	0
Sillakounda Diakha	Kédougou	12.6441	-12.1235	0
Sintiouroudissi	Kédougou	12.4667	-12.4667	0
Sintye Roudji	Kédougou	12.5411	-12.2179	0
Sobo	Kédougou	12.6667	-12.3167	0
Sodjoré	Kédougou	12.4215	-11.9787	0
Sokodou	Kédougou	12.5667	-12.75	0
Sonkheya	Kédougou	12.4682	-11.4661	0
Soubanik	Kédougou	12.65	-12.8667	0
Soukouta	Kédougou	12.7486	-12.4647	0
Soumaniko	Kédougou	13.043	-12.5227	0
Soumtokolo	Kédougou	13.3452	-12.1058	0
Soundoutourou	Kédougou	13.2555	-12.0686	0
Sâmouka	Kédougou	12.4471	-12.5691	0
Sèguèko	Kédougou	12.9941	-12.5288	0
Ségala Koubokoto	Kédougou	13.0069	-11.8451	0
Ségou	Kédougou	12.4092	-12.2832	0
Sékhoto	Kédougou	12.4429	-11.7772	0
Sékhoto	Kédougou	12.8565	-11.7216	0
Sékréta	Kédougou	12.423	-11.9566	0
Tambanoumouya	Kédougou	12.825	-12.4266	0
Taméguidia	Kédougou	12.4692	-11.5991	0
Tanbokolé	Kédougou	12.4333	-11.85	0
Tiabédji	Kédougou	12.6349	-12.4156	0
Tiangué	Kédougou	12.4092	-12.3395	0
Tiankounoumé	Kédougou	12.5265	-12.7356	0
Tiankoye	Kédougou	12.5792	-12.6591	0
Tiaramalél	Kédougou	12.6395	-12.4566	0
Tikankali	Kédougou	12.712	-12.3795	0
Tiokoye	Kédougou	12.5637	-12.532	0
Tiokoye	Kédougou	12.3833	-12.4	0
Tiokétian	Kédougou	12.5689	-12.3905	0
Togué	Kédougou	12.4777	-12.0219	0
Tomboronkoto	Kédougou	12.7992	-12.2899	0
Totia	Kédougou	12.6124	-11.8513	0
Toubakouta	Kédougou	12.4545	-11.7151	0
Toumanéa	Kédougou	12.4329	-11.9345	0
Touréboung	Kédougou	12.5118	-11.5098	0
Toutikouroudi	Kédougou	13.2736	-11.6196	0
Toïlé	Kédougou	12.3333	-12.35	0
Témbéri	Kédougou	12.4373	-11.923	0
Vélingara	Kédougou	12.4585	-12.0596	0
Walidiala	Kédougou	12.3732	-12.3849	0
Wallan Kindi	Kédougou	12.4283	-12.0312	0
Wallan Sintiou	Kédougou	12.4368	-12.0244	0
Wamba	Kédougou	12.4875	-11.5886	0
Wassadou	Kédougou	12.7333	-12.1	0
Wassaya	Kédougou	12.4267	-11.9822	0
Wondio	Kédougou	12.5362	-12.0925	0
Yamoussa	Kédougou	12.4312	-12.2572	0
Youboubou	Kédougou	13.019	-11.6416	0
Yéronguéto	Kédougou	12.4094	-12.4155	0
Ébarakh	Kédougou	12.6331	-12.8729	0
Édane	Kédougou	12.5479	-12.8291	0
Édine	Kédougou	12.5367	-12.8371	0
Égatyé	Kédougou	12.6157	-12.854	0
Ékés	Kédougou	12.5599	-12.8729	0
Ényissara	Kédougou	12.6102	-12.8664	0
Épengué	Kédougou	12.5745	-12.8438	0
Étiolo	Kédougou	12.5924	-12.8567	0
Étiés	Kédougou	12.575	-12.4402	0
Abdou Dao	Louga	14.9158	-15.7405	0
Affé	Louga	15.75	-16.3	0
Afé	Louga	15.1316	-15.4272	0
Afé	Louga	15.385	-16.23	0
Afé Niang	Louga	15.78	-16.295	0
Afé Niang	Louga	15.775	-16.2592	0
Ahabétou Talap	Louga	14.8667	-15.6167	0
Ahibdia	Louga	15.5255	-15.8451	0
Aladji Omar	Louga	15.0348	-15.8882	0
Ali Ndènè	Louga	15.5075	-15.7925	0
Ali Yoro Ndéro	Louga	15.6845	-15.7304	0
Aloulaye	Louga	15.7667	-16.1667	0
Alouniang	Louga	15.324	-15.8143	0
Amali	Louga	15.7488	-15.2522	0
Amali	Louga	15.7375	-15.2699	0
Amat Ba	Louga	15.8292	-16.39	0
Apol Peul	Louga	15.1667	-16.1667	0
Ardo Mademba	Louga	15.4546	-15.0938	0
Ayméroua	Louga	15.4657	-15.638	0
Aynoumal	Louga	15.843	-15.9926	0
Aïnoumal	Louga	15.85	-16.0167	0
Badar	Louga	15.4333	-16.45	0
Badar Diaye	Louga	15.5167	-16.3333	0
Badar Ndaye	Louga	15.5833	-16.3667	0
Badiane	Louga	15.1047	-15.8754	0
Badogor Doune	Louga	15.7793	-14.5181	0
Badèm	Louga	15.5833	-16.25	0
Badèm Ouolof	Louga	15.8147	-16.36	0
Bahis Sek	Louga	15.5667	-16.35	0
Bakhda	Louga	15.85	-16.15	0
Bakhère	Louga	15.4667	-16.3167	0
Bakhès	Louga	15.2833	-16.2333	0
Balal Penda	Louga	15.399	-15.8231	0
Balandé	Louga	15.7683	-15.9184	0
Balboto	Louga	15.3426	-16.3456	0
Balel Cissé	Louga	15.4369	-15.1416	0
Balel Sall	Louga	15.4351	-15.1367	0
Bali Guéli	Louga	15.3394	-15.4354	0
Bali Roto	Louga	15.4454	-15.3765	0
Balla Ndiaye	Louga	15.095	-15.9323	0
Balodji Sérèr	Louga	14.9855	-15.7705	0
Balta	Louga	15.6667	-16.4833	0
Bamgol	Louga	14.976	-15.5078	0
Bamhouame	Louga	15.4636	-15.713	0
Bandji	Louga	15.7785	-16.5175	0
Bangol	Louga	15.001	-15.5177	0
Bangoye	Louga	15.3833	-16.2833	0
Banianol	Louga	15.0372	-14.5058	0
Bapèdj	Louga	14.75	-14.8667	0
Bapédji	Louga	15.1693	-14.8772	0
Bara	Louga	15.1115	-15.4172	0
Baral	Louga	15.2199	-15.5102	0
Baralé Ndiaye	Louga	15.8452	-16.2292	0
Bardiol	Louga	15.7742	-15.2895	0
Bargué	Louga	15.2167	-16.0833	0
Bari	Louga	15.1597	-15.4858	0
Bari	Louga	15.8	-16.2667	0
Bari Diame	Louga	15.2789	-16.034	0
Bari Diame Cissé	Louga	15.448	-16.2373	0
Barkèdji	Louga	15.1667	-14.8667	0
Barkédji	Louga	15.7197	-15.3377	0
Barkédji	Louga	15.276	-14.8694	0
Baré	Louga	15.1777	-15.9878	0
Batal	Louga	15.5439	-15.2864	0
Batodji	Louga	14.9667	-15.7667	0
Battal	Louga	15.2301	-16.2337	0
Bayakh	Louga	15.6333	-16.2167	0
Bayakh	Louga	15.75	-16.45	0
Bayakh Gaye	Louga	15.6833	-16.4167	0
Baye Diang	Louga	15.6	-15.5167	0
Baye Yar	Louga	15.65	-16.4	0
Baïnak	Louga	15.7167	-16.25	0
Baïrat	Louga	15.75	-16.1667	0
Baïti	Louga	15.7167	-16.4167	0
Baïti Ndiaye	Louga	15.3833	-16.5667	0
Baïti Tiokène	Louga	15.1833	-16.1833	0
Bel Tati Deux	Louga	14.7834	-15.3738	0
Bel Tati Trois	Louga	14.7805	-15.3994	0
Bel Tati Un	Louga	14.8016	-15.3473	0
Bel Tiaski	Louga	15.33	-15.6276	0
Bel Tiaski Boki	Louga	15.3214	-15.6365	0
Belel-Boukar	Louga	15.5438	-14.2889	0
Belgarki	Louga	15.4403	-15.8784	0
Belil Nelbi	Louga	15.1741	-15.1921	0
Belkagne	Louga	15.4171	-14.8637	0
Beltiasdé	Louga	15.3475	-15.6211	0
Bem-Bem	Louga	14.8167	-14.4	0
Bengadji	Louga	15.65	-16.3333	0
Benntingui	Louga	15.0833	-15.4	0
Berdiouga	Louga	15.5667	-16.5667	0
Berkom	Louga	15.3667	-16.65	0
Beul Gueye	Louga	15.5604	-16.2488	0
Biba	Louga	15.0503	-15.9959	0
Bibi	Louga	15.0651	-15.9766	0
Bidem	Louga	15.5333	-16.3167	0
Binndiou	Louga	15.2833	-16.3333	0
Binnguel	Louga	14.6333	-14.5667	0
Birahim Sèye	Louga	15.9278	-15.7817	0
Biram Aouagali	Louga	15.6782	-15.2364	0
Biram Aouagali	Louga	15.7003	-15.2204	0
Biram Bodèl	Louga	15.4324	-15.9237	0
Biram Guèye	Louga	15.0758	-15.8995	0
Birama Kelle	Louga	15.2073	-15.3365	0
Bobi	Louga	14.75	-14.8167	0
Bobodigoula	Louga	15.1704	-15.4819	0
Bobori	Louga	15.2972	-15.8985	0
Bodadé	Louga	15.0803	-15.939	0
Bodèdji	Louga	14.6167	-14.55	0
Bodègne	Louga	15.5333	-16.3833	0
Bodègne	Louga	15.4833	-16.5667	0
Bodé	Louga	14.9821	-15.1412	0
Boffel Alassane	Louga	15.5749	-15.9781	0
Bogal	Louga	15.95	-16.1167	0
Bogo	Louga	14.859	-15.575	0
Bogol	Louga	15.6453	-15.6729	0
Boguel Gaye	Louga	15.4788	-15.4123	0
Boguelbar	Louga	15.4266	-15.833	0
Boguessa Boudou	Louga	15.3975	-15.7438	0
Boguène Goli	Louga	15.8245	-15.7849	0
Bohodi-Gobel	Louga	15.8651	-15.5679	0
Boiti	Louga	15.5667	-16.3	0
Boki Mbonon	Louga	14.6833	-14.65	0
Boki Tièdo	Louga	15.7018	-15.798	0
Bola Kho	Louga	15.35	-16.35	0
Boliègue Ardo	Louga	15.2844	-15.1831	0
Boubak	Louga	15.2415	-14.9958	0
Boudi	Louga	15.7938	-15.9405	0
Boudi Sènetie	Louga	15.7942	-15.9248	0
Boudoura	Louga	14.8667	-14.4167	0
Bouguérha	Louga	15.3833	-15.5	0
Boukirlou	Louga	15.05	-16.0833	0
Boukoul	Louga	15.5121	-15.9659	0
Boulal	Louga	15.3978	-15.6619	0
Bouli	Louga	15.5384	-15.8297	0
Bouli Bogueul	Louga	14.7333	-14.5	0
Bouli Bokel	Louga	14.75	-14.3833	0
Bouli-Boguel	Louga	15.0162	-15.5716	0
Bouliérobé	Louga	15.417	-15.6956	0
Bouliérobé	Louga	15.3887	-15.6959	0
Boulèl Sek	Louga	14.991	-16.1611	0
Boumi	Louga	15.2	-16.5833	0
Bounar	Louga	15.3333	-16.1167	0
Boundou Bali	Louga	15.0271	-15.9252	0
Boundou Boki	Louga	14.8712	-15.5399	0
Boundou Poutchou	Louga	15.1531	-15.4067	0
Boussoura Lo	Louga	15.6062	-16.3015	0
Bouye Dia	Louga	15.3857	-15.6783	0
Boybérol	Louga	15.8002	-15.432	0
Boybérol	Louga	15.8201	-15.4449	0
Boyo	Louga	15.686	-15.9373	0
Boyo Seki	Louga	15.8167	-16.32	0
Brar	Louga	15.9977	-15.972	0
Bédé	Louga	15.9755	-15.356	0
Bégaye Ardo	Louga	15.9	-16.1833	0
Bégaye Samb	Louga	15.9167	-16.2167	0
Bégne Pinda	Louga	15.5333	-16.5667	0
Bélel Bandia	Louga	15.4525	-15.4005	0
Bélel Baouami	Louga	15.9243	-15.3237	0
Bélel Baoudé	Louga	15.8345	-15.236	0
Bélel Boulbi	Louga	15.9423	-15.3534	0
Bélel Béloki	Louga	15.5116	-15.3575	0
Bélel Doba	Louga	15.8659	-15.479	0
Bélel Doba	Louga	15.8479	-15.4718	0
Bélel Doulo	Louga	15.8864	-15.3663	0
Bélel Fal	Louga	14.972	-15.5448	0
Bélel Fando	Louga	15.3672	-15.9754	0
Bélel Goloki	Louga	15.347	-15.9786	0
Bélel Namari	Louga	15.7818	-15.8224	0
Bélel Ndiobo	Louga	15.6166	-15.4036	0
Bélel Niébi	Louga	14.9627	-15.2278	0
Bélel Otondé	Louga	15.9569	-15.3446	0
Bélel Tiaski	Louga	15.6182	-15.4783	0
Béli Diori	Louga	15.1239	-15.1247	0
Béli Koyali	Louga	15.7381	-15.3252	0
Béliboguel	Louga	14.9857	-15.6452	0
Béliguel	Louga	15.6121	-15.4504	0
Bélène Boulbi	Louga	15.734	-15.4285	0
Béthio	Louga	15.4677	-15.3138	0
Chérif	Louga	15.2833	-16.5833	0
Chérif	Louga	15.6167	-16.4	0
Dabaye	Louga	15.65	-16.5	0
Dabaye	Louga	15.7167	-16.2833	0
Dabel	Louga	15.1736	-15.9704	0
Dabel	Louga	15.5442	-15.8856	0
Dabènel	Louga	15.3557	-15.8092	0
Dadi Daoudé	Louga	14.8167	-14.5333	0
Dadj	Louga	15.5	-16.2167	0
Daga	Louga	15.5608	-15.4811	0
Daga	Louga	15.5502	-15.4873	0
Daga Diéri Birane	Louga	15.3992	-15.3577	0
Daganabé	Louga	15.576	-15.1333	0
Dagaït	Louga	15.6167	-16.25	0
Dagne	Louga	15.1948	-15.5078	0
Dahu	Louga	15.5381	-14.7429	0
Dakha Diagne	Louga	15.7	-16.2	0
Dala	Louga	15.5838	-15.2028	0
Dalar	Louga	15.2333	-16.15	0
Damaradji	Louga	14.7333	-14.8	0
Dangourou	Louga	15.5167	-16.3	0
Dank	Louga	15.3167	-16.2167	0
Danko	Louga	15.6167	-16.1667	0
Dantiadi	Louga	14.7667	-14.3667	0
Dantiali	Louga	14.7244	-15.3027	0
Danédji	Louga	14.8961	-15.119	0
Dao	Louga	15.6667	-16.55	0
Daog	Louga	15.4667	-16.0333	0
Dara	Louga	15.3484	-15.4799	45530
Dara Andal	Louga	15.4084	-16.5284	0
Dara Matar Diop	Louga	14.9856	-15.9174	0
Dara Ndiakhou	Louga	15.517	-16.3139	0
Dara Sérigne Diéli	Louga	14.8867	-15.1434	0
Dara Yeral	Louga	15.2833	-16.2	0
Darni	Louga	15.3679	-15.1664	0
Darou	Louga	15.6667	-16.4667	0
Darou	Louga	15.8551	-15.9526	0
Darou Battel	Louga	15.2333	-16.2	0
Darou Bogo	Louga	14.9346	-15.6425	0
Darou Dia	Louga	15.2833	-16.6333	0
Darou Diop	Louga	15.0076	-16.1709	0
Darou Diop	Louga	15.4833	-16.4667	0
Darou Diop	Louga	15.0386	-16.108	0
Darou Diop Deux	Louga	14.678	-15.3036	0
Darou Diop Un	Louga	14.6707	-15.3124	0
Darou Fal	Louga	15.55	-16.3833	0
Darou Fal	Louga	15.5667	-16.4667	0
Darou Khara	Louga	15.5	-16.3667	0
Darou Khoudos	Louga	14.9638	-15.6776	0
Darou Kébé	Louga	15.4167	-16.45	0
Darou Marnane	Louga	15.1007	-16.1714	0
Darou Mbaye	Louga	15.1364	-15.9762	0
Darou Mbaye	Louga	15.45	-16.0333	0
Darou Mbaye	Louga	15.2833	-16.1333	0
Darou Minam	Louga	14.9322	-15.6287	0
Darou Minam Taif	Louga	14.813	-15.4006	0
Darou Mousti	Louga	15.0386	-16.0464	0
Darou Ndiagne	Louga	15.2333	-16.1167	0
Darou Ndiaye	Louga	15.4223	-15.9147	0
Darou Ndiaye	Louga	14.9257	-15.5868	0
Darou Ndiaye	Louga	15.1199	-15.8285	0
Darou Niass	Louga	15.25	-16.1	0
Darou Parba	Louga	15.5	-16.4667	0
Darou Salam	Louga	15.0204	-15.9039	0
Darou Salam	Louga	15.7803	-16.2544	0
Darou Salé	Louga	15.0167	-16.0167	0
Darou Sam	Louga	14.8862	-15.5549	0
Darou Tiar	Louga	15.5667	-16.5333	0
Daré Sermaké	Louga	15.35	-16.0833	0
Daré Tiouli	Louga	15.0218	-15.9946	0
Das Ngrou	Louga	15.5179	-15.1101	0
Davédia	Louga	15.4634	-15.7449	0
Dayane Guélodé	Louga	14.7333	-14.7833	0
Dayane Keur Diamba Sira	Louga	14.7333	-14.75	0
Dayane Kodiolé	Louga	14.8	-14.75	0
Dayane Laoniandi	Louga	14.7667	-14.75	0
Dekmodi	Louga	15.1839	-15.2861	0
Demba Badiane	Louga	15.3951	-15.7239	0
Demba Diam	Louga	14.8416	-15.5678	0
Demba Tilal	Louga	15.6943	-15.7144	0
Derlêt	Louga	15.2833	-16.2	0
Derr	Louga	15.2667	-16.2	0
Deuk Bouréy	Louga	15.8094	-16.3886	0
Deye Koit	Louga	15.3431	-15.4192	0
Deï Semmbou	Louga	15.4333	-16.1833	0
Diabal	Louga	15.3081	-14.936	0
Diabarki	Louga	15.0998	-15.9886	0
Diad Ndiaye	Louga	15.5	-16.15	0
Diadièr	Louga	15.8189	-16.2631	0
Diadj	Louga	15.7167	-16.35	0
Diadj	Louga	15.7333	-16.3833	0
Diaguéli	Louga	15.2755	-14.6709	0
Diakha	Louga	15.8167	-16.2167	0
Diakhaslène	Louga	15.7167	-16.15	0
Diakhaté	Louga	15.5167	-16.2167	0
Diakhaté	Louga	15.4833	-16.2667	0
Diakhaté Ndalom	Louga	15.4833	-16.2333	0
Dialgane Guedji	Louga	15.5667	-16.3833	0
Dialgane Kane	Louga	15.5667	-16.4333	0
Diali	Louga	15.3595	-15.0792	0
Diallo	Louga	15.3163	-15.1337	0
Diallo	Louga	15.3045	-15.1217	0
Diama	Louga	15.658	-15.5783	0
Diama	Louga	15.7892	-16.3556	0
Diama	Louga	15.65	-16.45	0
Diambal	Louga	15.4469	-15.2135	0
Diambalé	Louga	15.1826	-15.5905	0
Diaoune Ndiane	Louga	15.4667	-16.55	0
Diatbè Niadè	Louga	15.8455	-15.8766	0
Diatmi	Louga	15.0742	-15.9989	0
Diavrigne Amari	Louga	15.3833	-16.6167	0
Diaène Parba	Louga	15.3932	-15.2206	0
Diaène Tioto	Louga	15.4016	-15.2185	0
Diennbar	Louga	15.35	-16.0167	0
Dik Do	Louga	15.601	-15.093	0
Dimbordé	Louga	15.3024	-15.3493	0
Dindjéli	Louga	15.4077	-15.4601	0
Diogop	Louga	14.8833	-14.5167	0
Diokara	Louga	15.5167	-16.55	0
Diokoul	Louga	15.4667	-16.15	0
Diokoul	Louga	15.6333	-16.45	0
Diokoul	Louga	15.4167	-16.35	0
Diokoul	Louga	15.7839	-16.4364	0
Diokoul	Louga	15.969	-15.9646	0
Diokoul Diavrigne	Louga	15.3692	-16.5154	0
Diokoul Ndiaye	Louga	15.45	-16.5667	0
Dioldiolète	Louga	15.4921	-15.6185	0
Diom	Louga	15.0167	-16.05	0
Diom Bassatakh	Louga	15.8167	-16.1167	0
Diomoye	Louga	15.4785	-16.0875	0
Diori	Louga	15.3822	-15.112	0
Dioro	Louga	15.3833	-16.0333	0
Diouguène	Louga	15.3833	-16.1333	0
Dioulou Kogné	Louga	14.95	-15.75	0
Diouma Ndiaguel	Louga	15.7534	-15.7748	0
Dioumanan	Louga	15.2797	-14.6017	0
Dioural	Louga	15.2098	-15.6136	0
Diourki	Louga	14.8333	-14.8167	0
Diwane	Louga	14.9765	-16.118	0
Diébel Loro	Louga	15.3	-16.0833	0
Diélé	Louga	15.2343	-15.6421	0
Diéri Birane	Louga	15.3919	-15.3585	0
Djiké	Louga	15.2743	-15.8754	0
Djinakh	Louga	15.3667	-16.55	0
Dodji	Louga	15.5315	-14.9517	0
Dogade	Louga	14.9798	-15.7983	0
Dogakè	Louga	15.3542	-15.7614	0
Dogol	Louga	15.5833	-16.1	0
Dokhali	Louga	15.4831	-15.8385	0
Dokhali	Louga	15.5152	-15.8829	0
Doladji	Louga	15.1732	-15.8914	0
Domak	Louga	14.7333	-14.8333	0
Dongo	Louga	15.2036	-15.4915	0
Doro	Louga	15.7224	-15.3628	0
Doundodji	Louga	15.4701	-15.1981	0
Doundodji Guèyène	Louga	15.4746	-15.1845	0
Doundodji Nianguène	Louga	15.4672	-15.1774	0
Doundodji Tiako	Louga	15.4795	-15.1963	0
Doundoun Latié	Louga	15.5442	-14.8848	0
Doundoun-Djolof	Louga	15.5539	-14.8871	0
Dèbolaté	Louga	15.4769	-15.9458	0
Dèk Lès	Louga	15.5476	-15.1213	0
Dèk Rèye	Louga	15.6026	-15.4579	0
Déali	Louga	15.0509	-15.7156	0
Dédali	Louga	15.2852	-15.9906	0
Dégou Niaye	Louga	15.8244	-16.5186	0
Dékheulé	Louga	15.3948	-16.1022	0
Dékébré	Louga	15.2839	-15.3078	0
Démadou	Louga	15.3024	-15.3241	0
Détali	Louga	15.2533	-15.8798	0
Détié Dione	Louga	14.9525	-15.6989	0
Edé	Louga	15.0113	-15.7968	0
Edé	Louga	15.0318	-15.7968	0
Edé	Louga	15.0214	-15.7635	0
Edé	Louga	15.0077	-15.7661	0
Edé	Louga	15.1554	-15.5253	0
Edé	Louga	15.0614	-15.7541	0
Edé	Louga	15.0092	-15.8145	0
Edé	Louga	15.0012	-15.7751	0
El Hadj Ali	Louga	15.2854	-15.8974	0
Fadème	Louga	15.5589	-15.9273	0
Fanié	Louga	15.1351	-15.9173	0
Fas	Louga	15.0593	-16.1457	0
Fas Loli	Louga	14.6695	-15.2763	0
Fas Touré	Louga	14.7766	-15.2324	0
Fass Thiam	Louga	15.1276	-15.9011	0
Fidé Diakhaté	Louga	15.1333	-16.25	0
Firdaossi	Louga	15.0194	-15.888	0
Fitio Bâli Deux	Louga	14.7536	-15.3071	0
Fitio Bâli Un	Louga	14.7438	-15.2811	0
Fogni	Louga	15.0845	-15.3557	0
Fordiok	Louga	15.5	-16.5167	0
Foïlodé	Louga	14.8688	-15.4793	0
Féralo	Louga	14.95	-15.75	0
Féré Alo	Louga	14.9684	-15.6924	0
Féto Diami	Louga	15.5364	-14.2998	0
Gabane	Louga	15.7333	-16.4667	0
Gabane Peul II	Louga	15.7639	-16.4731	0
Gabar Diop	Louga	15.7687	-16.5337	0
Gad	Louga	15.8333	-16.25	0
Gad Afé	Louga	15.35	-16.4167	0
Gad Brama	Louga	15.4667	-16.3833	0
Gad Kébé	Louga	15.3667	-16.4833	0
Gad Nar	Louga	15.8358	-16.3439	0
Gad Peul	Louga	15.3333	-16.7333	0
Gadi	Louga	15.1156	-15.4917	0
Gagnar	Louga	15.5833	-16.1833	0
Gagnar Fal	Louga	15.4167	-16.2667	0
Gala Mbingue	Louga	15.3833	-16.45	0
Gali Ndiang	Louga	15.4167	-16.3667	0
Galène Ndjououndjou	Louga	15.3092	-15.8396	0
Galé	Louga	15.5466	-14.5775	0
Gam	Louga	15.2964	-15.6081	0
Ganao	Louga	15.1667	-16.0333	0
Gandek	Louga	15.2471	-16.3198	0
Gandé	Louga	15.5787	-15.8356	0
Gandé Kô	Louga	15.5845	-15.7731	0
Ganina	Louga	15.9642	-15.3955	0
Ganiniel	Louga	15.891	-15.2793	0
Gankèt	Louga	15.9792	-15.9277	0
Gankèt Guent	Louga	15.9076	-15.9421	0
Gara Mbaye	Louga	15.1167	-16.1333	0
Gassane	Louga	14.8205	-15.2949	0
Gassane Khaïré	Louga	14.8604	-15.3805	0
Gassane Séye	Louga	14.7207	-15.3428	0
Gassel	Louga	15.3463	-15.0837	0
Gassel Doulo	Louga	15.1746	-14.6363	0
Gassé	Louga	15.4626	-15.4183	0
Gati	Louga	15.4167	-16.1667	0
Gati Baba Ndiaye	Louga	15.4856	-15.9073	0
Gati II	Louga	15.25	-16.0667	0
Gati Loumène	Louga	15.5039	-15.8698	0
Gati Mori	Louga	15.55	-16.4667	0
Gati Ngaye	Louga	15.4	-16.1667	0
Gati Oumar	Louga	15.2833	-16.5667	0
Gati Pakha	Louga	15.7167	-16.05	0
Gati Rat	Louga	15.2167	-16.6333	0
Gati Saké	Louga	15.25	-16.65	0
Gati Toye	Louga	15.7828	-16.3964	0
Gatilé	Louga	15.2886	-14.9592	0
Gnayam	Louga	15.75	-16.5333	0
Gniguène	Louga	15.2073	-15.5023	0
Gobarène	Louga	15.3	-16.05	0
God Demba Ouolof	Louga	15.8419	-16.2519	0
Gonaké	Louga	15.9	-16.05	0
Gonaké	Louga	15.95	-16.05	0
Gonedom	Louga	15.6833	-16.4667	0
Gor Ouadi 1	Louga	15.2737	-15.247	0
Gor Ouadi 2	Louga	15.3022	-15.2476	0
Gor Tiongo	Louga	15.3129	-15.2309	0
Gorbel	Louga	15.5627	-15.8608	0
Goubi	Louga	15.6174	-15.6078	0
Gouidak	Louga	15.15	-16.25	0
Gouigal	Louga	15.3333	-16.2	0
Gouima	Louga	15.4667	-16.05	0
Gouloum	Louga	15.4716	-15.2829	0
Goundioura	Louga	15.5333	-16.1333	0
Goundièr Diop	Louga	15.5167	-16.1833	0
Goura Sadiégal	Louga	15.8637	-15.2995	0
Gourkel	Louga	15.7768	-15.693	0
Gouyar	Louga	15.5833	-16.15	0
Gouyar Sar	Louga	15.7144	-16.2085	0
Gouye Bara	Louga	15.3333	-16.65	0
Gouye Diallo	Louga	15.3945	-15.9268	0
Gouye Gal	Louga	15.4833	-16.35	0
Gouye Mbaye	Louga	15.5	-16.4	0
Gouye Mbeute	Louga	15.6743	-16.0303	0
Gouye Méo	Louga	15.25	-16.6	0
Gouye Poulo	Louga	15.95	-16.1	0
Gouye Seg	Louga	15.5667	-16.5333	0
Gouye Teude	Louga	15.414	-15.4915	0
Goïdiama	Louga	15.1833	-16.1167	0
Guennguer	Louga	15.2167	-16.0167	0
Guenntiéli	Louga	15.4131	-15.3521	0
Guerki	Louga	15.4333	-16.05	0
Guesdiam	Louga	15.3167	-16.1667	0
Guet	Louga	15.4806	-15.3847	0
Guibolaté	Louga	15.1098	-15.9325	0
Guirdé	Louga	15.5945	-14.4458	0
Guirir	Louga	14.9628	-16.0907	0
Guiro Nandou	Louga	14.7667	-14.85	0
Guène Goudi	Louga	15.9	-16.0333	0
Guèt Ardo	Louga	15.4	-16.0833	0
Guèto	Louga	15.2882	-15.3341	0
Guédioumane	Louga	15.9167	-16.0333	0
Guéli	Louga	15.4649	-15.8356	0
Guéli	Louga	15.2103	-15.4384	0
Guélodé	Louga	14.8149	-15.2583	0
Guélodé Diop	Louga	14.8068	-15.2273	0
Guélodé Sowène	Louga	14.8219	-15.2232	0
Guéoul	Louga	15.4833	-16.35	8003
Hafel	Louga	15.3833	-16.2333	0
Haïré Gaoudi	Louga	15.4523	-15.4181	0
Horé	Louga	14.8239	-15.2617	0
Kabdou	Louga	15.3157	-16.0739	0
Kabe Gaye	Louga	15.305	-16.6245	0
Kad	Louga	15.1667	-16.1167	0
Kad Ndiayène	Louga	14.968	-15.7823	0
Kadiar	Louga	15.8	-16.2833	0
Kadiar Peul	Louga	15.8028	-16.2978	0
Kadiel	Louga	15.1512	-15.4271	0
Kaladji Dembani	Louga	14.9167	-15.7333	0
Kalamine	Louga	15.7833	-16.1833	0
Kalane	Louga	15.4167	-16.2	0
Kalom	Louga	15.1333	-16.15	0
Kalossi	Louga	15.6199	-15.3237	0
Kaloye	Louga	15.6327	-14.3995	0
Kalsane	Louga	15.2667	-16.15	0
Kamara	Louga	15.5239	-15.5268	0
Kamb	Louga	15.5307	-15.4337	0
Kamba	Louga	15.1304	-15.6871	0
Kambou	Louga	15.3667	-16.0667	0
Kambounar	Louga	15.2413	-15.7092	0
Kandii	Louga	15.3	-16.0333	0
Kaner	Louga	14.8667	-14.5167	0
Kantaré	Louga	15.1973	-16.2611	0
Kantayène	Louga	15.65	-16.1	0
Kantiakh	Louga	15.2667	-16.2667	0
Kanène	Louga	15.4	-16.4833	0
Kanène Al	Louga	15.5	-16.0167	0
Kanène Khar	Louga	15.5	-16.0333	0
Kanène Ndiob	Louga	15.3628	-16.1734	0
Kara	Louga	15.5667	-16.3	0
Karatchel	Louga	15.1524	-15.9471	0
Karatchel-Ouolof	Louga	15.1394	-15.9557	0
Kartèlo	Louga	15.4146	-15.9417	0
Karègne	Louga	15.2167	-16.1667	0
Kassé Dimmbo	Louga	15.25	-16.1833	0
Kaïbé	Louga	15.5333	-16.2167	0
Kaïré	Louga	14.898	-15.6015	0
Kenngor	Louga	14.9333	-15.6333	0
Kerfari	Louga	15.2835	-15.8584	0
Kermodiènebodiane	Louga	15.0667	-16.05	0
Kermèsamba	Louga	15.3333	-16.1667	0
Keur Abdou Siri	Louga	15.0552	-15.8535	0
Keur Abdou Sèye	Louga	15.45	-16.1833	0
Keur Ali Denguèrè	Louga	15.7429	-15.6029	0
Keur Ali Koumba	Louga	15.9541	-15.8891	0
Keur Ali Yéral	Louga	15.7517	-15.5232	0
Keur Aliou Ndiaye	Louga	14.7012	-15.2929	0
Keur Amadi	Louga	15.6833	-16.4167	0
Keur Amado	Louga	15.8333	-16.1667	0
Keur Baba Seck	Louga	15.9785	-15.9508	0
Keur Badel	Louga	15.4009	-15.8918	0
Keur Bakar	Louga	15.5369	-15.8708	0
Keur Bakari Diop	Louga	15.4833	-16.5	0
Keur Bakari Sal	Louga	15.5	-16.3833	0
Keur Balla	Louga	15.8667	-16.1833	0
Keur Balla Sèye	Louga	15.6941	-15.9008	0
Keur Bara	Louga	15.7	-16.2	0
Keur Bassine	Louga	15.5738	-15.8934	0
Keur Baïlo	Louga	15.35	-16.1167	0
Keur Binnté	Louga	15.3	-16.2833	0
Keur Boukar	Louga	15.0087	-15.9263	0
Keur Boukar	Louga	15.4707	-15.8036	0
Keur Bragui	Louga	15.0667	-16.15	0
Keur Braham Fall	Louga	15.6298	-15.9697	0
Keur Dam	Louga	15.5636	-16.1229	0
Keur Dam Lô	Louga	14.939	-15.6937	0
Keur Dao Bèye	Louga	15.65	-16.6	0
Keur Demba	Louga	15.5333	-16.2667	0
Keur Demba Sira	Louga	15.7241	-15.7593	0
Keur Diaouli	Louga	15.3	-16.1667	0
Keur Doungou	Louga	15.9074	-15.9869	0
Keur Dètié	Louga	15.2333	-16.2667	0
Keur Galel Mbounari	Louga	15.7847	-15.5324	0
Keur Guilaye	Louga	14.9724	-15.7271	0
Keur Guiri	Louga	15.55	-16.2667	0
Keur Ibra	Louga	15.85	-16.1667	0
Keur Ibra Dieng	Louga	14.6942	-15.3469	0
Keur Ibra Maram	Louga	15.9667	-16.0833	0
Keur Ibra Maram	Louga	15.6	-16.1333	0
Keur Ibrahïma Mbaye	Louga	15.0042	-15.9659	0
Keur Kolibilo	Louga	15.8308	-15.5177	0
Keur Kora	Louga	15.6333	-16.3	0
Keur Koura	Louga	15.7	-16.5333	0
Keur Koutch	Louga	14.9667	-15.75	0
Keur Laye Diouf	Louga	14.7128	-15.2924	0
Keur Madialé	Louga	15.7	-16.05	0
Keur Madou Dia	Louga	15.7059	-15.8951	0
Keur Madoumbé	Louga	15.0	-16.2	0
Keur Mafal	Louga	15.7603	-16.3419	0
Keur Magamo	Louga	15.1773	-15.9739	0
Keur Mahanta	Louga	15.7833	-16.1167	0
Keur Makhari	Louga	15.1333	-16.2	0
Keur Makhtar Diop	Louga	15.6933	-15.8883	0
Keur Maleye	Louga	15.3333	-16.5833	0
Keur Malik Faye	Louga	14.9667	-15.7333	0
Keur Malô	Louga	15.8614	-15.9535	0
Keur Mamadou Yaga	Louga	14.8833	-15.7	0
Keur Mandiaye	Louga	15.9667	-16.15	0
Keur Mandiaye	Louga	15.4919	-15.9848	0
Keur Mandiol	Louga	15.7733	-16.4556	0
Keur Maniang Omar	Louga	15.6838	-15.9763	0
Keur Markari	Louga	15.45	-16.3833	0
Keur Massamba	Louga	15.6703	-15.9769	0
Keur Massamba Diagne	Louga	15.9916	-15.7148	0
Keur Massar	Louga	15.463	-15.8859	0
Keur Matar Diop	Louga	15.2167	-16.1667	0
Keur Matar Mbaye	Louga	15.7711	-16.2897	0
Keur Mayoro	Louga	15.7	-16.2833	0
Keur Mbalagaye	Louga	15.0833	-16.05	0
Keur Mballo	Louga	15.5333	-16.2833	0
Keur Mbarik	Louga	15.65	-16.2833	0
Keur Mbaye Ndao	Louga	15.3333	-16.65	0
Keur Mbaye Ndiap	Louga	15.3833	-16.6667	0
Keur Mbaye Seck	Louga	15.9314	-15.9112	0
Keur Mbissane	Louga	14.9212	-15.7538	0
Keur Mbogué	Louga	15.846	-15.9235	0
Keur Modi Yoro	Louga	15.8913	-15.9139	0
Keur Modou	Louga	15.6667	-16.0333	0
Keur Modou Diop	Louga	15.0456	-15.9165	0
Keur Modou Fati Khari	Louga	14.6894	-15.3227	0
Keur Modou Ndiaye	Louga	15.9504	-15.9189	0
Keur Modou Ngom	Louga	15.004	-15.9263	0
Keur Modou Sèye	Louga	15.2667	-16.1667	0
Keur Mody Bèye	Louga	15.6637	-15.8872	0
Keur Mokhari	Louga	15.4041	-15.9237	0
Keur Momar Sar	Louga	15.9229	-15.9681	0
Keur Mor Barama	Louga	15.55	-16.25	0
Keur Mor Bèye	Louga	15.6833	-16.05	0
Keur Mor Mbaké	Louga	14.9325	-15.7541	0
Keur Mèïssa	Louga	15.75	-16.1833	0
Keur Médou	Louga	15.6667	-16.2833	0
Keur Médoune Mbaye	Louga	15.6833	-16.05	0
Keur Nasseurdè	Louga	15.2833	-16.1833	0
Keur Ndam	Louga	15.5667	-16.1167	0
Keur Ndari	Louga	15.6833	-16.5333	0
Keur Ndiagne	Louga	15.997	-15.8225	0
Keur Ndiago Seck	Louga	15.6458	-15.9274	0
Keur Ndiaye	Louga	15.7769	-16.4742	0
Keur Ndiouga Sarr	Louga	15.669	-15.9516	0
Keur Ndiougo	Louga	15.5667	-16.1167	0
Keur Ndonga Fall	Louga	14.6947	-15.3387	0
Keur Ngoura	Louga	15.5307	-15.9824	0
Keur Ousmane	Louga	15.5225	-15.9463	0
Keur Ousmane Gaye	Louga	15.9509	-15.9715	0
Keur Passik	Louga	15.15	-16.05	0
Keur Pathé	Louga	15.4838	-15.6031	0
Keur Paté	Louga	15.75	-16.2	0
Keur Paté	Louga	15.8281	-16.33	0
Keur Sa Koki	Louga	15.5167	-16.15	0
Keur Samba	Louga	15.6867	-15.9971	0
Keur Samba Dior	Louga	14.9118	-15.7121	0
Keur Samba Khâmkhâm	Louga	15.658	-15.9385	0
Keur Samba Laobé	Louga	15.5167	-16.5833	0
Keur Samba Lello	Louga	15.7599	-15.7463	0
Keur Samba Réï	Louga	15.1167	-16.1667	0
Keur Samba Sadio	Louga	15.5858	-15.9916	0
Keur Sambaram	Louga	15.0833	-16.1667	0
Keur Sambou	Louga	15.6598	-16.2982	0
Keur Sanou	Louga	15.3753	-16.08	0
Keur Simbing	Louga	15.4587	-15.5646	0
Keur Siné	Louga	15.6	-16.1667	0
Keur Soulèye	Louga	15.55	-16.1333	0
Keur Sérigne Bassirou	Louga	14.9369	-15.676	0
Keur Sérigne Soda Gueye	Louga	14.9403	-15.6592	0
Keur Thiam Bâ	Louga	15.7548	-15.8845	0
Keur Tiédossa	Louga	15.3086	-15.806	0
Keur Yérim Ndiaye	Louga	15.9568	-15.9683	0
Khadji	Louga	15.4167	-16.3833	0
Khalil	Louga	15.55	-16.55	0
Khamadj	Louga	15.7333	-16.25	0
Khambala	Louga	15.6833	-16.2833	0
Khanda Diop	Louga	15.55	-16.1833	0
Khara Ndiak	Louga	15.4	-16.4667	0
Kharane	Louga	15.5	-16.65	0
Khatali	Louga	15.1949	-15.5893	0
Khaïré Diaga	Louga	14.7049	-15.3635	0
Khelkom	Louga	15.6167	-16.3667	0
Khelkom	Louga	15.65	-16.3167	0
Khelkom	Louga	15.7536	-16.3047	0
Khelkom	Louga	15.2333	-16.25	0
Khelli	Louga	15.4206	-16.2329	0
Khimbakh	Louga	15.6833	-16.3	0
Khitmati	Louga	14.9723	-15.5861	0
Khogué Tobène	Louga	15.2946	-15.166	0
Khol-Khol	Louga	15.4911	-15.0163	0
Khété Diao	Louga	15.5782	-16.2014	0
Kilif Dèk	Louga	15.6782	-15.4753	0
Kilimane	Louga	15.2833	-16.2833	0
Kilimane	Louga	15.2667	-16.1	0
Killène	Louga	15.55	-16.1667	0
Kipo	Louga	15.3966	-15.2086	0
Kirma Ham Koré	Louga	15.4049	-15.1694	0
Kis	Louga	15.3333	-16.2167	0
Kièr Sambo	Louga	15.2	-16.1333	0
Kobel	Louga	15.0216	-15.8764	0
Kodjèlé	Louga	15.4891	-15.0731	0
Kofiè	Louga	15.8586	-15.9218	0
Koki	Louga	15.5048	-15.9891	0
Koki	Louga	15.1833	-16.1	0
Koki Dakar	Louga	15.0167	-16.1667	0
Koki Kad	Louga	15.0167	-16.1833	0
Kolor	Louga	14.9821	-16.0252	0
Kone Kogne	Louga	15.65	-16.4667	0
Korane Ndiaye	Louga	15.5	-16.3333	0
Korkol	Louga	14.8833	-14.5833	0
Kossas	Louga	15.431	-14.661	0
Kosso	Louga	15.0667	-16.0167	0
Kosso	Louga	15.0208	-15.9635	0
Kotiédia	Louga	15.7122	-15.5599	0
Kotiédia Maure	Louga	15.7335	-15.5735	0
Koudié	Louga	14.986	-15.7786	0
Koukadi	Louga	14.5833	-14.5167	0
Koung	Louga	14.8315	-15.1304	0
Kounoudoki	Louga	15.0066	-15.8616	0
Kour Nbelgor	Louga	15.3667	-16.3833	0
Kourou	Louga	15.5167	-16.3333	0
Kourtara	Louga	15.5833	-16.35	0
Kouré	Louga	15.3667	-16.2167	0
Kouré Dialamane	Louga	15.0445	-15.9677	0
Koussous	Louga	14.8167	-14.4	0
Koyelol	Louga	15.1723	-15.9786	0
Koyli Pegna	Louga	15.3388	-15.7655	0
Koylogne	Louga	15.3294	-15.7451	0
Koé	Louga	15.131	-15.5513	0
Koé	Louga	15.2373	-15.7331	0
Koéli	Louga	15.7421	-15.5107	0
Kratchinn	Louga	15.1085	-15.988	0
Kèlé	Louga	15.2366	-14.9836	0
Kère Ndiaye	Louga	15.8086	-16.3633	0
Kébé	Louga	15.1861	-15.5506	0
Kébé Khâkhâm	Louga	15.5835	-15.5643	0
Kébé Ndeute	Louga	15.6833	-16.1833	0
Kébé Sam	Louga	15.6667	-16.2333	0
Kébé Sam	Louga	15.75	-16.2333	0
Kébémer	Louga	15.365	-16.4339	19902
Kél Gueye	Louga	15.5529	-16.2812	0
Kélel	Louga	15.1608	-15.5087	0
Kélel	Louga	15.17	-15.5093	0
Kélel	Louga	15.1355	-15.4419	0
Kélimane	Louga	15.1667	-16.0833	0
Kélléré	Louga	15.1833	-16.2	0
Kélèl Peul	Louga	15.0	-15.9	0
Kélé	Louga	15.2282	-15.3512	0
Kéri Ibromane	Louga	15.2167	-16.1333	0
Kétou	Louga	15.0666	-15.2607	0
Kévar	Louga	15.2976	-15.9949	0
Laba Tiadao	Louga	15.3593	-15.7053	0
Labat	Louga	15.5858	-14.7944	0
Lagbar	Louga	15.8329	-14.8107	0
Lambadjé	Louga	15.65	-16.3667	0
Lambane Touré	Louga	15.3167	-16.6667	0
Lambane Vilane	Louga	15.3	-16.6833	0
Lampado	Louga	15.6635	-15.9619	0
Lathew	Louga	15.8171	-16.5195	0
Laye	Louga	15.6167	-16.1833	0
Layéyana	Louga	15.4	-16.05	0
Lemdou	Louga	15.6333	-16.05	0
Lindé	Louga	15.1527	-15.1401	0
Linguère	Louga	15.3953	-15.1193	19191
Lite	Louga	15.8167	-16.4667	0
Lol Lol Peul	Louga	15.115	-15.2589	0
Longor	Louga	15.6833	-16.4833	0
Lordodj	Louga	15.4375	-15.4397	0
Loro	Louga	15.2833	-16.1	0
Lotye Diamboye	Louga	15.2899	-15.8799	0
Loté	Louga	15.7333	-16.05	0
Louga	Louga	15.6187	-16.2244	113365
Lougré	Louga	15.1557	-15.913	0
Lougui Ouolof	Louga	15.6047	-15.9616	0
Lougui Peul	Louga	15.6158	-15.949	0
Louguéré Tioli	Louga	15.559	-14.6186	0
Loumbal	Louga	15.3883	-15.5055	0
Loumbal Manga	Louga	14.82	-15.3643	0
Loumbel	Louga	15.1295	-15.6646	0
Loumbel	Louga	15.2545	-14.8967	0
Loumbel	Louga	15.704	-15.8413	0
Loumbel Bassinaré	Louga	15.276	-15.8225	0
Loumbel Bissinabé	Louga	15.9949	-15.7683	0
Loumbel Boki	Louga	15.0469	-15.9056	0
Loumbel Djibi	Louga	15.8435	-14.6567	0
Loumbel Douki	Louga	15.3994	-15.5802	0
Loumbel Déba	Louga	15.9302	-15.0208	0
Loumbel Gaoudi	Louga	15.4495	-15.5489	0
Loumbel Koral	Louga	15.3572	-15.628	0
Loumbel Ladé	Louga	15.0708	-15.8828	0
Loumbel Lana	Louga	15.2653	-14.7287	0
Loumbel Saye Koye	Louga	15.0983	-15.7025	0
Loumbel Tédou	Louga	15.4375	-15.6215	0
Loumbi	Louga	15.7755	-15.757	0
Loumbi	Louga	15.6112	-15.1172	0
Loumbi Abobé	Louga	14.7167	-14.6	0
Loumbi Arabobé	Louga	15.8654	-15.5014	0
Loumbi Guido	Louga	15.8725	-14.6334	0
Loumbi-Laoubé	Louga	15.4585	-15.815	0
Loumbinol	Louga	15.3941	-14.6653	0
Loumbodo Fodji	Louga	15.3683	-15.9156	0
Loumbol	Louga	15.8833	-16.0167	0
Loumbol Baraguel	Louga	14.9112	-15.5644	0
Loumbèl Doki	Louga	14.8552	-15.1471	0
Loumbéoro	Louga	15.9097	-15.0563	0
Loumène	Louga	15.0884	-15.8914	0
Louméne	Louga	15.4906	-15.9447	0
Loyène	Louga	15.4833	-16.3333	0
Légnanène	Louga	15.6489	-15.9595	0
Léguèt	Louga	15.5333	-16.2	0
Léona	Louga	15.1167	-16.2167	0
Léona Ndiaye	Louga	15.715	-16.4573	0
Léti Kobra	Louga	15.376	-15.4414	0
Lévé Ngaou	Louga	15.2322	-14.8602	0
Lôyène	Louga	15.692	-15.9665	0
Madayana	Louga	15.8019	-16.4342	0
Madina Beye	Louga	15.2833	-16.6833	0
Madina Ndiaye	Louga	14.8968	-15.684	0
Madina Niassène	Louga	14.6868	-15.2777	0
Madène	Louga	15.2236	-15.5083	0
Mahafar	Louga	15.5266	-15.8315	0
Maka	Louga	15.2486	-15.9852	0
Maka	Louga	15.8481	-15.9503	0
Maka	Louga	15.9833	-16.1333	0
Maka	Louga	15.6667	-16.25	0
Maka Diagne	Louga	15.3333	-16.35	0
Maka Fal	Louga	15.3667	-16.55	0
Maka Fall	Louga	15.3474	-16.5425	0
Maka Gaye	Louga	15.8167	-16.1667	0
Maka Kallé	Louga	15.8833	-16.2333	0
Maka Mboubène	Louga	15.4333	-16.4333	0
Maka Mor	Louga	15.75	-16.4667	0
Maka Mor Madiké	Louga	15.7534	-16.5014	0
Maka Ndiaye	Louga	15.5333	-16.5333	0
Maka Ndiaye	Louga	15.6667	-16.4	0
Maka Touré	Louga	15.7861	-16.4043	0
Makadou	Louga	15.2957	-15.9229	0
Makali	Louga	15.3833	-16.6	0
Makine	Louga	15.243	-15.9218	0
Malèm	Louga	15.5476	-15.5566	0
Mamabaré	Louga	14.9918	-15.9739	0
Mangara	Louga	15.1833	-16.25	0
Maraye	Louga	15.8039	-16.3253	0
Maro Koumba	Louga	15.3917	-15.5948	0
Maréfou Lo	Louga	15.4	-16.1667	0
Massar	Louga	15.7833	-16.2333	0
Massar Diop	Louga	15.316	-16.3111	0
Massar Diop	Louga	15.8	-16.2333	0
Massar Teug	Louga	15.805	-16.2583	0
Massara	Louga	15.3333	-16.3333	0
Massara	Louga	15.1231	-15.9379	0
Massara	Louga	15.1111	-15.9518	0
Matal	Louga	15.4996	-15.3129	0
Matel Banté	Louga	15.3167	-16.25	0
Matour	Louga	14.8333	-15.5667	0
Mayaye	Louga	15.2471	-16.2554	0
Maye Goumel	Louga	15.5461	-15.4243	0
Mayoro	Louga	15.7	-16.0	0
Mayèl	Louga	14.9087	-15.6201	0
Mbabou	Louga	15.2667	-16.2167	0
Mbacké Diolof	Louga	15.1623	-15.6209	0
Mbadar	Louga	15.35	-16.5167	0
Mbadiène	Louga	15.3782	-15.1302	0
Mbahdi	Louga	15.5442	-15.7826	0
Mbaka Lo	Louga	15.2325	-16.5685	0
Mbaké Bari	Louga	15.494	-15.8829	0
Mbaké Kayor	Louga	15.107	-16.1977	0
Mbam	Louga	15.1128	-15.8496	0
Mbanar	Louga	15.4275	-15.9357	0
Mbande	Louga	15.2667	-16.0333	0
Mbandé	Louga	15.9167	-16.1333	0
Mbap Peul	Louga	15.15	-16.0667	0
Mbarama	Louga	15.1833	-16.0667	0
Mbari	Louga	15.3833	-16.0667	0
Mbaro	Louga	15.25	-16.2	0
Mbarom	Louga	15.4333	-16.3333	0
Mbarom	Louga	15.6167	-16.1833	0
Mbaré	Louga	15.3167	-16.05	0
Mbatar	Louga	15.7667	-16.25	0
Mbaw	Louga	15.8082	-16.5225	0
Mbaye	Louga	15.384	-15.2585	0
Mbaye	Louga	15.5333	-16.45	0
Mbaye Mbaye	Louga	15.87	-16.2764	0
Mbaye Mbaye	Louga	15.6723	-16.3657	0
Mbaye Njinakh	Louga	15.35	-16.5167	0
Mbayène	Louga	15.5114	-15.5643	0
Mbayène	Louga	15.7167	-16.1667	0
Mbayène	Louga	15.3333	-16.05	0
Mbayène	Louga	15.7636	-16.36	0
Mbayène Ndjoudam	Louga	15.1833	-15.9797	0
Mbaène	Louga	15.4178	-15.4669	0
Mbaï Diop	Louga	15.1333	-16.1333	0
Mbaïlo	Louga	15.1681	-15.9707	0
Mbaïti Massamba	Louga	15.2	-16.1667	0
Mbenguène	Louga	14.7294	-15.3313	0
Mbetèt	Louga	15.3	-16.7167	0
Mbeuksine	Louga	15.2428	-16.1176	0
Mbeuleukhé	Louga	15.6487	-15.3492	1510
Mbinguène	Louga	15.6167	-16.4167	0
Mbinguène Diouar	Louga	15.35	-16.4167	0
Mbirakam	Louga	15.1	-16.0333	0
Mbirama	Louga	15.8	-16.1333	0
Mbississ	Louga	15.4333	-16.3167	0
Mboba	Louga	15.15	-16.1833	0
Mbobou	Louga	15.4833	-16.2833	0
Mbodiène	Louga	14.9902	-15.7682	0
Mbodié	Louga	15.4155	-15.9934	0
Mboltagne Nar	Louga	15.4	-16.35	0
Mboubène Mbatar	Louga	15.7608	-16.2644	0
Mbouki	Louga	15.1167	-16.0667	0
Mboul	Louga	15.5041	-16.4166	0
Mboula	Louga	15.6724	-15.4344	0
Mboulkane	Louga	15.1	-16.05	0
Mboundou Mbaba	Louga	14.6167	-14.6167	0
Mboup	Louga	15.6167	-16.3167	0
Mboussobé	Louga	15.3574	-15.5723	0
Mboussobé	Louga	15.3257	-15.5913	0
Mboynane	Louga	15.6536	-15.3871	0
Mbrama Rat	Louga	15.8167	-16.0667	0
Mbèlègne Kodiolè	Louga	15.9864	-15.6621	0
Mbèr	Louga	15.4167	-16.0833	0
Mbèss	Louga	15.4167	-16.6833	0
Mbédiègne	Louga	15.2167	-16.5667	0
Mbédiène	Louga	15.5036	-16.1997	0
Mbéguéré	Louga	15.05	-16.0333	0
Mbélegne	Louga	15.4814	-15.9959	0
Mbélegne	Louga	15.7433	-15.7572	0
Mbéli	Louga	15.0807	-15.5761	0
Mbélogne	Louga	15.6099	-14.3886	0
Mbélogne Bali	Louga	14.6667	-14.6833	0
Mbémène	Louga	15.2167	-15.5463	0
Mbénguène Diavar	Louga	15.3416	-16.4059	0
Mbéyène	Louga	15.6821	-15.5543	0
Mbéyélogne	Louga	15.4812	-15.4639	0
Memedou Komba	Louga	15.35	-16.3667	0
Menguelé	Louga	15.8853	-15.7049	0
Merina Dia	Louga	15.55	-16.35	0
Merina Ndiègne	Louga	15.3833	-16.5	0
Merina Palèm	Louga	15.7833	-16.2667	0
Merina Sek	Louga	15.45	-16.5167	0
Messéré Mbabon	Louga	15.2167	-16.2333	0
Messéré Teug	Louga	15.4833	-16.45	0
Mguène	Louga	15.4333	-16.3667	0
Miga Roto	Louga	15.4504	-15.3647	0
Modi Koko	Louga	15.0	-15.8333	0
Modji	Louga	15.4235	-15.8805	0
Modou Tal	Louga	14.9333	-15.7667	0
Mogré	Louga	15.3184	-15.024	0
Mordam Guèye	Louga	15.1216	-15.9869	0
Moui Ndiobone	Louga	15.2	-16.2167	0
Moukh Moukh	Louga	15.4343	-15.787	0
Moura Mal	Louga	15.8333	-16.0667	0
Mourel	Louga	15.7868	-16.5314	0
Mouril	Louga	15.7667	-16.4833	0
Mouro	Louga	15.3081	-15.9707	0
Mouye	Louga	15.5553	-15.5322	0
Mpal Kéli	Louga	15.4333	-16.2167	0
Médinassi	Louga	15.3158	-15.4883	0
Mélakh	Louga	15.3167	-15.567	0
Mérina	Louga	15.2667	-16.2333	0
Mérina	Louga	15.2649	-15.9891	0
Mérina Bébé	Louga	15.6167	-16.4167	0
Mérina Dakar	Louga	15.6333	-16.4333	0
Mérina Diop	Louga	15.4833	-16.5	0
Mérina Diop	Louga	15.7167	-16.3167	0
Mérina Diop	Louga	15.3333	-16.55	0
Mérina Diop	Louga	15.5667	-16.0333	0
Mérina Ndiaye	Louga	15.5133	-16.5115	0
Mérina Ndiaye	Louga	15.3667	-16.5833	0
Mérina Ndiol	Louga	15.2872	-16.6805	0
Mérina Santié	Louga	15.7	-16.3833	0
Mérina Sar	Louga	15.4333	-16.0833	0
Mérina Simong	Louga	15.6167	-16.4167	0
Mérinaguene	Louga	15.9473	-15.9696	0
Mévél	Louga	15.6534	-15.2639	0
Namène	Louga	15.3	-16.2333	0
Nangadi	Louga	14.863	-15.5343	0
Navel	Louga	15.6129	-15.6087	0
Naydé	Louga	15.7287	-15.9413	0
Naydé	Louga	15.1349	-15.2624	0
Nayobé	Louga	15.6502	-16.0479	0
Naïdé	Louga	15.9611	-14.8975	0
Nbanar	Louga	15.9841	-15.8758	0
Ndabe Tal	Louga	15.8869	-16.2653	0
Ndakhar	Louga	15.1667	-16.0333	0
Ndakhar	Louga	15.75	-16.1	0
Ndakhar Birima	Louga	15.3833	-16.3833	0
Ndakhar Koba	Louga	15.9667	-16.0667	0
Ndakhar Lamane	Louga	15.4	-16.4333	0
Ndalarlo	Louga	15.7101	-15.9642	0
Ndalla	Louga	15.5398	-15.9453	0
Ndam	Louga	15.5833	-16.0833	0
Ndam Gott	Louga	15.5833	-16.2833	0
Ndam Guinop	Louga	15.3333	-16.25	0
Ndam Khab	Louga	15.7	-16.1333	0
Ndam Khalil	Louga	15.6333	-16.15	0
Ndam Lô	Louga	15.0071	-16.0176	0
Ndam Matakh	Louga	15.35	-16.15	0
Ndam Ndam	Louga	15.6043	-16.3917	0
Ndam Sanossi	Louga	14.9732	-16.0818	0
Ndamio	Louga	15.4167	-16.3833	0
Ndande	Louga	15.273	-16.531	0
Ndangour Fal	Louga	15.8667	-16.1667	0
Ndaouère	Louga	15.4667	-16.2667	0
Ndara Fal	Louga	14.9876	-15.0308	0
Ndarami	Louga	15.582	-14.781	0
Ndat Diokoul	Louga	15.3333	-16.3667	0
Ndavéne	Louga	15.6603	-16.246	0
Ndawas Diagne	Louga	15.8519	-16.2908	0
Ndawène	Louga	14.9093	-15.6123	0
Nder	Louga	15.7	-16.2167	0
Ndeukta	Louga	15.6833	-16.1833	0
Ndia	Louga	15.7333	-16.1167	0
Ndia Gondiol	Louga	15.4384	-15.1315	0
Ndia Sam	Louga	14.9345	-15.6068	0
Ndiabane Lamine	Louga	15.4926	-15.4489	0
Ndiabani	Louga	15.3263	-15.768	0
Ndiabi Fal	Louga	15.35	-16.4333	0
Ndiagne	Louga	15.4094	-16.0707	7496
Ndiagne	Louga	15.1028	-15.9642	0
Ndiagne Fal	Louga	15.8122	-16.4786	0
Ndiagne Tali	Louga	15.3636	-15.786	0
Ndiagne Tiouli	Louga	15.0289	-15.982	0
Ndiaguène	Louga	15.2167	-16.1333	0
Ndiaguène Ouolof	Louga	15.8608	-16.2667	0
Ndiaguène Peul	Louga	15.8511	-16.2694	0
Ndiak	Louga	15.4667	-16.2333	0
Ndiakha Fal	Louga	15.4333	-16.4833	0
Ndiakhal	Louga	15.6333	-16.3	0
Ndiakhar	Louga	15.5236	-16.0138	0
Ndiakhaté	Louga	15.5833	-16.0833	0
Ndiakhaté	Louga	15.503	-15.2266	0
Ndiakhaté	Louga	15.1317	-15.988	0
Ndiakhaye	Louga	15.292	-15.3388	0
Ndiakhoumbo	Louga	15.3	-16.25	0
Ndialak	Louga	15.3833	-16.6167	0
Ndiallakhâr	Louga	15.7706	-16.4231	0
Ndialo	Louga	15.3833	-16.3167	0
Ndialouye	Louga	15.3833	-16.2833	0
Ndiamadj	Louga	15.9	-16.2	0
Ndiamaguène	Louga	15.1949	-15.9709	0
Ndiamane	Louga	15.315	-15.4828	0
Ndiambor	Louga	15.4463	-15.919	0
Ndiambou	Louga	15.7	-16.4167	0
Ndianaour	Louga	15.5333	-16.5	0
Ndiane	Louga	15.0822	-15.8833	0
Ndiane Ndiaye	Louga	15.4167	-16.25	0
Ndiane Sabo	Louga	15.6045	-15.3851	0
Ndiang	Louga	15.65	-16.2333	0
Ndianké	Louga	15.2667	-16.1167	0
Ndiané	Louga	15.5414	-15.2292	0
Ndiao	Louga	15.6051	-15.8999	0
Ndiao Boudi	Louga	15.7387	-15.9697	0
Ndiao Ndiao	Louga	15.05	-16.15	0
Ndiaobé Edé	Louga	15.0571	-15.7873	0
Ndiaor	Louga	15.4333	-16.15	0
Ndiaou	Louga	15.2167	-16.2333	0
Ndiaoudi	Louga	15.4705	-15.9503	0
Ndiaoué	Louga	15.0833	-16.1	0
Ndiaovène	Louga	15.4667	-16.45	0
Ndiarhaté	Louga	15.3	-16.5167	0
Ndiarno	Louga	15.4137	-15.2959	0
Ndiarno	Louga	15.4833	-16.2333	0
Ndiarno Diop	Louga	15.5167	-16.4667	0
Ndiarno Ouadé	Louga	15.45	-16.4167	0
Ndiarène	Louga	15.4333	-16.0167	0
Ndiaré	Louga	15.3667	-16.3	0
Ndiaré	Louga	14.9082	-15.5542	0
Ndiaré	Louga	15.5264	-15.8931	0
Ndiaré	Louga	15.4667	-16.1167	0
Ndiaré Bayel	Louga	15.4167	-16.1833	0
Ndiaré Diéri	Louga	15.2769	-15.8484	0
Ndiassi	Louga	15.1667	-16.2	0
Ndiatakh	Louga	15.3333	-16.3	0
Ndiavrigne Amadou	Louga	15.3742	-16.6338	0
Ndiavrigne Fal	Louga	15.4167	-16.5333	0
Ndiavrigne Ilo	Louga	15.4333	-16.6333	0
Ndiavrigne Ndiaye	Louga	15.4333	-16.5833	0
Ndiavrigne Paté	Louga	15.4	-16.6167	0
Ndiavrigne Samoad	Louga	15.4167	-16.65	0
Ndiavéne	Louga	15.61	-16.0293	0
Ndiaye	Louga	15.8167	-16.0667	0
Ndiaye Boumi	Louga	15.2045	-16.5881	0
Ndiaye Ndiangou	Louga	15.5445	-15.8108	0
Ndiaye Ndiangoul	Louga	15.7998	-16.0784	0
Ndiaye Tioro	Louga	15.2	-16.5833	0
Ndiayène	Louga	15.7614	-16.4264	0
Ndiayène	Louga	15.6166	-14.41	0
Ndiayène	Louga	15.5562	-15.8633	0
Ndiayène	Louga	15.4833	-16.0167	0
Ndiayène	Louga	15.8167	-16.1667	0
Ndiayène	Louga	15.705	-15.5994	0
Ndiayène	Louga	15.2	-16.0667	0
Ndiayène Doulel	Louga	15.1801	-15.5605	0
Ndiayène Guirène	Louga	15.7119	-15.6238	0
Ndiaène	Louga	15.0122	-15.9422	0
Ndibène Dahra	Louga	15.3338	-15.4766	32941
Ndibé	Louga	15.0833	-16.1167	0
Ndieng Madior	Louga	15.35	-16.4833	0
Ndieuk	Louga	15.3803	-15.9863	0
Ndiguél	Louga	14.9347	-15.5268	0
Ndikion	Louga	15.2333	-16.0833	0
Ndilla	Louga	15.3377	-15.0524	0
Ndindé	Louga	15.95	-16.1667	0
Ndiobo	Louga	15.4	-16.1833	0
Ndiobène	Louga	15.6667	-16.15	0
Ndiobène	Louga	15.4	-16.2667	0
Ndiobène	Louga	15.7207	-16.3925	0
Ndiobène	Louga	15.15	-16.2333	0
Ndiobène	Louga	15.1102	-15.8663	0
Ndiobène	Louga	15.5667	-16.05	0
Ndiobène	Louga	15.0833	-16.1833	0
Ndiobène Mbatar	Louga	15.7803	-16.2578	0
Ndiodème	Louga	15.6	-16.5	0
Ndioguèye	Louga	15.6167	-16.4833	0
Ndiok Gadou Pane	Louga	15.25	-16.55	0
Ndiok Sal	Louga	15.7528	-16.2608	0
Ndiossi	Louga	15.3703	-15.534	0
Ndiougoup	Louga	15.2854	-15.8079	0
Ndiouki	Louga	14.9972	-15.6535	0
Ndiourki	Louga	15.1634	-15.9805	0
Ndioyène	Louga	15.86	-15.6468	0
Ndip Golo	Louga	14.9701	-16.1744	0
Ndiène	Louga	15.2031	-15.5515	0
Ndiène	Louga	15.3333	-16.2333	0
Ndièrè	Louga	15.5356	-15.9303	0
Ndièye	Louga	15.8372	-16.3353	0
Ndièye Séfour	Louga	15.4482	-16.4235	0
Ndiékinane	Louga	15.5273	-16.167	0
Ndiéri	Louga	15.55	-16.3	0
Ndjarno	Louga	15.4167	-15.3	0
Ndjiling	Louga	15.8	-16.4833	0
Ndjima	Louga	15.3067	-15.9773	0
Ndodj	Louga	15.4633	-15.3511	0
Ndogadou	Louga	15.391	-15.4644	0
Ndogadou	Louga	15.3797	-15.4821	0
Ndogor	Louga	15.0833	-16.0833	0
Ndoni Peul	Louga	14.8727	-15.6056	0
Ndoni Sérèr	Louga	14.8828	-15.5813	0
Ndoni Wolof	Louga	14.8808	-15.611	0
Ndorobé	Louga	15.4032	-15.0233	0
Ndoufène	Louga	15.046	-15.9837	0
Ndouli	Louga	15.266	-15.4556	0
Ndoune	Louga	15.7	-16.4333	0
Ndourène	Louga	15.0854	-15.8809	0
Ndoyène Dakhar	Louga	15.2275	-16.0812	0
Ndoïtsé	Louga	15.85	-16.0667	0
Ndramé	Louga	15.1786	-15.5586	0
Ndramé	Louga	14.9846	-15.0761	0
Ndâme	Louga	15.8941	-15.9018	0
Ndèm	Louga	15.4833	-16.0667	0
Ndéguène Fal	Louga	15.4	-16.3833	0
Ndéllère	Louga	15.2667	-16.05	0
Ndématou	Louga	15.5	-16.05	0
Ndémène	Louga	15.2235	-15.4995	0
Ndémébélègne	Louga	15.15	-16.1333	0
Ndénak	Louga	15.2599	-15.7083	0
Nelbi	Louga	15.478	-15.5802	0
Ngadialam	Louga	15.7333	-16.0	0
Ngadialam Sellé	Louga	15.7	-16.0167	0
Ngadieu	Louga	15.7333	-16.1167	0
Ngadj Sar	Louga	15.8797	-16.2249	0
Nganado Boguel	Louga	15.3439	-15.8696	0
Ngaou	Louga	15.215	-14.8023	0
Ngap	Louga	15.33	-15.5158	0
Ngar	Louga	15.4333	-16.1	0
Ngar	Louga	15.1711	-15.9222	0
Ngar Diagne	Louga	15.1833	-16.2	0
Ngaraf	Louga	15.5667	-16.3667	0
Ngaraf	Louga	15.45	-16.6167	0
Ngarafé	Louga	15.3623	-15.2911	0
Ngassane	Louga	15.1779	-15.5609	0
Ngassémane	Louga	15.1355	-15.5686	0
Ngat	Louga	15.35	-16.6333	0
Ngat Peul	Louga	15.3667	-16.7167	0
Ngaye	Louga	15.1333	-16.2	0
Ngaye	Louga	14.986	-15.9852	0
Ngaye	Louga	15.8833	-16.2	0
Ngaye Diavar	Louga	15.4477	-16.3461	0
Ngaye Ndiaye	Louga	15.4033	-16.0265	0
Ngaye Ngaye	Louga	15.2667	-16.35	0
Ngayène	Louga	15.4324	-15.1484	0
Ngayène Sar	Louga	15.8667	-16.0833	0
Ngiling Mbaw	Louga	15.7907	-16.53	0
Ngnitigaye	Louga	15.0321	-15.9103	0
Ngobé	Louga	15.5903	-15.0555	0
Ngodom	Louga	15.4219	-15.9826	0
Ngol	Louga	15.3	-16.0667	0
Ngold	Louga	14.8333	-15.5167	0
Ngolo	Louga	15.5088	-15.4759	0
Ngolo	Louga	15.5249	-15.4778	0
Ngom	Louga	15.2413	-15.4963	0
Ngomène	Louga	15.0333	-16.1167	0
Ngomène	Louga	15.8136	-16.3272	0
Ngonor	Louga	14.6833	-14.5167	0
Ngoudépié	Louga	14.9973	-16.032	0
Ngoufat	Louga	15.7333	-16.4167	0
Ngouloum Teugue	Louga	15.5033	-15.2637	0
Ngouloum Thiarène	Louga	15.5082	-15.2673	0
Ngoumba Nguéoul	Louga	15.4716	-16.3383	0
Ngoumbal	Louga	15.3833	-16.35	0
Ngourane	Louga	15.4397	-16.2907	0
Ngouré	Louga	15.2833	-16.1333	0
Ngouye Diéri	Louga	15.5546	-15.2609	0
Ngouïssi	Louga	15.1542	-15.8336	0
Ngraf	Louga	15.5546	-15.3379	0
Nguembé	Louga	15.4082	-15.9822	0
Nguemmbé	Louga	15.2667	-16.1167	0
Nguemmbé	Louga	15.3833	-16.1833	0
Nguermalal	Louga	15.7341	-16.0087	0
Nguessé	Louga	15.2	-15.9936	0
Nguet	Louga	15.3433	-15.498	0
Ngueune Sar	Louga	15.7122	-16.2796	0
Nguidye	Louga	15.4127	-15.1474	0
Nguik Fall	Louga	15.8181	-16.1817	0
Nguilo Peul	Louga	14.994	-15.7942	0
Nguimbou	Louga	15.5	-16.2667	0
Nguiobène	Louga	15.65	-16.1667	0
Nguène	Louga	15.5667	-16.3333	0
Nguène	Louga	15.4833	-16.0833	0
Nguène Sèye	Louga	15.3587	-16.2283	0
Nguèyène	Louga	15.4412	-15.9906	0
Nguèyène	Louga	15.5833	-16.3167	0
Nguèyène	Louga	15.6979	-15.9398	0
Nguébal	Louga	15.35	-16.5833	0
Nguébel	Louga	15.0833	-16.2	0
Nguéloba	Louga	14.8584	-15.2407	0
Nguélouar	Louga	15.0605	-15.2187	0
Nguénèna	Louga	15.375	-15.1204	0
Nguéralo	Louga	15.15	-16.1667	0
Nguéye Dili	Louga	15.6	-16.2167	0
Nguéyène	Louga	15.4	-16.2833	0
Ngéoul	Louga	15.45	-16.3	0
Niaka	Louga	15.2951	-14.9073	0
Nialoumbel Tiaské	Louga	15.0346	-14.7611	0
Niamina	Louga	15.4701	-15.4946	0
Niandiem	Louga	15.5018	-15.6607	0
Niandoul	Louga	15.3595	-15.5389	0
Niandoul	Louga	15.7	-16.3667	0
Nianguène	Louga	15.2833	-16.0667	0
Nianguène	Louga	15.4	-16.05	0
Nianguène Peul	Louga	15.825	-16.3172	0
Niaraniou	Louga	14.997	-15.7219	0
Niassène	Louga	15.2667	-16.0667	0
Niaye	Louga	14.8667	-15.6833	0
Nibane	Louga	14.961	-15.657	0
Nimzat	Louga	15.261	-15.9818	0
Niokhoul	Louga	15.297	-16.528	0
Niokoul Ndiaba	Louga	15.3	-16.55	0
Niom Dadè	Louga	15.3891	-15.9366	0
Niombré	Louga	15.1173	-15.9085	0
Niomré Lo	Louga	15.6732	-16.1175	0
Niou Sogui	Louga	15.4167	-16.65	0
Nioufène	Louga	15.3167	-16.1667	0
Niouki	Louga	15.0119	-15.5834	0
Nioukou	Louga	15.477	-15.1345	0
Nièm	Louga	15.6167	-16.2667	0
Nièr Ouolof	Louga	15.35	-16.1667	0
Niéri	Louga	15.1464	-15.0823	0
Noamlo	Louga	15.4	-16.3833	0
Nobi	Louga	15.7873	-15.6387	0
Nolk Diabé	Louga	15.9696	-15.2899	0
Nopi Birama	Louga	15.3666	-15.5877	0
Nèguè	Louga	15.7	-15.5798	0
Nébodji	Louga	14.9293	-15.7394	0
Nékoum	Louga	15.2157	-14.7192	0
Néssennguèye	Louga	15.3167	-16.3	0
Odiolé	Louga	15.0151	-14.9702	0
Ouadane	Louga	15.3	-16.2333	0
Ouadane	Louga	15.7833	-16.1667	0
Ouafé Engo	Louga	15.0194	-15.8659	0
Ouakha Lèye	Louga	15.6	-16.4667	0
Ouakhal	Louga	15.7333	-16.3667	0
Ouaki	Louga	15.5167	-16.0667	0
Ouaoulou Sal	Louga	15.5167	-16.35	0
Ouarak	Louga	15.5117	-16.0582	0
Ouarak	Louga	15.4667	-16.1833	0
Ouarak	Louga	15.3167	-16.15	0
Ouarga	Louga	15.4	-16.3333	0
Ouarkhokh	Louga	15.3812	-15.2352	0
Ouarène	Louga	15.8	-16.1	0
Ouassoumassal	Louga	15.6833	-16.5833	0
Ouatef	Louga	15.25	-16.5667	0
Ouli Boye	Louga	15.681	-15.174	0
Oundou Doupoul	Louga	15.1927	-15.3076	0
Ouro Séno	Louga	15.4422	-14.9943	0
Ouro Vèndou	Louga	15.3204	-15.012	0
Pabel	Louga	15.3587	-15.7379	0
Padélo	Louga	15.0651	-15.9456	0
Pakhaso	Louga	15.7	-16.1167	0
Pakri Kébé	Louga	15.4667	-16.3167	0
Pal Mbaouar	Louga	15.5507	-16.4376	0
Palal	Louga	15.2122	-15.4941	0
Palatou	Louga	15.55	-16.45	0
Paliarigouye	Louga	15.8333	-16.2667	0
Palméo	Louga	15.2674	-16.546	0
Palène	Louga	15.7136	-15.9487	0
Palène	Louga	15.1109	-15.8533	0
Palène Ded	Louga	15.2222	-16.6312	0
Palène Fal	Louga	15.7	-16.2333	0
Palène Sélédiane	Louga	15.5333	-16.3333	0
Pam	Louga	15.2667	-16.6167	0
Pampi	Louga	15.3174	-15.5177	0
Par	Louga	15.5167	-16.25	0
Parba Dieng	Louga	15.496	-16.471	0
Pass	Louga	15.5333	-16.1167	0
Pass Bakane	Louga	15.375	-15.4736	0
Patakour	Louga	14.7167	-14.8667	0
Patar Mar	Louga	15.3977	-15.9595	0
Païdé	Louga	15.35	-16.2167	0
Pekh Tal	Louga	15.4667	-16.4	0
Pet Ouolof	Louga	15.1443	-15.8426	0
Petion	Louga	15.5167	-16.6833	0
Pinpal	Louga	15.1953	-15.9415	0
Piouti	Louga	15.3833	-16.0167	0
Polongne	Louga	15.0561	-15.6548	0
Poram	Louga	15.5717	-14.8027	0
Potio	Louga	15.5618	-15.9349	0
Potio Peul	Louga	15.579	-15.9175	0
Potou	Louga	15.7167	-16.5	0
Pouil Soump	Louga	15.1667	-16.25	0
Pourdi	Louga	15.3045	-15.3106	0
Pénédji	Louga	15.75	-16.0833	0
Pétiadji	Louga	15.7094	-15.9396	0
Pétogne	Louga	15.1	-16.0667	0
Pété	Louga	15.4982	-14.4202	0
Pété Nianguène	Louga	15.6173	-15.9874	0
Pété Ouarak	Louga	15.6458	-15.9912	0
Pété Peul	Louga	15.6372	-15.9664	0
Rabou Nafé	Louga	14.9833	-15.7667	0
Raméda	Louga	15.0938	-15.9826	0
Ranch de Doli	Louga	14.7542	-15.1449	0
Rat Peul	Louga	15.3833	-16.1333	0
Rayèt	Louga	15.6833	-16.4667	0
Rimbakh	Louga	15.9384	-16.1253	0
Ringaye	Louga	15.9667	-16.0167	0
Romane	Louga	15.25	-16.6167	0
Rote Eri	Louga	15.4709	-15.4151	0
Roto	Louga	15.4639	-15.377	0
Roye Dièye	Louga	15.7736	-16.1487	0
Rènda	Louga	15.8359	-15.1963	0
Révane	Louga	15.6181	-14.3968	0
Révouane	Louga	14.9333	-14.5667	0
Sa Niébé	Louga	15.1	-16.1167	0
Sabka	Louga	15.25	-16.6167	0
Sad Kovo	Louga	15.6333	-16.5	0
Sadi Ara	Louga	15.3218	-15.8312	0
Sadok	Louga	15.6708	-14.6064	0
Sag	Louga	15.6876	-16.57	0
Sagata	Louga	15.2758	-16.1739	0
Sagata	Louga	15.2194	-15.5568	0
Sakal	Louga	15.6	-16.0667	0
Sakal	Louga	15.8219	-16.2155	0
Sakalé	Louga	15.4366	-15.9722	0
Salguer	Louga	15.0818	-15.2324	0
Salim	Louga	15.6167	-16.35	0
Sam	Louga	15.7167	-16.4833	0
Sam	Louga	15.8	-16.0333	0
Sam Boudou	Louga	15.9028	-15.4129	0
Sam Fal	Louga	14.9033	-15.5721	0
Sam Gueye	Louga	15.35	-16.6	0
Sam Gueye	Louga	15.45	-16.5833	0
Sam Ngom	Louga	15.2833	-16.6	0
Sam Sek	Louga	15.5833	-16.3333	0
Samba Adiouma	Louga	15.4411	-15.8389	0
Samba Bilè	Louga	15.5559	-15.7338	0
Samba Dieye	Louga	15.6827	-15.6297	0
Samba Gourma	Louga	15.3972	-15.1671	0
Samba Sadio	Louga	15.6	-16.0333	0
Samba-Sembé	Louga	15.8493	-15.501	0
Sambar	Louga	15.7333	-16.0667	0
Sambobo	Louga	14.9	-15.7	0
Same Ndiaye	Louga	15.6833	-16.3833	0
Sammali	Louga	15.4887	-15.6582	0
Sandiara	Louga	15.4105	-15.8565	0
Sangué	Louga	15.0933	-15.3845	0
Sanossi	Louga	15.3667	-16.25	0
Sansamko	Louga	15.3188	-15.081	0
Santiou Mérina	Louga	15.8236	-16.2869	0
Saot	Louga	14.9333	-15.5167	0
Saré Ndioba	Louga	14.9662	-15.0417	0
Ser	Louga	15.6667	-16.45	0
Sessoum	Louga	14.9333	-14.6333	0
Siboli	Louga	14.8483	-15.1614	0
Siboli Touré	Louga	14.8772	-15.1659	0
Sidate	Louga	15.744	-15.8913	0
Silat	Louga	14.9667	-14.9667	0
Sine	Louga	15.25	-16.0	0
Sine Altéré	Louga	15.45	-16.4833	0
Sine Gueye	Louga	15.4667	-16.5667	0
Sine Ouad	Louga	15.7	-16.3167	0
Sinou Pek	Louga	15.4333	-16.3667	0
Sinoubar	Louga	15.7667	-16.1167	0
Sintiou Baïti	Louga	15.7	-16.35	0
Sintiou Diokou	Louga	15.55	-16.4	0
Sintiou Gnani	Louga	15.55	-16.5167	0
Sintiou Guèye	Louga	15.3167	-16.6	0
Sintiou Kanène	Louga	15.3667	-16.1667	0
Sintiou Meïssa	Louga	15.5942	-16.4497	0
Sintiou Mour	Louga	15.3167	-16.4833	0
Sintiou Mérina	Louga	15.6333	-16.4333	0
Sintiou Ndiobène	Louga	15.7333	-16.3667	0
Sintiou Ndiol	Louga	15.5833	-16.4833	0
Sintiou Tiarigne	Louga	15.5833	-16.4167	0
Sival	Louga	15.4833	-16.3667	0
Sival	Louga	14.9285	-15.5129	0
Sivol	Louga	15.2225	-15.5397	0
Sokori	Louga	15.4244	-15.943	0
Solmèo	Louga	15.3456	-15.5884	0
Som	Louga	15.3581	-15.3313	0
Som	Louga	15.344	-15.4625	0
Som	Louga	15.341	-15.3383	0
Sombadé	Louga	15.4568	-15.1339	0
Sombéldou	Louga	14.9988	-16.1534	0
Songane	Louga	15.1	-16.1	0
Soukoundou	Louga	15.7	-16.4667	0
Sèbère	Louga	15.5118	-15.6597	0
Sèkétarè	Louga	15.6333	-16.55	0
Sène Madembaleye	Louga	15.4	-16.5667	0
Séal	Louga	15.25	-16.65	0
Sélé Diagne	Louga	15.8145	-15.9039	0
Tako	Louga	15.6333	-16.1167	0
Tali	Louga	15.3752	-15.2604	0
Taltal	Louga	14.9871	-15.954	0
Taltal Pouté	Louga	14.8454	-15.4995	0
Talène Gaye	Louga	15.3167	-16.5609	0
Tanim	Louga	15.609	-16.1222	0
Taoua	Louga	15.6333	-16.2	0
Taoua	Louga	15.3167	-16.7333	0
Taoua Gueye	Louga	15.4167	-16.5167	0
Tappa	Louga	15.3536	-15.6443	0
Taré	Louga	15.7825	-16.5334	0
Tavé	Louga	15.0016	-15.9418	0
Tawé	Louga	14.9934	-15.9413	0
Taïba	Louga	15.6333	-16.35	0
Taïba Amari Mbéri	Louga	15.4414	-16.5384	0
Taïba Mar	Louga	15.4	-16.5833	0
Taïba Singué	Louga	15.3163	-15.9737	0
Taïba Sèye	Louga	15.55	-16.2167	0
Taïf Diop	Louga	15.0434	-15.8731	0
Taïf Nganado	Louga	15.3542	-15.907	0
Taïfali	Louga	15.0376	-14.6561	0
Tchabouguel	Louga	15.2257	-15.9651	0
Teugue Ndioguy	Louga	15.4167	-16.4333	0
Teumbe	Louga	15.5667	-16.5333	0
Teumbé	Louga	15.3333	-16.7	0
Teural	Louga	15.4	-16.65	0
Thiamène	Louga	15.3237	-15.5155	0
Thiamène	Louga	15.4778	-15.8747	0
Thiamène	Louga	15.0845	-15.9049	0
Thiamène	Louga	15.0931	-15.9223	0
Thiarène	Louga	15.37	-15.9961	0
Thiarène	Louga	15.4206	-15.9951	0
Thioyène	Louga	15.1961	-15.5209	0
Tiaboguel	Louga	15.5811	-15.4048	0
Tiabouguel	Louga	14.996	-15.7853	0
Tiala	Louga	15.2413	-15.6023	0
Tiala	Louga	15.0339	-14.4742	0
Tiala	Louga	15.2405	-15.5785	0
Tialbol	Louga	15.6505	-14.3299	0
Tialgou	Louga	15.2333	-16.0333	0
Tialgouf	Louga	15.1833	-16.0833	0
Tialla	Louga	15.75	-16.1667	0
Tialog Niane	Louga	15.45	-16.1167	0
Tialé	Louga	15.2667	-16.6167	0
Tiambak	Louga	15.4	-16.15	0
Tiambalédié	Louga	15.9831	-15.1359	0
Tiambalédié	Louga	15.9851	-15.0842	0
Tiambène	Louga	15.8333	-16.2	0
Tiambène	Louga	15.8333	-16.3	0
Tiar Drop	Louga	15.75	-16.1833	0
Tiar Hal	Louga	15.8333	-16.1333	0
Tiar Sek	Louga	15.7	-16.45	0
Tiar Sodi	Louga	15.25	-16.2833	0
Tiara	Louga	15.2293	-15.5444	0
Tiargni	Louga	15.1883	-15.2899	0
Tiari Mbaye	Louga	15.3333	-16.5333	0
Tiarigne	Louga	15.5333	-16.4167	0
Tiarène	Louga	15.75	-16.0667	0
Tiarène	Louga	15.8236	-16.4333	0
Tiarène Sar	Louga	15.5333	-16.5	0
Tiaré Diomoye	Louga	15.4667	-16.0833	0
Tiaski Ndialal	Louga	15.5935	-14.9514	0
Tiat Ngol	Louga	15.7398	-15.8737	0
Tiatgol Boédi	Louga	15.436	-15.5119	0
Tiavali	Louga	15.5632	-15.3295	0
Tidé	Louga	15.0822	-15.4682	0
Tiekha Gaye	Louga	15.3333	-16.55	0
Tiemmbar Peul	Louga	15.4167	-16.1333	0
Tienne	Louga	15.3833	-16.15	0
Tienne Sagata	Louga	15.25	-16.15	0
Tiep	Louga	15.5251	-16.5257	0
Tieurigne	Louga	15.5667	-16.45	0
Tignito	Louga	15.0719	-15.9143	0
Tila	Louga	15.3565	-15.5177	0
Tila	Louga	15.5191	-15.9252	0
Tiliandé	Louga	15.524	-15.0754	0
Tillèm	Louga	15.6667	-16.2167	0
Tillène	Louga	15.5333	-16.05	0
Tilmaka	Louga	15.3	-16.0833	0
Tilèl	Louga	15.8061	-14.8651	0
Tinndiou	Louga	15.3	-16.3	0
Tiobé	Louga	14.75	-14.8833	0
Tioli	Louga	15.0333	-16.0	0
Tiolom Fall	Louga	15.3428	-16.3217	0
Tiolé	Louga	14.9835	-15.6634	0
Tiomadé	Louga	15.7	-16.0333	0
Tiondi Berndé	Louga	14.8993	-15.5281	0
Tiongo Kadia	Louga	15.4619	-15.06	0
Tiongo Madia	Louga	15.4563	-15.0601	0
Tiongo Mbéa	Louga	15.6924	-15.7409	0
Tionok Diabi	Louga	14.6667	-14.6667	0
Tionok Sangué	Louga	14.6333	-14.75	0
Tioubène	Louga	15.6333	-16.1333	0
Tioukongueul	Louga	15.7203	-14.6052	0
Tioun	Louga	15.7739	-16.5016	0
Tioun	Louga	15.7906	-16.4875	0
Tiouniel	Louga	15.1109	-15.8768	0
Tiourour	Louga	15.5429	-15.9934	0
Tiourène	Louga	15.508	-15.9488	0
Tiousmel	Louga	15.5487	-15.8899	0
Tiovor	Louga	15.7249	-16.4496	0
Tioyel	Louga	14.9273	-15.4808	0
Tièl	Louga	14.9375	-15.0583	0
Tièmène	Louga	15.1272	-15.8689	0
Tiène Tilène	Louga	15.3833	-16.4167	0
Tiènekoli Diagne	Louga	15.0167	-16.1	0
Tiènekoli Diop	Louga	15.0167	-16.0833	0
Tiébé	Louga	15.4099	-15.2523	0
Tiékogne	Louga	15.5199	-15.1915	0
Tiékène	Louga	15.4833	-16.1333	0
Tiékène	Louga	15.4167	-16.35	0
Tiékène Baïrat	Louga	15.7333	-16.1667	0
Tiékène Mbatar	Louga	15.7672	-16.2625	0
Tiélé	Louga	15.8533	-16.2981	0
Tiélémane	Louga	15.8283	-16.4158	0
Tiéno Ndaye	Louga	15.3667	-16.3667	0
Tiéno Ndiaou	Louga	15.3667	-16.3333	0
Tiénène	Louga	15.0314	-15.9926	0
Tiéolé	Louga	15.4833	-16.0167	0
Tiïl	Louga	15.5667	-16.2333	0
Tlone Khouma	Louga	15.3138	-16.1263	0
Todél	Louga	14.9292	-15.4167	0
Togueul	Louga	15.8	-16.1667	0
Tol	Louga	15.2115	-15.9615	0
Tonguel	Louga	15.5707	-15.9455	0
Tonguel Peul	Louga	15.5952	-15.929	0
Tordieul	Louga	15.4268	-14.9126	0
Toro Bèye	Louga	15.6167	-16.4667	0
Toub Fal	Louga	15.35	-16.3833	0
Touba Bogo	Louga	14.9201	-15.6872	0
Touba Bélel	Louga	15.05	-15.8333	0
Touba Fal	Louga	14.9192	-15.5237	0
Touba Gaye	Louga	14.9917	-15.9825	0
Touba Mérina	Louga	15.2524	-16.014	0
Touba Ndiaye	Louga	15.4524	-15.9095	0
Touba Oldou	Louga	14.8676	-15.3985	0
Touba Sam	Louga	14.9453	-15.5566	0
Toum	Louga	15.2058	-14.9742	0
Toum	Louga	15.17	-14.9981	0
Toumbeul	Louga	15.35	-16.2	0
Tounde	Louga	15.5333	-16.4667	0
Tounde Maléye	Louga	15.5506	-16.6542	0
Touré	Louga	15.05	-16.2	0
Touré Fass	Louga	15.05	-16.1667	0
Touré Mbaye	Louga	15.3333	-16.5	0
Trigué	Louga	15.0188	-15.4888	0
Tyidi	Louga	15.0942	-15.4341	0
Tyilla	Louga	15.4052	-15.217	0
Tyingol	Louga	14.9673	-15.6116	0
Téssékré	Louga	15.8127	-15.0607	0
Téterlé-Diavédi	Louga	15.8871	-14.8318	0
Vendou Abé	Louga	15.4336	-14.9721	0
Vindé Djouma	Louga	15.2537	-15.635	0
Vèndou	Louga	15.1784	-15.2602	0
Vèndou Barodi	Louga	15.9792	-15.303	0
Vèndou Boki	Louga	15.8845	-15.5292	0
Vèndou Boubou	Louga	14.7833	-14.85	0
Vèndou Diabé	Louga	15.8184	-15.3655	0
Vèndou Dèlèbè	Louga	15.7783	-15.5692	0
Vèndou Guéladio	Louga	14.9667	-14.7333	0
Vèndou Koumba Khar	Louga	15.8399	-15.4818	0
Vèndou Mbam	Louga	15.1297	-15.818	0
Vèndou Mourtéki	Louga	15.8249	-15.3913	0
Vèndou Namari	Louga	15.8145	-15.3169	0
Vèndou Pala	Louga	15.1679	-15.4273	0
Vèndou Séana	Louga	15.6333	-15.5167	0
Vèndou Séno	Louga	15.2707	-15.0865	0
Vèndou Tili	Louga	15.4857	-15.4618	0
Vènsa Boudou	Louga	15.9374	-15.8359	0
Vélingara	Louga	15.0	-14.6667	0
Vélingara	Louga	15.5839	-16.2585	0
Vénouané	Louga	15.4045	-15.7278	0
Wadène	Louga	14.998	-16.159	0
Wakhal Diamm	Louga	15.7553	-16.3942	0
Yadou Laye	Louga	15.8333	-16.15	0
Yamane Sek	Louga	15.8081	-16.2694	0
Yang Yang	Louga	15.5915	-15.342	0
Yapal	Louga	15.1831	-15.8741	0
Yar Dakar	Louga	15.6609	-15.9956	0
Yari Dakhar	Louga	15.85	-16.2	0
Yatbil Diop	Louga	15.4907	-16.1797	0
Yermandé Dieng	Louga	15.7658	-16.2589	0
Yerwaye	Louga	15.7511	-16.3186	0
Yodi	Louga	15.6	-16.6333	0
Yokoul	Louga	15.1333	-16.2333	0
Yoro Peul	Louga	15.33	-15.9704	0
Yoro Sadio	Louga	14.9918	-15.468	0
Yoroka	Louga	14.9504	-15.7482	0
Youga Soûna	Louga	14.7455	-15.4187	0
Yèdè	Louga	15.7587	-15.905	0
Yédi	Louga	15.1387	-15.426	0
Yéral	Louga	15.7142	-15.9431	0
Yérou	Louga	15.3	-16.2167	0
Adabéré	Matam	15.1395	-12.7858	0
Ainoumadi	Matam	15.2653	-12.9275	0
Alana	Matam	14.9175	-12.6159	0
Alana	Matam	15.0369	-14.462	0
Ali Ouri	Matam	15.9667	-13.3667	0
Amady Ounaré	Matam	15.3471	-13.0165	10175
Andiaré	Matam	15.2902	-13.1745	0
Aniam Lrlabe	Matam	15.9667	-13.6333	0
Aorane	Matam	15.2562	-14.4579	0
Aouré	Matam	15.1428	-12.9486	0
Apé Dembagourou	Matam	15.0118	-12.7482	0
Apé Dialoubé	Matam	15.0048	-12.7458	0
Apé Diaoubé	Matam	15.0187	-12.7503	0
Apé Sakobé	Matam	14.9944	-12.7381	0
Asséré	Matam	15.2267	-13.3439	0
Babinguél	Matam	14.65	-13.3167	0
Babongoulou	Matam	14.9656	-12.7362	0
Bagone	Matam	15.9333	-13.7167	0
Balel	Matam	15.2683	-12.903	0
Balèl Pathé	Matam	16.0637	-13.4099	0
Banadié	Matam	15.37	-13.1294	0
Bapalel Koliabé	Matam	15.4559	-12.9663	0
Barga	Matam	15.9833	-13.6333	0
Barkatou	Matam	15.3219	-12.87	0
Barkevy	Matam	15.33	-12.8631	0
Barmétial	Matam	15.4769	-13.0158	0
Bichiri	Matam	15.8961	-13.4163	0
Bidal	Matam	15.5744	-13.2192	0
Binguél Dadhi	Matam	15.6	-13.5	0
Bloug	Matam	15.4308	-13.0221	0
Bododji	Matam	15.1519	-12.8456	0
Bohou	Matam	15.4898	-13.0979	0
Boki Bagou	Matam	15.8167	-13.8833	0
Boki Diavé	Matam	15.8875	-13.4916	0
Boki Saboudo	Matam	15.7677	-13.4156	0
Boki Saboundou	Matam	14.6176	-12.8847	0
Bokéladji	Matam	15.0573	-12.7467	0
Bondji	Matam	14.9978	-12.6341	0
Bouki Dioulki	Matam	14.9833	-14.3833	0
Boulal	Matam	15.2504	-14.1053	0
Boulbi	Matam	14.6903	-12.7825	0
Boulibani	Matam	14.8595	-12.6144	0
Boulidow	Matam	15.303	-13.3864	0
Boulo Séano	Matam	14.9667	-14.25	0
Boulon Kadié	Matam	15.0496	-12.8179	0
Boulone	Matam	14.8167	-13.0167	0
Bélel	Matam	15.1833	-13.75	0
Bélel-Tiodo	Matam	15.7	-14.0955	0
Béli Diallo	Matam	15.6128	-13.2306	0
Bélnaibé Mbaila	Matam	15.468	-13.36	0
Béél	Matam	15.75	-13.75	0
Bééla	Matam	15.8333	-13.7167	0
Dabia	Matam	15.9168	-13.5151	0
Dantiady	Matam	15.5285	-13.3984	0
Dar Salam	Matam	15.0503	-12.7283	0
Darou Salam	Matam	15.3788	-13.1354	0
Darou-Salam	Matam	15.2729	-14.0389	0
Dembankané	Matam	15.0889	-12.6998	5293
Denndoudi	Matam	15.7833	-13.9	0
Dial Foulbé	Matam	16.111	-13.5162	0
Dial Soubalbé	Matam	16.1158	-13.5138	0
Dialoubé	Matam	15.1031	-12.931	0
Diam Lali	Matam	15.6777	-14.0404	0
Diammél	Matam	15.678	-13.2367	0
Diamounguel	Matam	15.1146	-12.9315	0
Diamvéli	Matam	15.3919	-13.0483	0
Diamwéli	Matam	15.4465	-13.1825	0
Diandioli	Matam	15.5413	-13.2483	0
Diawara	Matam	15.022	-12.5437	7541
Dika	Matam	15.5639	-13.3791	0
Dindoudi	Matam	14.6546	-12.9352	0
Diolol Diaoubé	Matam	15.8376	-13.5015	0
Diolol Yalalbé	Matam	15.8481	-13.503	0
Diougueul Sanarabé	Matam	15.4236	-14.3939	0
Diégue	Matam	15.6445	-13.3965	0
Diéla	Matam	15.243	-12.8989	0
Djinnthiang	Matam	15.3632	-12.9507	0
Djowel Ouorgo	Matam	16.0475	-13.3808	0
Dolol	Matam	15.5799	-13.09	0
Dongoli	Matam	15.8667	-13.85	0
Douloubal	Matam	16.0186	-13.4526	0
Doumga Bosséré	Matam	15.8664	-13.469	0
Doumga Ouro Alfa	Matam	15.8304	-13.4514	0
Doumga Ouro Tierno	Matam	15.8464	-13.4627	0
Doundé Bagué	Matam	14.6326	-12.9272	0
Doundé Koussem	Matam	15.0875	-12.9003	0
Dounoubel	Matam	14.4833	-13.7167	0
Doupi Doro	Matam	14.7	-13.75	0
Doussoudi	Matam	15.7333	-13.85	0
Dédiorou	Matam	14.4667	-13.6833	0
Déiba	Matam	15.3592	-13.1012	0
Déndoudi	Matam	15.4	-13.5333	0
Dôndou	Matam	16.0211	-13.3845	0
Faboli	Matam	15.4768	-13.219	0
Fadiara	Matam	15.0792	-12.8074	0
Fora	Matam	15.4232	-13.1097	0
Fora Galoya	Matam	15.4186	-13.1058	0
Foumé Hara Diobé	Matam	15.4407	-13.2042	0
Foumé Hara Démboubé	Matam	15.4377	-13.1858	0
Fourdou	Matam	15.2211	-14.1502	0
Fété Bowal	Matam	14.9	-13.3833	0
Fété Bowé	Matam	14.9333	-13.5	0
Fété Fovrou	Matam	15.0333	-13.6167	0
Fété Niarval	Matam	15.1833	-13.7	0
Fété Niébé	Matam	15.648	-13.398	0
Gababé	Matam	16.1256	-13.5427	0
Gabassé	Matam	14.55	-13.4833	0
Gabou	Matam	14.7333	-12.7	0
Galadi	Matam	15.0841	-12.627	0
Galangal	Matam	15.4514	-14.3054	0
Galayabé Foulbé	Matam	15.5212	-13.3426	0
Galayabé Torobé	Matam	15.5198	-13.3322	0
Gana Balo	Matam	15.5138	-13.2052	0
Gandé	Matam	15.0971	-12.6564	0
Ganguel Maka	Matam	14.9444	-12.7358	0
Ganguel-Soulé	Matam	15.3865	-12.952	0
Ganki Boubouyel	Matam	15.5059	-13.1397	0
Ganki Doumbodjé	Matam	16.0835	-13.5157	0
Garli	Matam	15.6174	-13.175	0
Gassambéri	Matam	15.2439	-12.9319	0
Gassel	Matam	15.3056	-14.0138	0
Gassel Doro	Matam	15.2941	-14.039	0
Gassé Diabé	Matam	15.2636	-14.3548	0
Gawdal I	Matam	16.0483	-13.4318	0
Gawdal II	Matam	16.0655	-13.4153	0
Godiovel	Matam	15.1442	-12.8497	0
Godo	Matam	15.9833	-13.65	0
Gonriki Samba Diom	Matam	15.4377	-12.95	0
Goudoudé Ndouétbé	Matam	15.8833	-13.5833	0
Goumal	Matam	15.3206	-12.85	0
Goundoudé Diobé	Matam	15.8667	-13.55	0
Gourel Badi	Matam	15.3	-13.95	0
Gourel Bink	Matam	15.7619	-13.2905	0
Gourel Bouli	Matam	15.3	-13.4833	0
Gourel Dara	Matam	15.1934	-12.8462	0
Gourel Mama Demba	Matam	14.8943	-12.701	0
Gouriki Koliabé	Matam	15.4441	-12.9641	0
Gourél Guéda	Matam	15.2801	-13.4588	0
Guiraye Ouorgo	Matam	16.0753	-13.4458	0
Gâwol	Matam	16.073	-13.4918	0
Géwel	Matam	15.1275	-12.8156	0
Hamarabé	Matam	15.5086	-13.3333	0
Hodio	Matam	16.0177	-13.7118	0
Hombo	Matam	15.5555	-13.3443	0
Idite	Matam	15.9167	-13.7167	0
Joncto	Matam	16.092	-13.5174	0
Kadré Pavi	Matam	15.9667	-13.6167	0
Kak	Matam	15.1404	-14.5487	0
Kama	Matam	15.8	-13.95	0
Kanel	Matam	15.4916	-13.1763	15244
Kangal	Matam	15.9333	-13.7167	0
Kaouel	Matam	15.5511	-14.2027	0
Katoté	Matam	15.8043	-13.4698	0
Kavel	Matam	14.7167	-13.5833	0
Kavél	Matam	15.8125	-13.4952	0
Kavél Kangal	Matam	15.8078	-13.4959	0
Kawal	Matam	14.9323	-12.6651	0
Kirir	Matam	15.8667	-13.5333	0
Kobilo	Matam	15.9251	-13.5242	0
Koli	Matam	14.9176	-12.9128	0
Koundel	Matam	15.7899	-13.2771	0
Koundi Boki	Matam	15.565	-14.0587	0
Kourbol	Matam	15.4774	-14.2408	0
Kourou Karané	Matam	14.55	-13.7167	0
Kéllol	Matam	15.2774	-13.1287	0
Lambango	Matam	15.4667	-13.5333	0
Liou	Matam	15.7667	-13.6667	0
Lobali	Matam	15.1757	-12.7962	0
Lordouga	Matam	14.8407	-12.9994	0
Lotoké	Matam	15.4198	-13.3523	0
Loubougal	Matam	14.7957	-12.8207	0
Louggué Tiékodié	Matam	14.6667	-13.9833	0
Lougué Nodi	Matam	14.7097	-12.971	0
Louguéré Baba	Matam	15.0167	-13.55	0
Loumbi	Matam	15.75	-13.9	0
Loumbi Nialbi	Matam	15.2	-13.8	0
Loumbol	Matam	15.3167	-13.7333	0
Loumbol Amar	Matam	15.5167	-13.6333	0
Lègui	Matam	15.6257	-13.3592	0
Léwé Damga	Matam	15.4793	-13.2185	0
Léwé Nguenar	Matam	15.4792	-13.2234	0
Madina	Matam	15.25	-13.9	0
Madina Torobé	Matam	15.4008	-13.2058	0
Madina Torobé	Matam	14.6818	-12.9079	0
Maelkadié	Matam	15.1053	-12.7303	0
Mamâri	Matam	15.0464	-13.7136	0
Manaèl	Matam	15.0115	-12.5022	0
Mandioumba	Matam	15.3678	-13.1397	0
Mandioumba	Matam	15.5333	-13.15	0
Matam	Matam	15.6559	-13.2554	27695
Mauw	Matam	16.1057	-13.5185	0
Mayel Ndangam	Matam	14.6849	-12.9087	0
Mbakna	Matam	15.8782	-13.4223	0
Mbanane	Matam	15.6484	-13.3581	0
Mboloyél	Matam	15.8747	-13.4751	0
Mboul	Matam	15.3499	-14.4611	0
Mboume Niel	Matam	14.6667	-13.3667	0
Mboune	Matam	14.7	-13.5667	0
Mbélone	Matam	15.5488	-13.4508	0
Mbééda	Matam	15.75	-13.7833	0
Modi Boulo	Matam	15.799	-13.4812	0
Modikélol	Matam	15.3167	-13.9167	0
Mogo Yalalbé	Matam	15.66	-13.3985	0
Mollé Wala	Matam	16.1383	-13.4953	0
Moudéri	Matam	15.0567	-12.5908	0
Nabadji	Matam	15.7371	-13.3892	0
Nalal Daou	Matam	15.2165	-14.2041	0
Naouré	Matam	15.0512	-14.4409	0
Navel	Matam	15.6327	-13.246	0
Ndiafaf Beltyindé	Matam	16.1011	-13.6344	0
Ndiafat Sorokoum	Matam	16.1059	-13.6256	0
Ndiot	Matam	14.8776	-12.9309	0
Ndouloumadji Dembé	Matam	15.8103	-13.4061	0
Ndouloumadji Founébé	Matam	15.8203	-13.4247	0
Ndéndoury	Matam	15.3468	-13.0511	0
Nelbi	Matam	15.2833	-13.9833	0
Ngabou	Matam	14.7931	-12.6701	0
Ngano	Matam	15.4727	-13.0472	0
Ngouloum	Matam	15.9333	-13.7333	0
Nguidjlone	Matam	15.9405	-13.3514	10444
Nhar	Matam	14.4833	-13.5333	0
Niangana Kolel	Matam	14.7381	-12.6783	0
Niangana Tiédel	Matam	14.729	-12.6895	0
Odioldou	Matam	15.3167	-13.8667	0
Odobéré	Matam	15.5614	-13.0986	6029
Ogo	Matam	15.5516	-13.2968	0
Ontorbé	Matam	15.7027	-13.42	0
Orkadiéré	Matam	15.2821	-12.9611	0
Orndoldé	Matam	15.4833	-13.1	0
Ornoldé	Matam	15.4859	-12.9697	0
Ouapa	Matam	15.0123	-14.3975	0
Oudourou	Matam	15.8424	-13.3048	0
Ouldé	Matam	15.2221	-12.8984	0
Ouloum Baba	Matam	15.0021	-12.62	0
Ouro Aldiouma	Matam	15.5331	-13.392	0
Ouro Ali	Matam	14.4667	-13.6333	0
Ouro Amat	Matam	14.85	-13.0333	0
Ouro Boyba Diallo	Matam	15.0767	-13.2982	0
Ouro Dambal	Matam	15.7894	-13.493	0
Ouro Diawdi	Matam	16.008	-13.3806	0
Ouro Mamadou	Matam	15.2392	-13.3906	0
Ouro Mamoud	Matam	14.6333	-13.8333	0
Ouro Sidi	Matam	15.4252	-13.1752	0
Ouro Sogui	Matam	15.6059	-13.3223	27222
Ouro Soré	Matam	16.0	-13.6667	0
Ouro Sébo	Matam	15.2745	-13.4351	0
Ourou Mboulel	Matam	15.0026	-12.6715	0
Padalal	Matam	15.3445	-12.9369	0
Padé	Matam	15.8242	-13.4868	0
Pambi	Matam	15.7152	-13.4078	0
Parawol	Matam	14.8434	-12.9155	0
Patouki	Matam	14.6969	-12.8277	0
Pattouki	Matam	15.3667	-13.65	0
Polel	Matam	15.2674	-13.003	0
Polél Aouloubé	Matam	15.2744	-13.031	0
Poulèm	Matam	15.563	-13.4248	0
Pouré	Matam	15.4248	-13.0212	0
Ranoua	Matam	15.9136	-13.4736	0
Ranérou	Matam	15.3	-13.9667	3027
Roumdé Boyénadji	Matam	15.653	-13.3448	0
Sadél	Matam	15.9	-13.3333	0
Sahadatou	Matam	15.1903	-12.8708	0
Salndou	Matam	15.7164	-13.3448	0
Samba Doguel	Matam	15.2686	-14.0537	0
Saré Liou	Matam	15.7667	-13.6667	0
Saré Také	Matam	15.2763	-14.0756	0
Sarékoura	Matam	15.8569	-13.4937	0
Silla	Matam	16.087	-13.5141	0
Silla Ouorgo	Matam	16.1226	-13.592	0
Silorou	Matam	14.6008	-12.8322	0
Sindou	Matam	14.7484	-12.8453	0
Sintian Dioudé	Matam	15.4011	-12.9358	0
Sintiou Bamambé	Matam	15.3674	-13.1347	13823
Sintiou Bara	Matam	15.7062	-13.3807	0
Sintiou Boummaka	Matam	16.1123	-13.6119	0
Sintiou Boyénadji	Matam	15.6471	-13.343	0
Sintiou Diamdioro	Matam	16.0809	-13.5076	0
Sintiou Garba	Matam	15.5112	-13.2654	0
Sintiou Lotoké	Matam	15.4667	-13.2833	0
Sintiou Marsé	Matam	15.4595	-13.2715	0
Sintiou Mogo	Matam	15.6861	-13.3742	0
Sintiou Sileye	Matam	14.7605	-12.9933	0
Sintiân	Matam	15.4972	-13.2121	0
Sintiân	Matam	15.8216	-13.4621	0
Sintiân Lambé	Matam	15.4974	-13.2694	0
Siouel	Matam	15.9833	-13.65	0
Sirou Ouro	Matam	15.6985	-13.3981	0
Sivi Abé	Matam	14.7167	-13.7	0
Siviabé	Matam	15.2667	-13.9	0
Somono	Matam	15.9296	-13.3351	0
Soringo	Matam	15.2411	-14.513	0
Soringo Poular	Matam	15.4447	-13.1292	0
Soringo Sébé	Matam	15.443	-13.1349	0
Sorinngo Toucouleur	Matam	15.4333	-13.1167	0
Sossobé	Matam	15.006	-13.4762	0
Sédo Abas	Matam	15.774	-13.4652	0
Sédo Sébé	Matam	15.77	-13.4586	0
Sémé	Matam	15.1942	-12.9448	6891
Séno Dimba Sali	Matam	14.7588	-12.6662	0
Séno Mamadou Pinda	Matam	14.9059	-12.6451	0
Séno Palél	Matam	15.3867	-13.1555	0
Sénoye	Matam	14.7645	-12.6754	0
Sérouka	Matam	15.0813	-12.6839	0
Tata Batchili	Matam	14.8974	-12.5973	0
Thilogne	Matam	15.9239	-13.6578	15044
Tiali	Matam	15.5162	-13.1059	0
Tiambé	Matam	15.6287	-13.333	0
Tianiato	Matam	15.0401	-12.6959	0
Tiankone Boguél	Matam	15.5608	-13.3729	0
Tiankone Hiraye	Matam	15.5913	-13.3914	0
Tiankone Modi Maka	Matam	15.5849	-13.3873	0
Tiargni	Matam	15.2606	-14.0846	0
Tiaréné	Matam	15.7667	-13.4743	0
Tiatol	Matam	15.0048	-14.2743	0
Tiengolel Demba Djibi	Matam	14.71	-12.7105	0
Tiengolel Wambambé	Matam	14.6963	-12.7228	0
Tiguéré Soubalbé	Matam	15.7081	-13.2871	0
Tiguéré Yéné	Matam	15.7082	-13.2689	0
Tilogne Tokossel	Matam	15.9667	-13.6	10441
Tiodor du Ferlo	Matam	15.0787	-14.3059	0
Tiodor du Ferlo	Matam	15.0496	-14.3011	0
Tiodordé	Matam	14.9833	-13.55	0
Tiouti	Matam	15.8557	-13.5002	0
Tiél	Matam	15.8225	-13.5054	0
Tiémping	Matam	15.5946	-13.1285	0
Toube Sanveon	Matam	14.5833	-13.6	0
Toubel Bali	Matam	14.5167	-13.5	0
Toubé Kaé	Matam	14.5	-13.4833	0
Toubéré Amadou	Matam	14.6167	-13.2667	0
Toubéré Demba	Matam	14.5	-13.4667	0
Tougou	Matam	15.8167	-13.9833	0
Tougou	Matam	15.7782	-14.0219	0
Toulel Tialé	Matam	15.9833	-13.6333	0
Tsialolo	Matam	14.9734	-12.6611	0
Tékinguél	Matam	15.3103	-13.1306	0
Tékinnguel	Matam	15.3	-13.7833	0
Téïba	Matam	15.6907	-13.4144	0
Valel	Matam	15.2315	-12.9842	0
Vendou Ali	Matam	15.4304	-13.1237	0
Vendou Gari	Matam	15.2906	-14.0735	0
Vendou Nodi	Matam	15.3303	-13.1169	0
Vindou-Bosséabé	Matam	15.3133	-12.992	0
Vèndou Boulbi	Matam	15.85	-13.8667	0
Vèndou Makam	Matam	15.25	-13.8833	0
Véndou Dioyi	Matam	15.0048	-13.3528	0
Véndou Namâri	Matam	15.0869	-13.264	0
Wali Diallo	Matam	15.284	-13.0162	0
Waoundé	Matam	15.2637	-12.8682	7816
Wassa Codé Mbaila	Matam	15.4939	-13.2726	0
Wassa Codé Tioutinkobé	Matam	15.4908	-13.2729	0
Yassiné Laké	Matam	15.0488	-12.6831	0
Yerma	Matam	15.1201	-12.7445	0
Yonoféré	Matam	15.2658	-14.4612	0
Yélingara	Matam	15.018	-12.5253	0
Yéri Malé Foulabé	Matam	15.0801	-12.8554	0
Yéri Malé Torobé	Matam	15.0708	-12.8658	0
Abdallah	Saint-Louis	16.2367	-13.9762	0
Abirane Gaye	Saint-Louis	15.8833	-16.2333	0
Agnam Civol	Saint-Louis	16.005	-13.6931	0
Agnam Goli	Saint-Louis	16.0079	-13.6932	0
Agnam Lidoubé	Saint-Louis	16.0011	-13.6881	0
Alarba	Saint-Louis	16.4319	-15.7061	0
Alo	Saint-Louis	16.5947	-14.4713	0
Amoura	Saint-Louis	16.1911	-16.3639	0
Aniam-Touguel	Saint-Louis	16.5277	-14.8076	0
Aram	Saint-Louis	16.3357	-14.1725	0
As	Saint-Louis	16.6087	-14.9757	0
Asndé Balla	Saint-Louis	16.0146	-13.7114	0
Badogor Boki	Saint-Louis	15.7735	-14.4895	0
Bag Dobé	Saint-Louis	15.9633	-14.6547	0
Bakao	Saint-Louis	16.5833	-15.1	0
Bari	Saint-Louis	16.08	-16.1792	0
Bari Diamm	Saint-Louis	16.1814	-16.2769	0
BaréBanta	Saint-Louis	16.0162	-16.097	0
Barôbé	Saint-Louis	16.1806	-13.8978	0
Bas N’Dar Toute	Saint-Louis	16.0285	-16.5085	0
Bayti	Saint-Louis	16.0533	-16.1558	0
Baïti Dièye	Saint-Louis	15.8833	-16.3833	0
Bidiam	Saint-Louis	15.8619	-16.3189	0
Birane Gaye	Saint-Louis	15.9381	-16.2769	0
Bissét I	Saint-Louis	16.2022	-16.3219	0
Bissét II	Saint-Louis	16.2222	-16.3086	0
Bito	Saint-Louis	16.2962	-13.9965	0
Bobori	Saint-Louis	16.2699	-14.4547	0
Bodé	Saint-Louis	16.4443	-14.3523	2466
Bogguel	Saint-Louis	16.0149	-13.8406	0
Boki Divé	Saint-Louis	15.9489	-15.4897	0
Boki Kekki	Saint-Louis	15.899	-14.5558	0
Boki Toudoune	Saint-Louis	15.8826	-14.5828	0
Bokinédo	Saint-Louis	16.0147	-15.7378	0
Bokké Dialloubé	Saint-Louis	16.0624	-14.0029	0
Bokké Fâfâbé	Saint-Louis	16.0481	-13.9679	0
Bokké Mbâïbé	Saint-Louis	16.05	-13.9957	0
Bokoul	Saint-Louis	16.5167	-15.4	0
Boké Namadi	Saint-Louis	16.0307	-14.1964	0
Bop Tior	Saint-Louis	16.0561	-16.4956	0
Boulinaye	Saint-Louis	16.3918	-14.3073	0
Bountou Ndour	Saint-Louis	15.9664	-16.4711	0
Bouteyni	Saint-Louis	15.9647	-15.5376	0
Bouyti	Saint-Louis	16.0836	-16.1225	0
Bowdé Doudal	Saint-Louis	16.0097	-15.6786	0
Boyti	Saint-Louis	16.0194	-16.2964	0
Bèlkoum	Saint-Louis	15.997	-14.5339	0
Bèye Madji	Saint-Louis	15.8431	-14.3753	0
Bélel Bobori	Saint-Louis	16.1092	-14.0803	0
Bélel Davo	Saint-Louis	16.3022	-14.9678	0
Bélel Mbodi	Saint-Louis	15.8757	-14.2271	0
Bélel Sirod	Saint-Louis	15.9947	-15.2674	0
Béli-Oli	Saint-Louis	16.2665	-14.9902	0
Béli-Tiovi	Saint-Louis	16.5591	-14.3425	0
Bétiou	Saint-Louis	16.3657	-14.2162	0
Corniche	Saint-Louis	16.0336	-16.4911	0
Dado	Saint-Louis	16.5986	-15.0006	0
Dagana	Saint-Louis	16.4767	-15.6	21750
Dakar-Bango	Saint-Louis	16.0611	-16.4607	0
Dar Salam	Saint-Louis	16.5833	-15.15	0
Dara Halaïbé	Saint-Louis	16.6278	-14.4077	0
Darou	Saint-Louis	16.0311	-16.4867	0
Darou	Saint-Louis	16.4928	-15.8256	0
Darou Mboumbaye	Saint-Louis	15.8429	-16.5132	0
Daymane	Saint-Louis	16.1422	-16.0558	0
Demba Tilo	Saint-Louis	16.32	-14.0672	0
Dembé	Saint-Louis	16.542	-14.5708	0
Demette	Saint-Louis	16.5676	-14.2796	3042
Demizine	Saint-Louis	16.2025	-16.4306	0
Deroudji	Saint-Louis	16.4019	-15.7056	0
Dia Nioum	Saint-Louis	16.5167	-15.15	0
Diabaye	Saint-Louis	16.1172	-16.2564	0
Diaga	Saint-Louis	16.3801	-14.2838	0
Diaglé	Saint-Louis	16.2031	-15.6978	0
Diam Oury	Saint-Louis	16.0677	-13.9051	0
Diama	Saint-Louis	16.2031	-16.4039	0
Diama Toubé	Saint-Louis	15.9475	-16.4556	0
Diamaguene	Saint-Louis	16.0228	-16.4983	0
Diamal	Saint-Louis	16.5132	-14.5046	0
Diamar	Saint-Louis	16.0628	-16.2156	0
Diambo	Saint-Louis	16.5702	-14.8458	551
Diamel Diayat	Saint-Louis	16.263	-14.0564	0
Diammel Siré	Saint-Louis	16.1767	-13.9675	0
Diaménar	Saint-Louis	15.9994	-15.9142	0
Diaouar	Saint-Louis	16.4814	-16.0628	0
Diara	Saint-Louis	16.5474	-14.5975	0
Diassap	Saint-Louis	15.9667	-16.3167	0
Diatal	Saint-Louis	16.6325	-14.9134	0
Diatar	Saint-Louis	16.6337	-14.9167	2353
Diayane	Saint-Louis	15.85	-16.8	0
Diaïga Tioubalo	Saint-Louis	16.4026	-14.2318	0
Dieuleuk	Saint-Louis	15.945	-16.4844	0
Dieulé Mbam	Saint-Louis	15.9408	-16.4953	0
Dimar	Saint-Louis	16.5333	-15.1167	0
Diobé	Saint-Louis	16.4976	-14.5072	0
Diomandou	Saint-Louis	16.5091	-14.4341	0
Diomgandou-Diéri	Saint-Louis	16.4936	-14.3981	0
Diongui	Saint-Louis	16.1713	-13.9833	0
Diorbivol	Saint-Louis	16.1025	-13.7013	0
Diorbivol Station	Saint-Louis	16.1166	-13.7198	0
Diorhor	Saint-Louis	16.1183	-15.9911	0
Diorno	Saint-Louis	16.1614	-16.0644	0
Dios Peul	Saint-Louis	16.1972	-16.3633	0
Dioude	Saint-Louis	16.5833	-14.8667	0
Dioudé Diabé	Saint-Louis	16.3273	-13.9822	0
Diougop Peul	Saint-Louis	16.0486	-16.4261	0
Diouk	Saint-Louis	16.0111	-16.4725	0
Diowguel	Saint-Louis	16.0989	-13.6963	0
Dirimbodial	Saint-Louis	16.0777	-13.7979	0
Diâba	Saint-Louis	16.0383	-13.7309	0
Diâba Déklé	Saint-Louis	16.0551	-13.762	0
Diâba Maoundé	Saint-Louis	16.0585	-13.769	0
Diâranguel	Saint-Louis	16.2132	-13.9253	0
Diéri Douga	Saint-Louis	16.4319	-14.426	0
Dodel	Saint-Louis	16.4855	-14.4285	0
Dogui Dombi	Saint-Louis	16.2696	-14.071	0
Donaye	Saint-Louis	16.6398	-14.8685	170
Dougou	Saint-Louis	16.1487	-13.7247	0
Dougou	Saint-Louis	16.3551	-14.2031	0
Doumga	Saint-Louis	16.3329	-14.2214	0
Doun	Saint-Louis	15.9475	-16.5034	0
Dounguel	Saint-Louis	16.3412	-14.0279	0
Doué	Saint-Louis	16.6333	-15.05	0
Débi	Saint-Louis	16.4672	-16.2867	0
Démèt	Saint-Louis	16.5644	-14.2806	3042
Déntiali	Saint-Louis	15.9797	-14.209	0
Eau Claire	Saint-Louis	16.0172	-16.4875	0
Fal Dioung	Saint-Louis	15.8833	-16.2833	0
Fanaye Diéri	Saint-Louis	16.5333	-15.2333	0
Fanaye Oualo	Saint-Louis	16.55	-15.2333	0
Farao	Saint-Louis	16.5177	-14.8973	0
Fas Dièye	Saint-Louis	15.9995	-16.5096	0
Fas Dièye	Saint-Louis	16.0064	-16.5108	0
Fass	Saint-Louis	15.9275	-16.3202	0
Ferlo Tyikkité	Saint-Louis	16.1303	-14.0014	0
Figo	Saint-Louis	16.5167	-15.0167	0
Fondé Diarangel	Saint-Louis	16.2093	-13.9318	0
Fondé Gandé	Saint-Louis	16.2356	-14.051	0
Fondé Ngouri	Saint-Louis	16.1353	-13.9247	0
Fondé Thiéwo	Saint-Louis	16.071	-13.7983	0
Fos	Saint-Louis	16.15	-15.8514	0
Fos Ndiarhaye	Saint-Louis	16.0978	-15.6914	0
Félou	Saint-Louis	16.1228	-13.7203	0
Fôndé Elimane	Saint-Louis	16.3118	-13.9818	0
Gadiobé	Saint-Louis	16.1145	-13.9687	0
Galdadi	Saint-Louis	16.0518	-13.9436	0
Galoya Foulbé	Saint-Louis	16.0726	-13.8739	0
Galoya Toucouleur	Saint-Louis	16.074	-13.8589	5288
Galoya Tôrobbé	Saint-Louis	16.0622	-13.8716	0
Gamadji	Saint-Louis	16.5159	-14.6985	0
Gandon	Saint-Louis	15.962	-16.4384	0
Ganguel	Saint-Louis	16.0923	-13.8444	0
Ganina	Saint-Louis	15.9947	-15.1895	0
Gantour	Saint-Louis	15.8848	-16.4234	0
Gassel	Saint-Louis	15.9936	-14.5191	0
Gati-Tèf	Saint-Louis	16.0039	-16.2731	0
Gaé	Saint-Louis	16.5667	-15.45	7148
Gheune	Saint-Louis	16.5281	-16.1059	0
Gobak	Saint-Louis	16.0792	-16.2875	0
Gobar	Saint-Louis	16.1167	-16.2499	0
Gokh Mbath	Saint-Louis	16.0453	-16.5089	0
Golon	Saint-Louis	16.0814	-16.0028	0
Golon	Saint-Louis	16.0325	-15.8817	0
Goléré	Saint-Louis	16.2557	-14.1016	6373
Gonio	Saint-Louis	16.0211	-16.2186	0
Gonkol	Saint-Louis	15.9572	-14.3984	0
Gonkol Kodioli Safalbé	Saint-Louis	15.9492	-14.4113	0
Gorko Goto	Saint-Louis	16.5167	-15.35	0
Goumel	Saint-Louis	16.6187	-14.9955	0
Goumiéla	Saint-Louis	16.5167	-15.35	0
Gourel Babadar	Saint-Louis	16.4639	-14.1899	0
Gourel Bey	Saint-Louis	16.0947	-13.8575	0
Gourel Dani	Saint-Louis	16.1793	-13.952	0
Gourel Sakédji	Saint-Louis	16.6055	-14.5099	0
Gouro Matuldé	Saint-Louis	16.095	-15.73	0
Gouye Rène	Saint-Louis	15.852	-16.4903	0
Gouye Touré	Saint-Louis	15.9333	-16.3942	0
Guembeul	Saint-Louis	15.9333	-16.4667	0
Guenté Tiélènka	Saint-Louis	15.9895	-14.5857	0
Guet Ndar	Saint-Louis	16.0231	-16.5086	0
Gueumbeung	Saint-Louis	15.9342	-16.4703	0
Guidakar	Saint-Louis	16.5	-15.6167	0
Guirvas	Saint-Louis	15.7846	-14.1653	0
Guyia	Saint-Louis	16.5991	-14.9288	0
Guèntou	Saint-Louis	15.9868	-14.5675	0
Guèthie	Saint-Louis	15.8728	-16.51	0
Guèye Kadar	Saint-Louis	15.8649	-14.3351	0
Guédé	Saint-Louis	16.5384	-14.8041	5600
Guédé Chantiers	Saint-Louis	16.5435	-14.7594	0
Guédé Ouro	Saint-Louis	16.6243	-14.7946	260
Guéngué	Saint-Louis	15.8446	-16.5052	0
Guéye Kadar	Saint-Louis	15.8733	-14.3271	0
G’Nit	Saint-Louis	16.1728	-15.9147	0
Halvar	Saint-Louis	16.5853	-14.6569	0
Halwar	Saint-Louis	16.5833	-14.65	0
Hari Vélé	Saint-Louis	16.4959	-14.9308	0
Haïré	Saint-Louis	16.4518	-14.3293	0
Haïré Diamal	Saint-Louis	15.902	-14.382	0
Haïré Lao	Saint-Louis	16.397	-14.322	9472
Hobel	Saint-Louis	15.9489	-14.0839	0
Horé Fôndé	Saint-Louis	16.0454	-13.7292	0
Houga	Saint-Louis	15.7653	-14.1756	0
Iba	Saint-Louis	16.0361	-15.9606	0
Iba Balla	Saint-Louis	15.8794	-16.3625	0
Kadia	Saint-Louis	15.9834	-14.1112	0
Kadié-Toukil-Baoudi	Saint-Louis	16.3126	-14.1857	0
Kalom	Saint-Louis	15.9435	-15.5841	0
Kalou Maboubé	Saint-Louis	16.3648	-14.2661	0
Kaniène	Saint-Louis	16.0433	-16.1256	0
Kara Vendou	Saint-Louis	15.8927	-14.1657	0
Kaskas	Saint-Louis	16.3786	-14.056	0
Keur Ala Sal	Saint-Louis	16.0556	-16.0806	0
Keur Amadou Ndiaye	Saint-Louis	15.9331	-16.3328	0
Keur Amadou Ndiaye	Saint-Louis	16.0031	-16.2894	0
Keur Bara	Saint-Louis	15.8453	-16.3825	0
Keur Barka	Saint-Louis	15.965	-16.4925	0
Keur Bernard	Saint-Louis	15.9352	-16.5044	0
Keur Biram	Saint-Louis	16.5333	-15.4167	0
Keur Birane Ndiaye	Saint-Louis	16.4586	-15.6503	0
Keur Diao Fall	Saint-Louis	16.4681	-15.6267	0
Keur Dimba Diallo	Saint-Louis	16.4489	-15.8056	0
Keur G. Diagne	Saint-Louis	15.9333	-16.3	0
Keur Mbaye	Saint-Louis	16.4753	-15.6081	0
Keur Modou Ndiaye	Saint-Louis	15.9633	-16.3158	0
Keur Mor Ibra	Saint-Louis	16.3375	-15.4222	0
Keur Mour	Saint-Louis	16.5	-15.55	0
Keur Nala	Saint-Louis	16.6667	-15.7833	0
Keur Saidou Sow	Saint-Louis	15.9967	-16.3444	0
Keur Samba Ould Brahim	Saint-Louis	16.2372	-15.6572	0
Keur Seya	Saint-Louis	15.9442	-16.3428	0
KeurAlvatiam	Saint-Louis	16.0436	-16.1914	0
Khatali I	Saint-Louis	15.8817	-16.3331	0
Khelkom Diaw	Saint-Louis	15.8378	-16.3703	0
Khetèt Gaye	Saint-Louis	15.9039	-16.3214	0
Khor	Saint-Louis	16.0256	-16.458	0
Khélkom Diop	Saint-Louis	15.9075	-16.3378	0
Koga	Saint-Louis	16.4906	-14.3798	0
Kopé	Saint-Louis	16.5778	-14.8177	307
Kopé	Saint-Louis	16.6216	-14.527	0
Korkadiel	Saint-Louis	16.5093	-14.5332	0
Korkadié	Saint-Louis	16.6147	-14.7371	498
Koussalam	Saint-Louis	16.5124	-14.2649	0
Koylel	Saint-Louis	16.1043	-13.8868	0
Koyll Diao	Saint-Louis	16.1672	-13.9291	0
Koïlel	Saint-Louis	16.4431	-14.307	0
Lahel	Saint-Louis	16.6323	-14.6522	0
Lampsar	Saint-Louis	16.1075	-16.3453	0
Lamsar Peul	Saint-Louis	16.1022	-16.3325	0
Leboudi	Saint-Louis	16.6347	-14.7184	0
Leïbar	Saint-Louis	15.9847	-16.4697	0
Liane	Saint-Louis	15.7975	-14.2857	0
Louggué Foulbé	Saint-Louis	16.0589	-13.9217	0
Louggué Sébbé	Saint-Louis	16.0583	-13.9236	0
Louggué Tôrobbé	Saint-Louis	16.0567	-13.9227	0
Lougou-Fourodi	Saint-Louis	16.5116	-14.9982	0
Louguéré Baba	Saint-Louis	16.6105	-14.7754	0
Louguéré Mbaba	Saint-Louis	15.7272	-14.4282	0
Loum Ferbé	Saint-Louis	16.2933	-14.3682	0
Loumbal	Saint-Louis	16.0101	-13.8262	0
Loumbel Mbatma	Saint-Louis	15.8401	-14.5026	0
Loumbi Diabi	Saint-Louis	15.9311	-15.4639	0
Loumbi Diénguel	Saint-Louis	15.9774	-14.2559	0
Lour Gaodé	Saint-Louis	15.8938	-14.0534	0
Lour Harao	Saint-Louis	15.9155	-14.0555	0
Lour Ouolof	Saint-Louis	15.9458	-14.0287	0
Léboudou Doué	Saint-Louis	16.65	-15.0667	0
Léona	Saint-Louis	16.0172	-16.4975	0
Léona	Saint-Louis	16.0606	-16.255	0
Lérabé	Saint-Louis	16.5189	-14.7139	0
Lévé Pobi	Saint-Louis	16.4333	-14.8476	0
Madina Ndiatébé	Saint-Louis	16.2943	-14.1385	0
Maka	Saint-Louis	15.9833	-16.4667	0
Maka	Saint-Louis	16.2097	-16.3822	0
MakaToubé	Saint-Louis	16.0168	-16.4435	0
Makhana	Saint-Louis	16.0878	-16.3706	0
Mal	Saint-Louis	16.1433	-15.9258	0
Mal	Saint-Louis	16.1267	-15.8883	0
Mal	Saint-Louis	16.125	-15.9814	0
Mal	Saint-Louis	16.0869	-15.7239	0
Marda	Saint-Louis	16.5479	-14.4421	0
Massar	Saint-Louis	15.9667	-16.3333	0
Massara Gabou	Saint-Louis	16.2442	-16.2569	0
Mbagam	Saint-Louis	16.4856	-15.7814	0
Mbakhas	Saint-Louis	15.9089	-16.2961	0
Mbambara	Saint-Louis	15.9511	-16.4958	0
Mbane	Saint-Louis	16.2658	-15.8	0
Mbane Eléana	Saint-Louis	16.2519	-15.6917	0
Mbantou	Saint-Louis	16.541	-14.8379	0
Mbarak	Saint-Louis	15.9019	-16.3586	0
Mbarigo	Saint-Louis	16.0717	-16.37	0
MbarouBof	Saint-Louis	16.1544	-16.3258	0
Mbatias Dièye	Saint-Louis	15.8661	-16.3492	0
Mbaubène	Saint-Louis	16.0997	-16.4069	0
Mbaye Mbaye	Saint-Louis	15.8989	-16.2883	0
Mbaye Mbaye	Saint-Louis	15.1312	-16.8927	0
Mbaye Mbaye	Saint-Louis	15.8306	-16.4007	0
Mbaye Mbaye Ouolof	Saint-Louis	15.8728	-16.3108	0
Mbaye Mbaye Peul	Saint-Louis	15.8817	-16.3039	0
Mbaye Mbaye Tout	Saint-Louis	15.8822	-16.3111	0
Mbilor	Saint-Louis	16.5167	-15.5833	0
Mbilor Diéri	Saint-Louis	16.4828	-15.5583	0
Mbindi	Saint-Louis	15.9	-16.3167	0
Mbirane Gaye	Saint-Louis	15.9	-16.2333	0
Mboltogne	Saint-Louis	16.1506	-16.3075	0
Mbouba	Saint-Louis	16.19	-14.0156	4896
Mboulouk	Saint-Louis	15.9833	-16.25	0
Mboundi	Saint-Louis	15.8953	-16.3939	0
Mboye	Saint-Louis	15.9722	-16.3247	0
Mboye	Saint-Louis	15.9533	-16.3406	0
Mboyo	Saint-Louis	16.6364	-14.803	2266
Mboyo	Saint-Louis	16.5255	-14.7975	0
Mbrar	Saint-Louis	16.0303	-15.9592	0
Mbress	Saint-Louis	16.1578	-16.2017	0
Mbégaye	Saint-Louis	16.1331	-16.27	0
Mbélogne Bayédi	Saint-Louis	16.1017	-15.6958	0
Mbélogne Goudé	Saint-Louis	16.1853	-15.5819	0
Mbéraye	Saint-Louis	16.1455	-16.382	0
Mbôlo Ali	Saint-Louis	16.0543	-13.8008	0
Mbôlo Birane	Saint-Louis	16.0617	-13.8146	0
Menguègne Boye	Saint-Louis	16.0092	-16.3608	0
Menguègne Peul	Saint-Louis	16.0219	-16.3458	0
Menguèye	Saint-Louis	16.0172	-16.3569	0
Morou	Saint-Louis	16.1364	-15.4389	0
Mouit	Saint-Louis	15.867	-16.5057	0
Moundaï Orgo	Saint-Louis	16.637	-14.7021	0
Mourkadié	Saint-Louis	16.5203	-14.7467	0
Médina	Saint-Louis	16.1778	-16.3289	0
Médina Yelour	Saint-Louis	16.1903	-15.6175	0
Méné	Saint-Louis	16.5451	-14.8434	0
Méri	Saint-Louis	16.2155	-14.0558	0
Mérina Bara	Saint-Louis	15.8417	-16.3586	0
Mérina Sal	Saint-Louis	15.8411	-16.3625	0
Nangango	Saint-Louis	16.5854	-14.8061	0
Naéré	Saint-Louis	16.2292	-15.8861	0
Nbéla	Saint-Louis	16.1567	-16.3017	0
Ndabe Sow	Saint-Louis	15.8764	-16.2686	0
Ndakhar	Saint-Louis	15.9494	-16.2204	0
Ndar Tout	Saint-Louis	16.0336	-16.5082	0
Ndellé Boye	Saint-Louis	16.1678	-16.2881	0
Nder	Saint-Louis	16.255	-15.8872	0
Ndeuguèt	Saint-Louis	15.8517	-16.4586	0
Ndiaguenbal	Saint-Louis	16.2206	-16.2292	0
Ndiakher	Saint-Louis	15.8667	-16.4167	0
Ndiakher	Saint-Louis	15.9288	-16.4471	0
Ndiakhip I	Saint-Louis	15.9231	-16.3736	0
Ndiakhip II	Saint-Louis	15.9222	-16.3675	0
Ndiakir	Saint-Louis	16.0108	-13.712	0
Ndialakhar	Saint-Louis	15.9748	-16.3735	0
Ndialam	Saint-Louis	16.1261	-16.3317	0
Ndiallakhâr Peul	Saint-Louis	15.9878	-16.3578	0
Ndialène	Saint-Louis	16.4942	-15.8681	0
Ndiandane	Saint-Louis	16.5924	-14.9915	4839
Ndiangué	Saint-Louis	16.4689	-15.7197	0
Ndiao	Saint-Louis	16.4722	-15.7297	0
Ndiaossir Dièye	Saint-Louis	15.8989	-16.3775	0
Ndiaouara-Torobé	Saint-Louis	16.5858	-14.8543	0
Ndiaoudoun	Saint-Louis	16.0639	-16.3836	0
Ndiaouta	Saint-Louis	16.1001	-16.2942	0
Ndiarhaye	Saint-Louis	16.1864	-15.8247	0
Ndiarhaye	Saint-Louis	16.1439	-15.7219	0
Ndiarème	Saint-Louis	16.55	-15.4333	0
Ndiawar	Saint-Louis	16.587	-14.8533	0
Ndiaye	Saint-Louis	16.1636	-16.1919	0
Ndiaye Nguènt	Saint-Louis	16.1983	-16.2647	0
Ndiayène	Saint-Louis	16.5	-15.0333	0
Ndierba	Saint-Louis	16.5167	-15.3167	0
Ndinbou	Saint-Louis	16.0472	-16.0017	0
Ndiobène	Saint-Louis	15.9667	-16.1667	0
Ndiobène Takhmbeut	Saint-Louis	16.0142	-16.2797	0
Ndiobène Toubé Peul	Saint-Louis	15.9989	-16.4475	0
Ndiol	Saint-Louis	16.1436	-16.3017	0
Ndiol	Saint-Louis	15.8788	-16.5016	0
Ndiol Peul	Saint-Louis	16.1394	-16.3181	0
Ndiolofène	Saint-Louis	16.0211	-16.4878	0
Ndiongo	Saint-Louis	16.2161	-16.2392	0
Ndiop	Saint-Louis	15.9517	-16.355	0
Ndioub Nâne Ouolof	Saint-Louis	15.9842	-16.3019	0
Ndioub Nâne Peul	Saint-Louis	15.9733	-16.3114	0
Ndiougue Bress	Saint-Louis	16.2119	-16.255	0
Ndioum	Saint-Louis	16.5129	-14.6471	20270
Ndiouss Dièye	Saint-Louis	15.8917	-16.3556	0
Nditi	Saint-Louis	16.2199	-16.2036	0
Ndiyène	Saint-Louis	16.0858	-15.6958	0
Ndièlèye	Saint-Louis	16.1369	-16.2378	0
Ndiébène Gandiol	Saint-Louis	15.8915	-16.5023	0
Ndiébène Toubé	Saint-Louis	15.9818	-16.4376	0
Ndiédène	Saint-Louis	15.8833	-16.4833	0
Ndonbo	Saint-Louis	16.4347	-15.6992	0
Ndorbos	Saint-Louis	16.5971	-14.3338	0
Ndoye	Saint-Louis	15.8572	-16.44	0
Ndoye Ouolof	Saint-Louis	15.8683	-16.4381	0
Ndoye Peul	Saint-Louis	15.865	-16.4517	0
Ndèftili	Saint-Louis	15.6635	-14.2556	0
Ngad Ngourane	Saint-Louis	16.1847	-16.4347	0
Ngalel	Saint-Louis	16.0383	-16.4394	0
Ngarane	Saint-Louis	16.1758	-13.94	0
Ngaye Ngaye	Saint-Louis	15.9473	-16.4468	0
Ngaïna	Saint-Louis	15.9142	-16.4006	0
Ngaïna Lébou	Saint-Louis	15.9439	-16.475	0
Ngoui	Saint-Louis	16.142	-13.9344	0
Nguent	Saint-Louis	16.1094	-16.2106	0
Nguidiolakh	Saint-Louis	15.9672	-16.3786	0
Nguiguélakh	Saint-Louis	15.9383	-16.3778	0
Nguènt Nawar	Saint-Louis	16.1608	-16.2722	0
Niandane	Saint-Louis	16.5889	-14.9953	0
Niang	Saint-Louis	16.5125	-14.9171	0
Niaoulé	Saint-Louis	16.6636	-14.9993	0
Niaret	Saint-Louis	15.9167	-16.35	0
Niassanté	Saint-Louis	16.1644	-15.5564	0
Niassène	Saint-Louis	16.0083	-16.1642	0
Niéti-Yone	Saint-Louis	16.3403	-15.8697	0
Njagabaar	Saint-Louis	16.3523	-16.2768	0
Nord	Saint-Louis	16.0354	-16.5043	0
Noualko	Saint-Louis	15.9991	-15.0037	0
Ntiagar	Saint-Louis	16.4825	-15.8589	0
Ntiago	Saint-Louis	16.3933	-15.7264	0
Nénèt	Saint-Louis	16.4356	-14.8043	0
Olol	Saint-Louis	16.3238	-14.1957	0
Oua Oua	Saint-Louis	16.6092	-14.5028	0
Oualaldé	Saint-Louis	16.5063	-14.2037	3224
Ouali-Diala	Saint-Louis	16.5974	-14.9424	0
Ouallah	Saint-Louis	16.2178	-13.9733	0
Ouandé	Saint-Louis	16.3741	-14.2019	0
Ouassoul	Saint-Louis	16.4811	-16.0175	0
Ouro Baïdi	Saint-Louis	16.4955	-14.9376	0
Ouro Birom	Saint-Louis	16.1591	-14.1843	0
Ouro Boubou	Saint-Louis	16.5874	-14.7846	0
Ouro Madiou	Saint-Louis	16.6001	-14.9042	0
Ouro Môlo	Saint-Louis	16.0064	-13.7031	0
Ouâssétâké	Saint-Louis	16.186	-13.8991	0
Pal	Saint-Louis	15.9139	-16.2599	8133
Panda Yayaké	Saint-Louis	16.035	-15.6133	0
Pankèt Sar	Saint-Louis	15.8514	-16.4042	0
Paté Galo	Saint-Louis	16.6185	-14.4545	0
Paye	Saint-Louis	15.9214	-16.3028	0
Pelour I	Saint-Louis	15.8467	-16.4406	0
Pelour II	Saint-Louis	15.8381	-16.4497	0
Pendao	Saint-Louis	16.6167	-15.0833	0
Perlèle	Saint-Louis	16.0659	-13.9849	0
Pikine	Saint-Louis	16.0083	-16.4978	0
Podor	Saint-Louis	16.6489	-14.9607	11608
Polel Diaoubé	Saint-Louis	15.2667	-13.0	3000
Poua Diamo	Saint-Louis	16.2347	-15.0233	0
Poundioum	Saint-Louis	15.9361	-16.4019	0
Pourèle	Saint-Louis	16.1055	-13.8877	0
Pouté	Saint-Louis	15.6507	-14.2279	0
Pété	Saint-Louis	16.108	-13.9497	4211
Rakhmane	Saint-Louis	15.8442	-16.3922	0
Rakhmane Sal	Saint-Louis	15.8439	-16.4064	0
Rao	Saint-Louis	15.9096	-16.3954	0
Rao Peul	Saint-Louis	15.9133	-16.4131	0
Rhor	Saint-Louis	16.4967	-15.9189	0
Rhouma	Saint-Louis	16.4622	-15.6819	0
Richard-Toll	Saint-Louis	16.4625	-15.7008	73147
Rikot	Saint-Louis	15.8464	-16.4661	0
Rong	Saint-Louis	16.4878	-15.9881	0
Ross-Bétio	Saint-Louis	16.2733	-16.1378	11588
Rosso	Saint-Louis	16.4203	-15.7983	9923
Roundé	Saint-Louis	16.202	-14.0417	0
Rèndo	Saint-Louis	15.9173	-14.5229	0
Sadialé	Saint-Louis	16.1986	-15.9969	0
Saint-Louis	Saint-Louis	16.0179	-16.4896	254171
Saldé	Saint-Louis	16.1622	-13.8854	0
Sam-Sam	Saint-Louis	16.3042	-15.6689	0
Sambowté	Saint-Louis	16.1159	-13.8595	0
Sanar	Saint-Louis	16.0664	-16.4269	0
Sangomé	Saint-Louis	16.381	-14.9458	0
Saninte	Saint-Louis	16.2356	-15.8047	0
Saninte	Saint-Louis	16.2025	-15.7042	0
Sar Maoundé	Saint-Louis	15.9833	-13.9167	0
Sari Boki Ivé	Saint-Louis	16.2182	-14.0602	0
Saré-Lamou	Saint-Louis	16.0722	-15.6008	0
Sassel Talbé	Saint-Louis	16.5423	-14.3499	0
Sava Gandé	Saint-Louis	16.2226	-14.0344	0
Savoigne	Saint-Louis	16.1997	-16.2786	0
Savoigne-Pionnier	Saint-Louis	16.1717	-16.3103	0
Selguir	Saint-Louis	16.0561	-16.3042	0
Semel	Saint-Louis	15.9303	-16.3478	0
Serpoli	Saint-Louis	16.6131	-14.5641	0
Sintiou Amadou Mariama	Saint-Louis	16.1458	-13.7266	0
Sintiou Bogguel	Saint-Louis	16.0199	-13.8414	0
Sintiou Dangdé	Saint-Louis	16.5722	-14.3421	0
Sintiou Diongui	Saint-Louis	16.1688	-13.9913	0
Sintiou Faragbé	Saint-Louis	16.0328	-14.0126	0
Sintiou Pénaga	Saint-Louis	16.4339	-14.3869	0
Sintiou Thirmoye	Saint-Louis	15.9836	-16.3156	0
Siouré	Saint-Louis	16.4514	-14.1434	0
Sièr	Saint-Louis	16.0692	-15.6861	0
Sièr	Saint-Louis	16.0678	-15.8983	0
Sor	Saint-Louis	16.0289	-16.5048	0
Sor	Saint-Louis	16.0294	-16.4717	0
Sor-Marméal	Saint-Louis	16.0289	-16.4892	0
Sor-Nord	Saint-Louis	16.0367	-16.5041	0
Sor-Ouest Diowling	Saint-Louis	16.0272	-16.4931	0
Soubalo Mbouba	Saint-Louis	16.2005	-14.0108	4896
Soudoutrou Aliguidibi	Saint-Louis	15.9481	-14.6279	0
Souima	Saint-Louis	16.66	-14.9657	0
Sounnatou	Saint-Louis	16.2073	-13.9593	0
Souraye	Saint-Louis	16.2653	-13.9594	0
Sud	Saint-Louis	16.0211	-16.5055	0
Séno Ndao	Saint-Louis	16.0419	-15.6836	0
Taba Ahmétou	Saint-Louis	16.1361	-16.4136	0
Taba Darou Salam I	Saint-Louis	16.1556	-16.4117	0
Taba Tache	Saint-Louis	16.1203	-16.4161	0
Taba Treich	Saint-Louis	16.1586	-16.3825	0
Takhbeut	Saint-Louis	15.9833	-16.1667	0
Takhembeut	Saint-Louis	16.0206	-16.2622	0
Takhmbeut Peul	Saint-Louis	16.03	-16.2781	0
Takoyel	Saint-Louis	16.2707	-14.0844	0
Tal Baklé	Saint-Louis	15.9833	-16.2	0
Tal Diop	Saint-Louis	15.95	-16.2167	0
Tamach	Saint-Louis	16.1119	-16.3689	0
Tanpidara	Saint-Louis	15.7265	-14.1439	0
Tantâdji	Saint-Louis	16.0822	-13.8695	0
Tassinère	Saint-Louis	15.8873	-16.5084	0
Tatki	Saint-Louis	16.2222	-15.2881	0
Teud Biti	Saint-Louis	15.9667	-16.1833	0
Teumb	Saint-Louis	15.8808	-16.2925	0
Thillé Boubakar	Saint-Louis	16.5167	-15.0833	0
Thiourouf	Saint-Louis	16.0756	-13.8392	0
Tialaga	Saint-Louis	16.4942	-14.4567	0
Tiam	Saint-Louis	15.6749	-14.1693	0
Tiangaye	Saint-Louis	16.5333	-15.1667	0
Tiar Moussé Diop	Saint-Louis	15.8422	-16.4225	0
Tiaski	Saint-Louis	15.672	-14.2358	0
Tiaski	Saint-Louis	16.0943	-13.673	0
Tiayère	Saint-Louis	15.8667	-16.3667	0
Tidem	Saint-Louis	16.1133	-16.1547	0
Tidji	Saint-Louis	16.1031	-16.1183	0
Tieurigne	Saint-Louis	16.1008	-16.3008	0
Tiguet	Saint-Louis	16.3986	-16.3192	0
Tili Daga	Saint-Louis	16.3288	-14.3613	0
Tilla	Saint-Louis	16.0522	-16.3297	0
Tilène	Saint-Louis	16.2597	-16.1811	0
Tiokka	Saint-Louis	16.2255	-14.0661	0
Tioubalel	Saint-Louis	16.4829	-14.3913	0
Tioubalel	Saint-Louis	16.2694	-13.99	0
Tiélao	Saint-Louis	16.5769	-14.5603	0
Tiéolé	Saint-Louis	16.4886	-15.0197	0
Tiéterlé Diabi	Saint-Louis	15.9139	-14.6355	0
Tongon	Saint-Louis	15.9	-16.4333	0
Touba Guène	Saint-Louis	15.8639	-16.3942	0
Toubi Télo	Saint-Louis	16.1124	-14.0283	0
Toufndé Gandé	Saint-Louis	16.0902	-13.8639	0
Toug Ouolof	Saint-Louis	15.8933	-16.4678	0
Toug Peul	Saint-Louis	15.885	-16.4739	0
Toulde Galle	Saint-Louis	16.499	-14.504	0
Touldé Tila	Saint-Louis	16.4147	-14.1094	0
Tourguénol	Saint-Louis	16.2066	-14.04	0
Tourguénoul	Saint-Louis	16.2157	-14.2866	0
Treich Peul	Saint-Louis	16.1933	-16.345	0
Tyabourli	Saint-Louis	16.0855	-13.908	0
Tyikkité	Saint-Louis	16.1569	-13.9703	0
Tyilambol	Saint-Louis	16.0679	-13.8395	0
Tèf	Saint-Louis	16.0461	-16.3203	0
Témèye	Saint-Louis	16.3894	-15.7289	0
Témèye Salane	Saint-Louis	16.3325	-15.7708	0
Us	Saint-Louis	16.0923	-16.374	0
Vendou Séna	Saint-Louis	15.9841	-15.4398	0
Vidou Tiengôli	Saint-Louis	15.9968	-15.3249	0
Vordé	Saint-Louis	16.4314	-14.274	0
Vèndou Boki	Saint-Louis	16.5081	-14.2561	0
Vèndé Mahil	Saint-Louis	16.6088	-14.5057	0
Yade Keur Abou Ba	Saint-Louis	15.9558	-16.29	0
Yade Ouolof	Saint-Louis	15.9578	-16.2953	0
Yade Peul	Saint-Louis	15.9706	-16.2978	0
Yagoubel	Saint-Louis	16.4131	-14.2522	0
Yamane	Saint-Louis	15.8745	-16.3759	0
Yamané	Saint-Louis	16.1036	-15.9964	0
Yaoualdé	Saint-Louis	15.7475	-14.3296	0
Yaoualdé Sinntiou	Saint-Louis	15.7552	-14.3236	0
Yaré Diaégal	Saint-Louis	16.0249	-14.6078	0
Yassagne	Saint-Louis	15.9833	-16.2333	0
Yokoulène	Saint-Louis	15.9833	-16.2167	0
Adiana	Sédhiou	12.45	-15.8167	0
Adioufa	Sédhiou	12.5433	-15.7542	0
Adjing	Sédhiou	12.4575	-15.6719	0
Akintou	Sédhiou	12.5319	-15.88	0
Alanbato	Sédhiou	12.8958	-15.5644	0
Alkalikounda	Sédhiou	12.8689	-15.9439	0
Aloute	Sédhiou	12.8956	-15.9739	0
Andioumé	Sédhiou	12.8922	-15.7483	0
Anisse	Sédhiou	12.5664	-15.7319	0
Ankobiri	Sédhiou	12.4472	-15.7783	0
Anpountoum	Sédhiou	12.9258	-15.805	0
Assoumoune	Sédhiou	12.4719	-15.7464	0
Babadi	Sédhiou	12.8564	-15.5	0
Babira	Sédhiou	12.8808	-15.715	0
Badiandian	Sédhiou	12.7083	-15.5883	0
Badiandoum	Sédhiou	13.3	-15.4667	0
Badiari	Sédhiou	12.6253	-15.5647	0
Badimbour	Sédhiou	13.1	-15.7	0
Badindin	Sédhiou	13.1167	-15.3833	0
Badindin	Sédhiou	13.2167	-15.6167	0
Badinnding	Sédhiou	12.6306	-15.4453	0
Badjikounda	Sédhiou	13.25	-15.7667	0
Badjikounda	Sédhiou	12.6822	-15.86	0
Badjimor	Sédhiou	12.6831	-15.5667	0
Badobar	Sédhiou	12.5911	-15.5108	0
Badouga	Sédhiou	12.8247	-15.4994	0
Badoumba Diaé	Sédhiou	13.2	-15.7333	0
Badoumba Kéréouane	Sédhiou	13.2167	-15.7333	0
Badoumba Mamadou	Sédhiou	13.1833	-15.7167	0
Bafabantan	Sédhiou	12.9761	-15.6958	0
Bafata	Sédhiou	12.4644	-15.8314	0
Bagadadji	Sédhiou	12.6447	-15.6642	0
Baghanga	Sédhiou	12.7333	-15.9833	0
Bakadaji	Sédhiou	13.0333	-15.6	0
Bakoum	Sédhiou	12.7211	-15.5628	0
Bakoundi	Sédhiou	12.5667	-15.85	0
Balala	Sédhiou	12.95	-15.9333	0
Balmadou	Sédhiou	12.6233	-15.8592	0
Bamakounda	Sédhiou	12.6406	-15.5914	0
Bambadala	Sédhiou	13.3333	-15.4833	0
Bambali	Sédhiou	12.6622	-15.4547	0
Bambarakounda	Sédhiou	13.1	-15.5667	0
Bambato	Sédhiou	12.5	-15.55	0
Banbadala	Sédhiou	12.6881	-15.3106	0
Banbadion	Sédhiou	12.7842	-15.5028	0
Bandoukounda Baldé	Sédhiou	13.0833	-15.2667	0
Banhar	Sédhiou	12.6811	-15.5561	0
Bani	Sédhiou	12.8442	-15.4231	0
Bani	Sédhiou	12.5072	-15.7336	0
Bani	Sédhiou	13.05	-15.55	0
Banima	Sédhiou	12.45	-15.65	0
Baniou	Sédhiou	12.5	-15.9	0
Banière	Sédhiou	12.6606	-15.4217	0
Banoungoune	Sédhiou	13.0167	-15.8333	0
Bantandiang	Sédhiou	12.59	-15.6492	0
Bantandiang	Sédhiou	12.7906	-15.1725	0
Bantankountou	Sédhiou	12.5	-15.9167	0
Bantanto	Sédhiou	13.0167	-15.5667	0
Banéba	Sédhiou	13.25	-15.5333	0
Banéba	Sédhiou	13.25	-15.7167	0
Barandama	Sédhiou	13.0	-15.7833	0
Bari	Sédhiou	12.8683	-15.6578	0
Bassada	Sédhiou	13.0	-15.7667	0
Bassaf	Sédhiou	12.8053	-15.6192	0
Batan Gnima	Sédhiou	12.7067	-15.8478	0
Batéguélé	Sédhiou	13.0833	-15.8833	0
Baya	Sédhiou	12.9728	-15.7725	0
Bayamba	Sédhiou	13.1	-15.4833	0
Bilassar	Sédhiou	12.5072	-15.6053	0
Binako	Sédhiou	12.5861	-15.5436	0
Binbaba	Sédhiou	12.5078	-15.8628	0
Bissakal	Sédhiou	12.5344	-15.4814	0
Bissar	Sédhiou	12.6617	-15.4814	0
Bissari	Sédhiou	13.05	-15.5833	0
Bissari	Sédhiou	12.9	-15.8	0
Bissari Diosson	Sédhiou	12.9594	-15.7744	0
Bissari Missira	Sédhiou	12.7525	-15.6089	0
Bissarou	Sédhiou	12.5822	-15.4267	0
Bissassou Douma	Sédhiou	12.5667	-15.4167	0
Bombali	Sédhiou	12.6031	-15.6606	0
Bona	Sédhiou	12.9581	-15.8381	0
Bondali	Sédhiou	12.5564	-15.7469	0
Boroya	Sédhiou	12.6597	-15.5197	0
Boudhié Samine	Sédhiou	12.6539	-15.6903	0
Boudiémar	Sédhiou	12.6214	-15.6378	0
Boudouk	Sédhiou	13.2833	-15.7167	0
Boufara Gor	Sédhiou	13.2333	-15.65	0
Bougari	Sédhiou	12.9936	-15.8303	0
Bougnadou	Sédhiou	12.8142	-15.4769	0
Bougnousse	Sédhiou	12.8889	-15.7964	0
Boukaour	Sédhiou	12.5383	-15.7336	0
Boukarkounda	Sédhiou	12.6456	-15.4853	0
Boumouda Soukoutoto	Sédhiou	12.64	-15.9247	0
Bounkambara	Sédhiou	12.4833	-15.5833	0
Bounkili Diola	Sédhiou	12.6669	-15.5836	0
Bounkiling	Sédhiou	13.05	-15.7	6416
Bouno	Sédhiou	12.5878	-15.5897	0
Bourounkouné	Sédhiou	13.05	-15.2333	0
Boussankili	Sédhiou	13.2333	-15.55	0
Boussankili Ba	Sédhiou	13.2833	-15.4833	0
Boussimballo	Sédhiou	13.0167	-15.2	0
Boussinki	Sédhiou	13.0833	-15.5833	0
Boutogoul	Sédhiou	12.4486	-15.7308	0
Brikama	Sédhiou	12.5639	-15.8422	0
Brosso	Sédhiou	12.9531	-15.7961	0
Bédétiolé	Sédhiou	12.45	-15.75	0
Bélan	Sédhiou	12.5619	-15.4817	0
Bémète Diatakounda	Sédhiou	12.7094	-16.0008	0
Bémète Djimandé	Sédhiou	12.7333	-15.9833	0
Bémète Vouti	Sédhiou	12.7244	-15.9858	0
Bériou	Sédhiou	12.9483	-15.9186	0
Dakabantang	Sédhiou	12.6167	-15.75	0
Dandone	Sédhiou	12.8747	-15.8503	0
Dar Salam	Sédhiou	12.7106	-15.1953	0
Dar Salam	Sédhiou	12.9089	-15.5928	0
Dar Silamé	Sédhiou	12.8947	-15.4311	0
Darsilam	Sédhiou	12.5122	-15.7242	0
Darsilame	Sédhiou	12.6503	-15.4711	0
Darsilamé	Sédhiou	12.8833	-15.7333	0
Dassilamé	Sédhiou	13.2	-15.7833	0
Dator	Sédhiou	13.3167	-15.6833	0
Datorkouta	Sédhiou	13.3	-15.7333	0
Diabakounda	Sédhiou	12.4625	-15.6872	0
Diafar	Sédhiou	12.7581	-15.9825	0
Diafilon	Sédhiou	12.9275	-15.8469	0
Dialaba	Sédhiou	13.0667	-15.4	0
Dialambéré	Sédhiou	13.1	-15.3	0
Dialankine	Sédhiou	13.0333	-15.8167	0
Dialinkine	Sédhiou	12.8906	-15.2569	0
Diamalatiel	Sédhiou	13.2667	-15.65	0
Diambaty	Sédhiou	13.0333	-15.4833	0
Diambéli	Sédhiou	13.1333	-15.2667	0
Diana Malari	Sédhiou	12.8483	-15.2497	3066
Diana Sonkodou	Sédhiou	13.0667	-15.4833	0
Dianafou	Sédhiou	12.4542	-15.6494	0
Dianah Ba	Sédhiou	12.8311	-15.2264	0
Diandième	Sédhiou	12.9328	-15.9378	0
Dianioundi	Sédhiou	12.6972	-15.9022	0
Diao	Sédhiou	12.6922	-15.9811	0
Diaounar Doumou	Sédhiou	13.2167	-15.7333	0
Diaourou	Sédhiou	12.7192	-15.8856	0
Diarfa	Sédhiou	12.6814	-15.4353	0
Diaroumé	Sédhiou	12.9822	-15.6178	0
Diarèng	Sédhiou	12.8114	-15.3633	0
Diatandingkounda	Sédhiou	12.7581	-15.8	0
Diatouma	Sédhiou	12.7872	-15.5844	0
Diattakounda	Sédhiou	12.5697	-15.6842	4356
Diaw Ba	Sédhiou	12.6925	-15.9933	0
Diedéli	Sédhiou	13.1	-15.8833	0
Diendé	Sédhiou	12.7686	-15.5619	0
Diobène	Sédhiou	12.5736	-15.6425	0
Diognère	Sédhiou	12.9014	-15.9011	0
Diolakounda	Sédhiou	13.2667	-15.8	0
Dionguer	Sédhiou	12.9108	-15.9069	0
Diop Kounda	Sédhiou	13.2667	-15.75	0
Diop Kounda	Sédhiou	12.8672	-15.2833	0
Dioudiourinndé	Sédhiou	12.6294	-15.4133	0
Dioudoubou	Sédhiou	12.7097	-15.4808	0
Dioufana	Sédhiou	12.9231	-15.2492	0
Diouking	Sédhiou	12.5383	-15.8625	0
Diouragon	Sédhiou	12.945	-15.9014	0
Diourourou	Sédhiou	13.05	-15.75	0
Diémékounda	Sédhiou	12.8667	-15.2333	0
Djibabouya	Sédhiou	12.7919	-15.9678	0
Djibakéné	Sédhiou	13.05	-15.2667	0
Djibanar	Sédhiou	12.5425	-15.8106	0
Djihaba	Sédhiou	12.6744	-15.5178	0
Djimassar	Sédhiou	12.5542	-15.7222	0
Djimbana	Sédhiou	12.5094	-15.7003	0
Djinani I	Sédhiou	13.2333	-15.7333	0
Djinani II	Sédhiou	13.2167	-15.5667	0
Djindé	Sédhiou	12.7667	-15.5667	0
Djiniper	Sédhiou	13.0667	-15.8833	0
Djirédi	Sédhiou	12.6161	-15.7861	0
Dongoro	Sédhiou	13.3	-15.4833	0
Fadiounkar	Sédhiou	12.6	-15.3667	0
Faoune Kaïnako	Sédhiou	13.0833	-15.6167	0
Faraba	Sédhiou	12.4881	-15.7392	0
Faragnima	Sédhiou	13.3167	-15.4167	0
Farankounda	Sédhiou	12.7131	-15.8989	0
Farankounda	Sédhiou	12.6058	-15.3889	0
Farankounda	Sédhiou	12.6375	-15.6747	0
Fassada	Sédhiou	12.5081	-15.5381	0
Fassane	Sédhiou	12.4911	-15.5817	0
Gombol	Sédhiou	13.1333	-15.8167	0
Gouba Samba Loum	Sédhiou	13.1833	-15.5833	0
Goubanba	Sédhiou	13.3167	-15.4333	0
Goudomp	Sédhiou	12.5778	-15.8722	18239
Goutou Dimba Ba	Sédhiou	13.2333	-15.3667	0
Guidinnki	Sédhiou	12.8139	-15.4239	0
Guiguiankounda	Sédhiou	12.9717	-15.6558	0
Hamdalaye	Sédhiou	12.5472	-15.6733	0
Hamdalaye I	Sédhiou	13.2833	-15.5667	0
Hamdalaye II	Sédhiou	13.2833	-15.7	0
Ida	Sédhiou	12.8381	-15.5322	0
Inor	Sédhiou	12.9956	-15.7081	0
Irassoli	Sédhiou	13.3	-15.55	0
Kaboél	Sédhiou	13.25	-15.65	0
Kadialin	Sédhiou	13.0833	-15.7	0
Kafoulou	Sédhiou	12.6822	-15.3961	0
Kamagouba	Sédhiou	12.95	-15.7994	0
Kamahone	Sédhiou	12.9892	-15.9347	0
Kambila	Sédhiou	12.9897	-15.8486	0
Kamboudione	Sédhiou	13.1	-15.8833	0
Kamboundé	Sédhiou	13.0167	-15.9167	0
Kamoya	Sédhiou	12.8708	-15.8817	0
Kampila	Sédhiou	12.995	-15.7794	0
Kampoto	Sédhiou	13.0333	-15.7	0
Kananpar	Sédhiou	12.5333	-15.6667	0
Kanboundan	Sédhiou	12.9075	-15.7933	0
Kandiadiou	Sédhiou	13.0014	-15.6172	0
Kandialon	Sédhiou	12.9881	-15.74	0
Kandimba	Sédhiou	13.2333	-15.6667	0
Kandion Dansokounda	Sédhiou	13.1667	-15.7833	0
Kandion Mangana	Sédhiou	13.1833	-15.7833	0
Kandiounkou	Sédhiou	13.0008	-15.6481	0
Kandiounkou	Sédhiou	13.0	-15.4833	0
Kandiénoug	Sédhiou	12.6139	-15.3542	0
Kangodi	Sédhiou	13.0167	-15.8333	0
Kaniko	Sédhiou	12.4739	-15.665	0
Kankoulountou	Sédhiou	13.0167	-15.6667	0
Kanéma	Sédhiou	12.5694	-15.9336	0
Kaour	Sédhiou	12.5661	-15.9078	0
Kapote	Sédhiou	12.6667	-15.5833	0
Kapoundoune	Sédhiou	12.9758	-15.8367	0
Karantaba	Sédhiou	12.7342	-15.8056	0
Karantaba	Sédhiou	13.05	-15.5	0
Karantaba	Sédhiou	12.7778	-15.4717	0
Karoumbou	Sédhiou	12.5781	-15.4444	0
Karsia	Sédhiou	12.8164	-15.1678	0
Kasi	Sédhiou	12.5464	-15.5544	0
Kataba Guidima	Sédhiou	12.9819	-15.6411	0
Katabina	Sédhiou	12.8433	-15.3361	0
Kebeum	Sédhiou	13.0333	-15.9167	0
Kerel	Sédhiou	12.7108	-15.5189	0
Kignine	Sédhiou	12.5133	-15.5567	0
Kinndiri	Sédhiou	12.6294	-15.6919	0
Kintingourou	Sédhiou	12.6219	-15.7331	0
Koboel	Sédhiou	13.25	-15.6333	0
Kodji	Sédhiou	12.6	-15.6667	0
Kohel	Sédhiou	13.3333	-15.45	0
Kokonba	Sédhiou	12.6333	-15.8333	0
Kokoung Sobali	Sédhiou	12.8039	-15.2419	0
Kolane	Sédhiou	12.5297	-15.7431	0
Kolibantang	Sédhiou	12.8	-15.2144	0
Kolikounda	Sédhiou	13.25	-15.6	0
Koling	Sédhiou	12.7633	-15.8381	0
Kouadi Baïnouk	Sédhiou	13.05	-15.7	0
Koubone	Sédhiou	12.7997	-15.3761	0
Koudibékounda	Sédhiou	12.8686	-15.7425	0
Koudjini	Sédhiou	12.8667	-15.2167	0
Kougne	Sédhiou	12.4967	-15.6089	0
Koumbamo	Sédhiou	12.9006	-15.9414	0
Kounayan	Sédhiou	12.7494	-15.5647	0
Kounayan	Sédhiou	12.5239	-15.7978	0
Kouniara Santo	Sédhiou	12.5486	-15.5778	0
Kounkali	Sédhiou	12.89	-15.4589	0
Kounounding Dioé	Sédhiou	12.8775	-15.9197	0
Koussaor	Sédhiou	12.9575	-15.7022	0
Koussi	Sédhiou	12.8708	-15.6047	0
Koutadala	Sédhiou	12.7	-15.2667	0
Koutounta Ali Koli	Sédhiou	13.2	-15.6167	0
Krissime	Sédhiou	12.55	-15.75	0
Kénéwa	Sédhiou	12.6619	-15.3881	0
Kérakounda	Sédhiou	12.8344	-15.3517	0
Kérévane	Sédhiou	12.8628	-15.2575	0
Li Kounda	Sédhiou	13.3333	-15.5	0
Limane	Sédhiou	12.5075	-15.6314	0
Linkiéto	Sédhiou	12.7064	-15.8108	0
Madina	Sédhiou	12.6969	-15.845	0
Madina	Sédhiou	12.7642	-15.2261	0
Madina	Sédhiou	13.3167	-15.75	0
Madina	Sédhiou	12.6247	-15.6814	0
Madina	Sédhiou	12.5167	-15.7833	0
Madina Finndiféto	Sédhiou	12.8058	-15.5289	0
Madina Mandingue	Sédhiou	13.0167	-15.5	0
Madina Torodo	Sédhiou	13.0833	-15.6167	0
Madina Wandifa	Sédhiou	13.0579	-15.6432	12205
Mafonko	Sédhiou	13.0333	-15.9167	0
Maka	Sédhiou	12.8531	-15.2886	0
Malandiankounda	Sédhiou	12.6842	-15.5172	0
Malifara	Sédhiou	12.6086	-15.5844	0
Malifara Brassou	Sédhiou	12.7	-15.3167	0
Mambounkou	Sédhiou	12.7	-15.2667	0
Manbigné	Sédhiou	12.9628	-15.8614	0
Mandiné Fodé Kaba	Sédhiou	13.0833	-15.85	0
Mangakounda	Sédhiou	12.58	-15.9361	0
Mangaroungou Santo	Sédhiou	12.5297	-15.5189	0
Maniora Mandingue	Sédhiou	13.0167	-15.7	0
Mankolikounda	Sédhiou	12.5892	-15.4928	0
Mankono Ba	Sédhiou	12.8658	-15.3611	0
Mankonondine	Sédhiou	12.765	-15.5528	0
Mankonton	Sédhiou	12.9875	-15.675	0
Mansaba	Sédhiou	13.25	-15.7333	0
Manékounda	Sédhiou	12.5333	-15.7833	0
Manékounda	Sédhiou	12.6286	-15.7467	0
Marakissa	Sédhiou	12.8522	-15.9478	0
Marandan	Sédhiou	12.8772	-15.2997	0
Maronkounda	Sédhiou	12.5697	-15.6419	0
Marsassoum Santa	Sédhiou	12.8278	-15.9397	0
Massaria	Sédhiou	12.5658	-15.6311	0
Mayor	Sédhiou	12.9853	-15.7394	0
Missira	Sédhiou	12.5544	-15.4908	0
Missira	Sédhiou	12.7225	-15.8003	0
Missira	Sédhiou	13.3	-15.75	0
Missira	Sédhiou	13.05	-15.4333	0
Missira Bourbon	Sédhiou	12.7664	-15.2178	0
Moniam	Sédhiou	13.1	-15.9	0
Mosguée	Sédhiou	12.8128	-15.9742	0
Moyafara	Sédhiou	12.8325	-15.2708	0
Ndiama	Sédhiou	12.9317	-15.5925	0
Ndiamakouta	Sédhiou	13.3167	-15.6333	7179
Ndiamakouta	Sédhiou	13.3333	-15.6333	0
Ndiolofène	Sédhiou	13.1833	-15.65	0
Niadième	Sédhiou	12.8433	-15.8692	0
Niafor	Sédhiou	12.5197	-15.6478	0
Niafougne	Sédhiou	13.25	-15.6167	0
Niakounda	Sédhiou	12.5333	-15.6167	0
Niandianki	Sédhiou	12.9628	-15.6461	0
Nianga	Sédhiou	12.7081	-15.2675	0
Niaoump	Sédhiou	12.9769	-15.8647	0
Niassène	Sédhiou	12.7478	-15.895	0
Niorki	Sédhiou	12.9178	-15.9797	0
Nioro	Sédhiou	12.6439	-15.3825	0
Néma	Sédhiou	12.8942	-15.5286	0
Néma Diassor	Sédhiou	13.0167	-15.5833	0
Oudoukar	Sédhiou	12.875	-15.3303	0
Oumana	Sédhiou	13.1333	-15.5167	0
Oundiou	Sédhiou	12.5567	-15.8931	0
Pantodosse Diola	Sédhiou	12.5708	-15.8775	0
Patékounda	Sédhiou	12.7625	-15.27	0
Pirgi	Sédhiou	12.4333	-15.7333	0
Safane	Sédhiou	12.4978	-15.7206	0
Sakar	Sédhiou	12.8414	-15.4408	0
Sako	Sédhiou	12.8047	-15.1931	0
Salikégné	Sédhiou	13.25	-15.7833	0
Salikénié	Sédhiou	12.8519	-15.5567	0
Saliote	Sédhiou	12.5008	-15.8222	0
Samakoung	Sédhiou	12.7517	-15.8158	0
Sambokounda	Sédhiou	12.6397	-15.4986	0
Samine Escale	Sédhiou	12.4942	-15.6314	4848
Samtoulou	Sédhiou	12.8697	-15.1861	0
Samé Foulayel	Sédhiou	12.9094	-15.2486	0
Samé Kouta	Sédhiou	12.8964	-15.2361	0
Sanboum	Sédhiou	12.7828	-15.3906	0
Sandinièr	Sédhiou	12.7317	-15.5297	0
Sangati	Sédhiou	12.4683	-15.7058	0
Sanifil	Sédhiou	12.6569	-15.5033	0
Sankadji	Sédhiou	12.6333	-15.7667	0
Sankandi	Sédhiou	13.2	-15.7833	0
Sankandi Faraba	Sédhiou	13.2	-15.7833	0
Sankouya	Sédhiou	12.8903	-15.5481	0
Sansamba	Sédhiou	12.8006	-15.7997	0
Sansankoto	Sédhiou	13.0667	-15.8833	0
Santadian	Sédhiou	12.6675	-15.3644	0
Santandian	Sédhiou	12.7933	-15.1708	0
Saré Aba	Sédhiou	12.9333	-15.25	0
Saré Alal	Sédhiou	12.7794	-15.1442	0
Saré Ama Samba	Sédhiou	13.2667	-15.3667	0
Saré Babou	Sédhiou	13.2	-15.65	0
Saré Bakari	Sédhiou	13.2833	-15.6833	0
Saré Bala Tabadian	Sédhiou	13.1333	-15.2667	0
Saré Baradji	Sédhiou	13.1667	-15.3	0
Saré Baïli	Sédhiou	13.15	-15.45	0
Saré Birane	Sédhiou	13.1667	-15.4167	0
Saré Birane	Sédhiou	13.2667	-15.7833	0
Saré Bokari	Sédhiou	13.2667	-15.4333	0
Saré Bori	Sédhiou	12.6939	-15.1611	0
Saré Boubou	Sédhiou	12.7186	-15.185	0
Saré Damou	Sédhiou	13.1333	-15.45	0
Saré Dansa	Sédhiou	12.8347	-15.1808	0
Saré Diao	Sédhiou	12.6772	-15.3044	0
Saré Diaé	Sédhiou	12.7	-15.25	0
Saré Dikori	Sédhiou	12.7581	-15.1489	0
Saré Dimba	Sédhiou	13.2167	-15.35	0
Saré Dimba Banéba	Sédhiou	13.1167	-15.5667	0
Saré Dimba Kouba	Sédhiou	13.2167	-15.55	0
Saré Dinbadié	Sédhiou	12.7	-15.1833	0
Saré Dioura Sintiân	Sédhiou	12.7489	-15.1447	0
Saré Djimbi	Sédhiou	12.8678	-15.1989	0
Saré Doga	Sédhiou	13.0667	-15.25	0
Saré Farim	Sédhiou	12.9344	-15.2139	0
Saré Hamet	Sédhiou	13.2	-15.5167	0
Saré Iroukoumoto	Sédhiou	12.75	-15.15	0
Saré Kolobri	Sédhiou	12.9792	-15.1736	0
Saré Kéval	Sédhiou	12.7825	-15.1792	0
Saré Lamine Fal	Sédhiou	13.0833	-15.3667	0
Saré Landia	Sédhiou	12.8233	-15.1856	0
Saré Madi	Sédhiou	13.0333	-15.2333	0
Saré Madia	Sédhiou	13.0167	-15.2333	0
Saré Malikandé	Sédhiou	12.7086	-15.2533	0
Saré Mandi	Sédhiou	12.8894	-15.3206	0
Saré Maoudé	Sédhiou	12.9167	-15.25	0
Saré Ndiaga	Sédhiou	13.2833	-15.5833	0
Saré Olomkounda	Sédhiou	12.7669	-15.1364	0
Saré Paté Bayélo	Sédhiou	13.1333	-15.4	0
Saré Paté Dialo	Sédhiou	13.1	-15.3667	0
Saré Paté Dialo	Sédhiou	13.2167	-15.55	0
Saré Pendia	Sédhiou	12.9233	-15.3014	0
Saré Sadian	Sédhiou	13.35	-15.4	0
Saré Sadiou	Sédhiou	12.7667	-15.15	0
Saré Samba Kandé	Sédhiou	12.7172	-15.1533	0
Saré Samba Kountéré	Sédhiou	13.2833	-15.4667	0
Saré Sana	Sédhiou	12.9369	-15.3042	0
Saré Sitafa	Sédhiou	12.7	-15.7333	0
Saré Souna	Sédhiou	12.9169	-15.2261	0
Saré Séni Dialo	Sédhiou	13.2333	-15.6833	0
Saré Tening	Sédhiou	12.7278	-15.1911	0
Saré Toumané	Sédhiou	12.8811	-15.2464	0
Saré Yaya	Sédhiou	12.9328	-15.2511	0
Saré Yoro Diao	Sédhiou	12.9167	-15.2167	0
Sassita	Sédhiou	13.35	-15.4167	0
Satioum	Sédhiou	12.4797	-15.6472	0
Sibana	Sédhiou	12.4978	-15.6836	0
Sibidianto	Sédhiou	12.6997	-15.2953	0
Sibikouroto	Sédhiou	12.6714	-15.94	0
Sientankine	Sédhiou	12.7	-15.2	0
Sifassou	Sédhiou	12.5167	-15.8833	0
Sikoum	Sédhiou	12.4761	-15.8869	0
Simakounda	Sédhiou	12.5842	-15.5003	0
Simbandi Balant	Sédhiou	12.5542	-15.7814	0
Simbandi Brassou	Sédhiou	12.6233	-15.5189	0
Sina	Sédhiou	12.5378	-15.6033	0
Sindina	Sédhiou	12.6167	-15.8333	0
Singop Tilidji	Sédhiou	12.4639	-15.7339	0
Singuèr	Sédhiou	12.6714	-15.91	0
Singuère	Sédhiou	12.5225	-15.9236	0
Singuère	Sédhiou	12.5364	-15.9456	0
Sita	Sédhiou	13.0833	-15.9	0
Sitaba	Sédhiou	12.8328	-15.5219	0
Soliko	Sédhiou	12.6542	-15.3561	0
Sonako	Sédhiou	12.4642	-15.7494	0
Sorange	Sédhiou	12.6581	-15.6536	0
Souaki	Sédhiou	12.9378	-15.7506	0
Souboute	Sédhiou	12.4933	-15.6986	0
Souga	Sédhiou	13.1	-15.85	0
Soukouta	Sédhiou	12.9117	-15.9331	0
Soukoutoto	Sédhiou	12.8236	-15.5922	0
Soukoutoto	Sédhiou	12.7	-15.8833	0
Soukoutoto	Sédhiou	13.1667	-15.8	0
Soumboundou	Sédhiou	12.95	-15.7833	0
Soumboundou	Sédhiou	12.8222	-15.3894	0
Soumoukounda	Sédhiou	12.4514	-15.8306	0
Subikouroto	Sédhiou	12.7025	-15.8192	0
Syllacounda	Sédhiou	13.0667	-15.3	500
Syllacounda	Sédhiou	13.0671	-15.3011	500
Syllacounda	Sédhiou	13.0833	-15.2833	0
Syllacounda	Sédhiou	13.0667	-15.3167	0
Sédhiou	Sédhiou	12.7081	-15.5569	31511
Sédioudi	Sédhiou	12.5256	-15.7231	0
Séfa	Sédhiou	12.7828	-15.5461	0
Ségafoula	Sédhiou	12.5678	-15.5592	0
Séno Boboré	Sédhiou	13.3667	-15.45	0
Sénoba	Sédhiou	13.3667	-15.5167	0
Sérifkounda	Sédhiou	12.6161	-15.91	0
Sérit	Sédhiou	12.5158	-15.5936	0
Tabadian	Sédhiou	12.6697	-15.4408	0
Tabali	Sédhiou	12.8856	-15.9047	0
Tabana	Sédhiou	12.7561	-15.7733	0
Tabayel	Sédhiou	13.0333	-15.6667	0
Takon	Sédhiou	13.25	-15.5333	0
Talikourto	Sédhiou	12.65	-15.3833	0
Talinkoulou	Sédhiou	12.7328	-15.1786	0
Talito	Sédhiou	12.8717	-15.7547	0
Tambakounda	Sédhiou	13.2	-15.8	0
Tanaf	Sédhiou	12.6497	-15.4261	4831
Tanbanaba	Sédhiou	12.6667	-15.55	0
Tanbananding	Sédhiou	12.6467	-15.5553	0
Tankanto	Sédhiou	12.5619	-15.4367	0
Tankon	Sédhiou	13.25	-15.5	0
Teranbassi	Sédhiou	12.5611	-15.7581	0
Tiamlé	Sédhiou	12.4386	-15.7208	0
Tiare	Sédhiou	12.5558	-15.7103	0
Tindaba	Sédhiou	12.6106	-15.6892	0
Tindinnto	Sédhiou	12.9833	-15.7667	0
Tintinkome	Sédhiou	12.6183	-15.785	0
Tiével	Sédhiou	13.2333	-15.45	0
Tobor	Sédhiou	13.0167	-15.6833	0
Tokossian	Sédhiou	12.5042	-15.7867	0
Toniataba	Sédhiou	12.6833	-15.4667	0
Touba	Sédhiou	12.9928	-15.5872	0
Touba Morikounda	Sédhiou	13.05	-15.4	0
Toubakouta	Sédhiou	12.4669	-15.6194	0
Toubakouta	Sédhiou	13.2333	-15.7833	0
Tourékounda	Sédhiou	12.8472	-15.5397	0
Témanto	Sédhiou	12.9106	-15.31	0
Témanto	Sédhiou	12.5333	-15.6667	0
Témanto Manfou	Sédhiou	13.0667	-15.2667	0
Térénou	Sédhiou	12.6667	-15.5667	0
Valikounda	Sédhiou	12.5914	-15.4703	0
Voyoto	Sédhiou	12.65	-15.7833	0
Vélingara	Sédhiou	13.3	-15.7333	0
Vélingara	Sédhiou	12.8342	-15.1675	0
Vélingara	Sédhiou	13.05	-15.7333	0
Wassadou	Sédhiou	12.8	-15.1667	0
Yaran	Sédhiou	12.5136	-15.5206	0
Yassine Mandina	Sédhiou	12.7769	-15.7417	0
Yayakounda	Sédhiou	12.7328	-15.8819	0
Yéra Dioula	Sédhiou	13.1833	-15.65	0
Acaré	Tambacounda	14.7686	-12.7672	0
Alahina	Tambacounda	14.4317	-12.1991	0
Alahina Boucar	Tambacounda	14.8265	-12.4801	0
Alali	Tambacounda	13.9333	-13.4833	0
Alaléri	Tambacounda	14.8474	-12.5438	0
Alinnguel	Tambacounda	13.8004	-12.1746	0
Alinnkané	Tambacounda	14.2138	-12.2091	0
Allagué	Tambacounda	14.1333	-13.0333	0
Amadji	Tambacounda	14.6101	-12.2285	0
Aourou	Tambacounda	14.6921	-12.2521	0
Ardoulaye	Tambacounda	13.4833	-13.4667	0
Arigabo	Tambacounda	14.3961	-12.4596	0
Aroundou	Tambacounda	14.7635	-12.2528	0
Aïkoun	Tambacounda	12.4445	-12.7397	0
Baba Galé	Tambacounda	13.6833	-13.65	0
Bababé	Tambacounda	14.2229	-12.4048	0
Badi	Tambacounda	13.15	-13.2333	0
Bagadadji	Tambacounda	13.4232	-13.0009	0
Bagayogo	Tambacounda	13.9	-13.4333	0
Baili-Ouamédaka	Tambacounda	13.364	-12.5766	0
Bakadadji	Tambacounda	13.2333	-13.4833	0
Bakel	Tambacounda	14.9024	-12.4594	13329
Baki Baki	Tambacounda	12.6833	-13.1	0
Bal Mayata	Tambacounda	14.25	-14.5167	0
Bala	Tambacounda	14.0333	-13.1667	0
Bala Foulbé	Tambacounda	13.6333	-13.1	0
Bala Mérétaol	Tambacounda	14.1	-13.6833	0
Balam Boulou	Tambacounda	13.5833	-13.15	0
Baldi Kadjolé	Tambacounda	14.5364	-12.8933	0
Balou	Tambacounda	14.738	-12.238	0
Bamadoukounda	Tambacounda	13.7833	-13.9667	0
Bamaki	Tambacounda	13.2333	-13.25	0
Bambadala	Tambacounda	13.6092	-12.8525	0
Bambadala	Tambacounda	13.2667	-13.4167	0
Bambako	Tambacounda	13.5013	-12.1515	0
Bambako	Tambacounda	13.6167	-14.0	0
Bana Daniédo	Tambacounda	14.1	-13.6833	0
Banba	Tambacounda	13.8	-14.6167	0
Banfara	Tambacounda	13.8333	-13.4333	0
Banfara Démandaou	Tambacounda	13.8167	-13.3833	0
Banfara II	Tambacounda	13.8333	-13.4167	0
Bani	Tambacounda	13.8279	-12.8756	0
Bani Tapirdé	Tambacounda	13.9533	-12.8543	0
Banipéli	Tambacounda	14.2892	-12.4567	0
Bankou	Tambacounda	13.4665	-12.8246	0
Bankouba	Tambacounda	13.8799	-12.2824	0
Bannbadinnka	Tambacounda	13.5667	-13.4167	0
Bantambali	Tambacounda	14.1833	-13.2	0
Bantanani	Tambacounda	13.7219	-12.9763	0
Bantandienké	Tambacounda	13.5667	-13.9333	0
Bantangueul	Tambacounda	13.9667	-14.0167	0
Bantankoli	Tambacounda	13.3333	-13.1833	0
Bantankountou	Tambacounda	13.2667	-13.0667	0
Bantantinnting	Tambacounda	13.5333	-13.8667	0
Barakounda	Tambacounda	13.6667	-14.6333	0
Barkayel	Tambacounda	13.6167	-14.3333	0
Barkayel	Tambacounda	13.4833	-13.4667	0
Barkiel	Tambacounda	13.8833	-14.55	0
Barokounda	Tambacounda	13.6667	-14.1	0
Barsafa	Tambacounda	13.7167	-14.5667	0
Bellé	Tambacounda	14.4143	-12.301	0
Binguil	Tambacounda	14.5669	-12.8507	0
Binngel	Tambacounda	13.4	-13.05	0
Binnguel	Tambacounda	14.0667	-14.45	0
Birataba	Tambacounda	13.4	-13.4667	0
Birfal	Tambacounda	14.5141	-12.4468	0
Boba	Tambacounda	13.9833	-14.4833	0
Boba	Tambacounda	13.6667	-13.85	0
Boboti	Tambacounda	12.659	-11.438	0
Bodibato	Tambacounda	14.0871	-12.0474	0
Bodé	Tambacounda	14.0329	-12.9448	0
Bodé	Tambacounda	13.9726	-12.8494	0
Bofoulou	Tambacounda	13.4833	-13.35	0
Bogal Diaouli	Tambacounda	14.1875	-12.5746	0
Bohé Balédié	Tambacounda	14.2833	-13.6	0
Boingal	Tambacounda	14.1333	-14.3667	0
Boinguel	Tambacounda	14.05	-14.2667	0
Boki Maboubé	Tambacounda	14.2551	-13.0016	0
Boki Sada	Tambacounda	14.5167	-14.5333	0
Bokidou lki	Tambacounda	14.3238	-12.6573	0
Bokiguilé	Tambacounda	14.5463	-12.9516	0
Boko	Tambacounda	13.4709	-12.9646	0
Bokolako	Tambacounda	13.6051	-12.5419	0
Boké	Tambacounda	14.3167	-13.25	0
Bordé	Tambacounda	14.8158	-12.4988	0
Boro Tirel	Tambacounda	14.1333	-13.0833	0
Botou	Tambacounda	13.8167	-13.5833	0
Boubouya	Tambacounda	14.3844	-12.2235	0
Bouingeul Bamba	Tambacounda	14.0966	-12.9368	0
Boula	Tambacounda	14.3867	-12.9599	0
Boulel	Tambacounda	14.6039	-12.707	0
Bouli Manga	Tambacounda	14.0667	-14.25	0
Bouloukounda	Tambacounda	13.4	-13.3833	0
Boulél	Tambacounda	14.2333	-13.9167	0
Boumboa	Tambacounda	13.3452	-12.4244	0
Boundou Dioé	Tambacounda	14.1956	-12.0451	0
Bounkili	Tambacounda	13.65	-13.55	0
Bountou	Tambacounda	13.2647	-11.5403	0
Bountou	Tambacounda	14.2409	-12.2291	0
Bountounko	Tambacounda	13.7833	-14.0833	0
Bouria	Tambacounda	14.3899	-12.288	0
Bouroubourou	Tambacounda	13.354	-11.9656	0
Boutougou Fara	Tambacounda	13.3971	-12.4892	0
Bouyagué	Tambacounda	14.3333	-13.4	0
Béldjimbara	Tambacounda	14.1044	-12.3666	0
Bélel	Tambacounda	14.05	-14.5667	0
Bélel Diamala	Tambacounda	14.5	-14.4833	0
Béli-Pouri	Tambacounda	13.6516	-12.5989	0
Bélé	Tambacounda	14.3167	-13.0333	0
Béma	Tambacounda	14.8291	-12.4614	0
Carrefour	Tambacounda	14.8689	-12.4944	0
Dabala	Tambacounda	13.3712	-12.8759	0
Dabi	Tambacounda	14.9589	-12.5554	0
Daharatou	Tambacounda	14.6	-12.3048	0
Dakaba	Tambacounda	14.0948	-12.5847	0
Dakadougal	Tambacounda	13.8921	-12.887	0
Dakan	Tambacounda	14.5667	-14.4167	0
Dalaba	Tambacounda	13.3316	-11.7776	0
Dalaba	Tambacounda	12.75	-13.2833	0
Dalafi	Tambacounda	13.6591	-12.4012	0
Dalaoulé	Tambacounda	13.9198	-11.9534	0
Damantan	Tambacounda	13.0	-13.4	0
Damba	Tambacounda	13.9	-13.8667	0
Dandé	Tambacounda	12.3667	-12.4833	0
Dané	Tambacounda	13.8	-14.15	0
Daoudi	Tambacounda	14.1333	-13.9667	0
Dar Salam	Tambacounda	13.25	-13.2	0
Dar el Salam	Tambacounda	13.25	-13.2	0
Dar el Salam	Tambacounda	13.1333	-13.5167	0
Dar el Salam	Tambacounda	13.7167	-13.5833	0
Darou Koutros	Tambacounda	14.4	-14.5833	0
Darou Ndayène	Tambacounda	14.15	-14.4333	0
Darou Nem	Tambacounda	14.4	-14.6167	0
Darou Rhamane	Tambacounda	14.4833	-14.4333	0
Darou Salam	Tambacounda	14.4003	-12.2103	0
Darou Salam	Tambacounda	13.3	-13.4833	0
Darou Salam	Tambacounda	14.3333	-14.6167	0
Davadi	Tambacounda	14.05	-14.3167	0
Dayar	Tambacounda	14.2833	-13.9	0
Daétangel	Tambacounda	13.9833	-13.35	0
Dedji	Tambacounda	14.6443	-12.2098	0
Demba Ba	Tambacounda	14.0833	-13.5333	0
Demba Koli	Tambacounda	13.7606	-12.8614	0
Dembari	Tambacounda	13.6667	-14.1333	0
Demboubé	Tambacounda	13.5167	-14.4167	0
Demou	Tambacounda	13.7667	-13.9833	0
Diabal	Tambacounda	14.7843	-12.4677	0
Diabougou	Tambacounda	13.65	-14.2167	0
Diabougou	Tambacounda	13.4287	-11.8775	0
Diabougou	Tambacounda	14.5426	-12.2223	0
Diabougou	Tambacounda	14.0427	-12.1965	0
Diabougou	Tambacounda	13.55	-13.5333	0
Diabougou	Tambacounda	13.85	-13.55	0
Diabougou Mossi	Tambacounda	14.2951	-12.4663	0
Diadala	Tambacounda	13.6167	-13.75	0
Diaga Diari	Tambacounda	14.5751	-12.4267	0
Diakaba	Tambacounda	13.3167	-13.0833	0
Diakoulané	Tambacounda	14.8863	-12.5594	0
Diala	Tambacounda	13.5242	-11.9604	0
Diala Amadou	Tambacounda	14.2633	-12.212	0
Diala Maka	Tambacounda	13.3667	-13.1167	0
Dialakoto	Tambacounda	13.3167	-13.3	0
Dialali Alisso	Tambacounda	13.9833	-13.7	0
Dialassaba	Tambacounda	13.65	-14.1	0
Dialassabakounda	Tambacounda	13.65	-14.3333	0
Dialatoye	Tambacounda	13.7167	-14.7833	0
Dialiko	Tambacounda	13.3667	-13.65	0
Dialokounda	Tambacounda	13.8833	-13.5833	0
Diam Diam	Tambacounda	13.8667	-14.6667	0
Diamadi	Tambacounda	13.2167	-13.4667	0
Diamaguène	Tambacounda	13.85	-14.1833	0
Diambadina	Tambacounda	13.85	-13.6	0
Diambaloye	Tambacounda	13.9537	-12.108	0
Diamel	Tambacounda	14.4167	-14.3333	0
Diamkoulori	Tambacounda	13.4667	-14.3167	0
Diamourdala	Tambacounda	13.5497	-12.2576	0
Diamvéli	Tambacounda	13.05	-13.4667	0
Diamvéli	Tambacounda	14.9401	-12.6075	0
Diamédioko	Tambacounda	14.2174	-12.2181	0
Diana	Tambacounda	13.5398	-12.8619	0
Dianbour	Tambacounda	13.85	-14.4833	0
Diankobinni	Tambacounda	13.6667	-13.5833	0
Dianké Makam	Tambacounda	13.6751	-12.6613	0
Dianvéli	Tambacounda	13.85	-14.1833	0
Dianékounda	Tambacounda	13.6833	-14.6167	0
Diaranté	Tambacounda	13.8414	-12.5908	0
Diaré Mbolo	Tambacounda	14.4871	-12.6341	0
Diatassaba	Tambacounda	13.5833	-14.1	0
Diawéli	Tambacounda	14.3453	-12.3748	0
Didé	Tambacounda	13.9705	-12.3443	0
Dienndé	Tambacounda	13.5667	-14.3833	0
Difourou	Tambacounda	13.3922	-12.9278	0
Dindoudi Doka	Tambacounda	14.2777	-12.6077	0
Dindoudi Séydi	Tambacounda	14.4667	-13.05	0
Dindédié	Tambacounda	14.3833	-13.4	0
Dinndoudi	Tambacounda	13.8404	-12.4198	0
Dinndoudi Chédi	Tambacounda	14.2802	-12.6087	0
Diobili Foulbé	Tambacounda	14.4727	-12.2052	0
Diogoula	Tambacounda	14.187	-12.3458	0
Diokdou	Tambacounda	14.6841	-12.5334	0
Diorel Assana	Tambacounda	14.3167	-13.5167	0
Dioubéla	Tambacounda	13.7553	-12.1109	0
Diouguel	Tambacounda	14.4	-14.4167	0
Dioulangueul	Tambacounda	13.9	-13.3	0
Dioum Diaré	Tambacounda	13.8333	-13.1333	0
Diounkoré	Tambacounda	13.7167	-13.6833	0
Diounkoré Dutou	Tambacounda	13.7	-13.6667	0
Dioutabassi	Tambacounda	13.6167	-14.0167	0
Dirimé	Tambacounda	13.6167	-13.8667	0
Diélani	Tambacounda	13.9111	-12.6945	0
Diénoun Diala	Tambacounda	13.2167	-13.1167	0
Djibakounda	Tambacounda	13.3952	-12.4311	0
Djidje Kounda	Tambacounda	13.75	-13.6667	0
Djimbé	Tambacounda	14.618	-12.1661	0
Djita	Tambacounda	14.3754	-12.2258	0
Doga	Tambacounda	13.7333	-13.9667	0
Doubel Baïdi Cissé	Tambacounda	14.5122	-12.9991	0
Doubi	Tambacounda	14.4018	-12.95	0
Dougué	Tambacounda	13.9879	-12.6684	0
Doulouyabé	Tambacounda	14.0993	-12.6115	0
Doundé	Tambacounda	14.2981	-12.2382	0
Doutoto	Tambacounda	13.6167	-13.85	0
Débou Diaoubé	Tambacounda	14.297	-12.2247	0
Débou Fadéla	Tambacounda	14.3325	-12.2503	0
Dépenndakounda	Tambacounda	12.9833	-13.3833	0
Erémokono	Tambacounda	13.4329	-12.0022	0
Fadia	Tambacounda	13.6667	-14.7333	0
Fadiyakounda	Tambacounda	13.65	-14.1667	0
Famara	Tambacounda	13.85	-13.6	0
Fanira	Tambacounda	14.1779	-12.2233	0
Farandi	Tambacounda	13.0167	-11.4167	0
Farikounda	Tambacounda	13.9667	-13.85	0
Fass	Tambacounda	13.6667	-14.7333	0
Fataïa	Tambacounda	12.8667	-11.4	0
Fatié	Tambacounda	13.3607	-11.6049	0
Fergo	Tambacounda	14.1629	-12.7162	0
Fidiobidji	Tambacounda	14.2225	-12.4648	0
Fissa	Tambacounda	14.4142	-12.3952	0
Fissa II	Tambacounda	14.42	-12.4569	0
Fodé Kounda	Tambacounda	13.55	-13.8833	0
Fogolou Paté	Tambacounda	13.4167	-13.45	0
Fogoulou Opa	Tambacounda	13.4167	-13.45	0
Fouldé	Tambacounda	14.2237	-12.1626	0
Franding	Tambacounda	13.0246	-11.4193	0
Féto Niébé	Tambacounda	14.2208	-12.6752	0
Féto Paté	Tambacounda	14.2684	-12.7635	0
Fétou Kodioli	Tambacounda	14.9496	-12.9953	0
Fété Galambi	Tambacounda	14.5604	-12.448	0
Gabou	Tambacounda	14.7278	-12.5254	0
Gabou	Tambacounda	14.7171	-12.4107	0
Gadapara	Tambacounda	13.2	-13.4833	0
Gailbandoa	Tambacounda	14.306	-12.4563	0
Gallo Koye	Tambacounda	13.6833	-14.7667	0
Galmbas	Tambacounda	14.5333	-14.3833	0
Galo	Tambacounda	13.3747	-12.4429	0
Galé	Tambacounda	13.8833	-14.4167	0
Galéabé	Tambacounda	14.2786	-12.7577	0
Gambaya	Tambacounda	13.0833	-13.45	0
Gambi	Tambacounda	13.95	-13.4833	0
Gambi Diaoubé	Tambacounda	14.4855	-12.4626	0
Gamon	Tambacounda	13.3427	-12.9173	0
Gandji	Tambacounda	14.7192	-12.555	0
Gangala	Tambacounda	14.706	-12.2169	0
Gangali	Tambacounda	13.7283	-12.731	0
Gaouane	Tambacounda	14.1	-14.4833	0
Garala	Tambacounda	14.4996	-12.686	0
Garuel	Tambacounda	13.75	-13.3333	0
Gatiari	Tambacounda	14.3089	-12.1042	0
Gaye Paradji	Tambacounda	14.2	-13.3	0
Gaye Tiali	Tambacounda	14.35	-13.4	0
Girigara	Tambacounda	13.8167	-13.9	0
Gnongnoya	Tambacounda	13.4573	-12.4918	0
Godiyel	Tambacounda	13.6833	-13.4333	0
Golmi	Tambacounda	14.8197	-12.346	0
Gonado	Tambacounda	14.5017	-12.7293	0
Gondiourou	Tambacounda	14.2406	-12.3429	0
Goniédji	Tambacounda	14.3957	-12.7598	0
Goudinseini	Tambacounda	13.6244	-12.992	0
Goudiri Foulbé	Tambacounda	14.1418	-12.7116	0
Goudiry	Tambacounda	14.1815	-12.718	6867
Gouidi	Tambacounda	14.05	-13.9333	0
Goulouguina	Tambacounda	13.7679	-12.1287	0
Gouloungua	Tambacounda	13.752	-12.2863	0
Goumbayél	Tambacounda	13.6833	-13.1667	0
Goumbo	Tambacounda	14.3087	-12.5843	0
Goumel	Tambacounda	14.1713	-12.98	0
Goumpéni	Tambacounda	14.5059	-12.2623	0
Goundafa	Tambacounda	13.8365	-12.31	0
Goundiour	Tambacounda	13.9833	-14.4333	0
Gounia	Tambacounda	14.8209	-12.4362	0
Gounta Diayer	Tambacounda	13.75	-14.8	0
Gourel Ablaye Diaw	Tambacounda	14.4095	-12.2963	0
Gourel Amadi Bokar	Tambacounda	14.05	-13.7	0
Gourel Amadi Boubou	Tambacounda	14.0667	-13.6833	0
Gourel Ari Khara	Tambacounda	14.3275	-12.2625	0
Gourel Bamba	Tambacounda	14.959	-12.6676	0
Gourel Bokari	Tambacounda	13.45	-13.4333	0
Gourel Bouli	Tambacounda	14.3567	-12.4543	0
Gourel Bouli	Tambacounda	14.3815	-12.4546	0
Gourel Bouna	Tambacounda	14.5846	-12.4381	0
Gourel Diadie	Tambacounda	13.7742	-13.6882	0
Gourel Dialoudé	Tambacounda	14.7866	-12.5739	0
Gourel Diawambé	Tambacounda	14.0895	-12.8985	0
Gourel Guiréye	Tambacounda	14.4962	-12.6526	0
Gourel Kéa	Tambacounda	14.1333	-13.6667	0
Gourel Maka	Tambacounda	14.5311	-12.9962	0
Gourel Mama Ndiaye	Tambacounda	14.5433	-12.45	0
Gourel Mamadou Barra	Tambacounda	14.4021	-12.2957	0
Gourel Mandiou	Tambacounda	14.7033	-12.3554	0
Gourel Matioudo	Tambacounda	14.3251	-12.5501	0
Gourel Omar	Tambacounda	14.3799	-12.8161	0
Gourel Sada Lilé	Tambacounda	14.2046	-12.7732	0
Gourel Sadio	Tambacounda	14.1042	-12.7522	0
Gourel Samba Abou	Tambacounda	14.2	-13.9667	0
Gourel Samba Coulibali	Tambacounda	14.3812	-12.4679	0
Gourel Samba Kétiéli	Tambacounda	14.9206	-12.9881	0
Gourel Sambara Maka	Tambacounda	14.2641	-12.5657	0
Gourel Saédi Mali	Tambacounda	14.1292	-12.6846	0
Gourel Seliki	Tambacounda	14.7646	-12.5778	0
Gourel Seydou Ndoula	Tambacounda	14.3179	-12.455	0
Gourel Slimané Dia	Tambacounda	14.1569	-12.6188	0
Gourel Tiama	Tambacounda	14.5349	-12.7388	0
Gourel Yoba	Tambacounda	13.4167	-13.4167	0
Gouta	Tambacounda	13.6203	-12.7158	0
Guemessoutou	Tambacounda	13.6833	-14.05	0
Guima	Tambacounda	14.3985	-12.8117	0
Guinguéneo	Tambacounda	13.4833	-13.5833	0
Guirobé	Tambacounda	14.4692	-12.2648	0
Guènté Vélingara	Tambacounda	14.05	-14.35	0
Guéda	Tambacounda	14.592	-12.7241	0
Guédékou	Tambacounda	14.2545	-12.2331	0
Guélodé	Tambacounda	14.077	-12.7634	0
Guémédji	Tambacounda	12.4425	-11.378	0
Guéssébové	Tambacounda	13.593	-12.0284	0
Guétié	Tambacounda	14.7641	-12.3756	0
Génoto	Tambacounda	13.55	-13.8167	0
Hamdalaye	Tambacounda	13.5833	-14.45	0
Hamdalaye	Tambacounda	13.5833	-13.55	0
Hamdalaye	Tambacounda	13.7667	-13.1167	0
Hamdallaye	Tambacounda	14.206	-12.2252	0
Hamdallaï Diapaldi	Tambacounda	13.4333	-13.4333	0
Hamdallaï Tessan	Tambacounda	13.6167	-13.5167	0
Hontorbé	Tambacounda	14.3667	-13.3333	0
Houro Imadou	Tambacounda	14.5151	-12.2208	0
Idakoto	Tambacounda	13.85	-13.5167	0
Inana	Tambacounda	13.9	-13.5167	0
Kabiliron	Tambacounda	14.0167	-13.9833	0
Kabokoto	Tambacounda	13.3167	-13.25	0
Kaboudiara	Tambacounda	13.4513	-12.8737	0
Kadiel	Tambacounda	14.6602	-12.3735	0
Kadiel Séoudou	Tambacounda	14.7822	-12.5397	0
Kafafi	Tambacounda	14.2	-13.4333	0
Kagnoubé	Tambacounda	13.5833	-13.2667	0
Kaho	Tambacounda	13.6667	-14.45	0
Kahène	Tambacounda	13.75	-14.7333	0
Kahé	Tambacounda	14.8453	-12.5612	0
Kalbirone	Tambacounda	13.9833	-14.0167	0
Kaldèm	Tambacounda	14.15	-13.4167	0
Kalom	Tambacounda	13.85	-14.2833	0
Kalébé	Tambacounda	13.7	-14.15	0
Kaléya	Tambacounda	13.6833	-14.55	0
Kanapé	Tambacounda	13.5667	-13.9167	0
Kanapétoko	Tambacounda	13.7167	-13.8167	0
Kandoniéma	Tambacounda	14.0905	-12.7404	0
Kandékounda	Tambacounda	13.5667	-14.05	0
Kandéri Niana	Tambacounda	13.75	-13.6333	0
Kanhanbé	Tambacounda	14.2346	-12.656	0
Kanimoussaya	Tambacounda	12.7839	-11.3998	0
Kanouma	Tambacounda	13.6333	-14.7167	0
Kaourou	Tambacounda	13.6196	-12.0426	0
Kaoutou	Tambacounda	13.382	-12.5494	0
Kaporta	Tambacounda	13.9012	-12.6699	0
Karamogobougou Sadirou	Tambacounda	13.7833	-13.75	0
Karé	Tambacounda	13.8702	-12.1607	0
Katob	Tambacounda	13.8167	-14.0833	0
Kawané	Tambacounda	13.3833	-13.3833	0
Kaya Koussan	Tambacounda	13.6667	-14.0667	0
Kayan	Tambacounda	13.3096	-12.3215	0
Kaèl	Tambacounda	13.75	-14.7333	0
Kaïpongal	Tambacounda	14.2833	-13.8667	0
Keur Biram Pinda	Tambacounda	14.1667	-14.5167	0
Keur Boubou	Tambacounda	14.4667	-14.55	0
Keur Gouli	Tambacounda	13.85	-14.6833	0
Keur Modou Diba	Tambacounda	14.1833	-14.5333	0
Keur Samba Ndom	Tambacounda	14.15	-14.5	0
Keur Sini	Tambacounda	13.7333	-14.8	0
Kidiba	Tambacounda	13.6667	-13.7	0
Kidira	Tambacounda	14.4567	-12.2166	13551
Kipi	Tambacounda	13.5529	-12.5267	0
Kipou Sissongo	Tambacounda	14.05	-13.0833	0
Kipounigali	Tambacounda	14.236	-12.6472	0
Kipoussouleye	Tambacounda	14.2872	-12.4699	0
Kissan	Tambacounda	13.8667	-14.5833	0
Koar	Tambacounda	13.8167	-13.2833	0
Koba	Tambacounda	13.81	-12.1252	0
Koba	Tambacounda	14.6599	-12.3113	0
Kodiadian	Tambacounda	13.5694	-12.0019	0
Kodiam	Tambacounda	13.7333	-14.65	0
Kodiamo	Tambacounda	13.6667	-13.5667	0
Kofadou	Tambacounda	13.5755	-12.5017	0
Kolibantan	Tambacounda	13.6667	-14.25	0
Kolinnkan	Tambacounda	13.4833	-14.2167	0
Koliya	Tambacounda	12.9784	-11.4136	0
Kolomba	Tambacounda	14.0833	-13.95	0
Kolondine	Tambacounda	13.7167	-13.9167	0
Komoti	Tambacounda	13.6637	-12.9173	0
Konkotou	Tambacounda	13.654	-12.0879	0
Konkouli	Tambacounda	13.15	-13.4833	0
Konté	Tambacounda	13.65	-14.6833	0
Koromadi	Tambacounda	13.8333	-13.55	0
Korédia Diaka	Tambacounda	13.7333	-14.0	0
Korékoro	Tambacounda	14.1398	-12.2174	0
Koréra	Tambacounda	14.9186	-12.5111	0
Kotiari	Tambacounda	13.9	-13.45	4243
Kotié	Tambacounda	13.6338	-12.7759	0
Kotié Nord	Tambacounda	13.6726	-12.7662	0
Koudi	Tambacounda	14.036	-12.7689	0
Koukari	Tambacounda	13.7667	-13.7167	0
Koukoma	Tambacounda	13.6243	-12.0822	0
Koukou	Tambacounda	13.7333	-14.5167	0
Koukoukolo	Tambacounda	13.6	-13.9833	0
Koukouyel	Tambacounda	14.3167	-14.5833	0
Koular	Tambacounda	13.3667	-13.6	0
Koularé	Tambacounda	13.5167	-13.7667	0
Koulor	Tambacounda	14.065	-12.8578	0
Koumaré	Tambacounda	13.9	-14.3833	0
Koumbakoulou	Tambacounda	13.55	-13.7167	0
Koumbiya	Tambacounda	13.8333	-14.0833	0
Koumpentoum	Tambacounda	13.9833	-14.5667	15723
Koundan	Tambacounda	13.5973	-12.4425	0
Koundel	Tambacounda	13.7833	-13.2167	0
Koundiao	Tambacounda	13.7833	-14.5333	0
Koungala	Tambacounda	14.2833	-13.4167	0
Koungani	Tambacounda	14.8415	-12.3992	0
Kounghany	Tambacounda	14.8119	-12.3885	0
Kountiakolo	Tambacounda	13.8333	-14.0	0
Kountiao Souaré	Tambacounda	13.5333	-14.4167	0
Kountouata	Tambacounda	13.7	-14.5833	0
Kouonko Doua	Tambacounda	13.5833	-14.0167	0
Kouroundi	Tambacounda	13.4824	-11.9038	0
Kouré Kountou	Tambacounda	13.2667	-13.3167	0
Koussalan	Tambacounda	13.7667	-14.3167	0
Koussalang	Tambacounda	13.6	-14.4667	0
Koussanar	Tambacounda	13.8667	-14.0833	0
Koussanar Ndi	Tambacounda	14.0	-13.9833	0
Koussane	Tambacounda	14.1314	-12.4451	0
Koussola	Tambacounda	13.3675	-11.9501	0
Koutenabé	Tambacounda	14.2579	-12.5442	0
Koutia	Tambacounda	14.0333	-13.9667	0
Koutia	Tambacounda	14.0667	-13.1333	0
Koutia	Tambacounda	13.8667	-13.5667	0
Koutia Ba	Tambacounda	14.1833	-14.4667	0
Koutia Gaïdi	Tambacounda	14.1333	-14.1833	0
Koutiakoto	Tambacounda	14.0167	-13.9833	0
Koyniguel	Tambacounda	14.8105	-12.7166	0
Koïli	Tambacounda	13.75	-14.7833	0
Kélin Boulidiaro	Tambacounda	13.0833	-13.4667	0
Kélékounda	Tambacounda	13.5667	-13.65	0
Kéniéba	Tambacounda	14.0983	-12.0595	0
Kéniéko	Tambacounda	13.3823	-12.0597	0
Kéniékéniébanding	Tambacounda	13.371	-11.8735	0
Kéravane	Tambacounda	14.0167	-13.4167	0
Kérouané	Tambacounda	13.6333	-13.85	0
Kérouané	Tambacounda	13.85	-13.5333	0
Kéwé	Tambacounda	12.45	-12.7333	0
Lago	Tambacounda	14.1928	-12.2196	0
Lalli	Tambacounda	14.1126	-12.1931	0
Lama	Tambacounda	14.1167	-13.6667	0
Lama Kibel	Tambacounda	13.6667	-14.4667	0
Lama Peul	Tambacounda	13.6833	-14.4833	0
Lamina	Tambacounda	13.6055	-12.0264	0
Lamouèye	Tambacounda	13.1833	-13.4667	0
Lamoye Badara	Tambacounda	13.8333	-13.45	0
Larédji	Tambacounda	13.6	-13.6167	0
Likounda	Tambacounda	13.7833	-13.8333	0
Lingokoto	Tambacounda	13.1405	-11.5085	0
Linkolé	Tambacounda	14.1697	-12.602	0
Linkoné	Tambacounda	14.071	-12.5716	0
Lista	Tambacounda	14.9554	-12.9255	0
Lofé	Tambacounda	14.35	-14.0667	0
Lonbi	Tambacounda	14.1458	-12.2875	0
Lonbol	Tambacounda	14.7243	-12.5543	0
Loridji	Tambacounda	14.2305	-12.9149	0
Lougoundo	Tambacounda	13.4577	-12.443	0
Lougué	Tambacounda	14.0697	-12.9426	0
Loumbi	Tambacounda	14.1267	-12.7263	0
Loumbi	Tambacounda	14.45	-14.25	0
Loumbi Sadio	Tambacounda	14.064	-12.767	0
Loumbol	Tambacounda	14.4	-14.6	0
Loumbol Alessek	Tambacounda	14.3167	-14.5167	0
Loumboul Tobito	Tambacounda	14.7653	-12.5812	0
Lountyi	Tambacounda	13.8333	-13.0333	0
Léoba	Tambacounda	13.5422	-12.0474	0
Léwa Diafoulbé	Tambacounda	14.295	-12.7081	0
Léwa Diawandélé	Tambacounda	14.2999	-12.7002	0
Madiali	Tambacounda	13.5	-13.5667	0
Madifatouma	Tambacounda	13.5778	-12.8849	0
Madina	Tambacounda	13.9833	-14.5333	0
Madina	Tambacounda	13.8667	-13.5333	0
Madina Amadi Sédi	Tambacounda	14.2297	-12.7667	0
Madina Amadé Malik	Tambacounda	13.95	-13.5167	0
Madina Diaka	Tambacounda	13.8	-13.9667	0
Madina Diam	Tambacounda	13.5667	-13.5667	0
Madina Foulbé	Tambacounda	13.8518	-12.0809	0
Madina Kodiolani	Tambacounda	13.6054	-12.6204	0
Madina Maboulé	Tambacounda	13.8167	-13.75	0
Madina Manfinn	Tambacounda	13.6333	-13.7333	0
Madina Niana	Tambacounda	13.8333	-13.75	0
Madina Ouli	Tambacounda	13.6833	-14.1167	0
Madina Sibikili	Tambacounda	13.6833	-13.6833	0
Madina Tiacol	Tambacounda	14.0433	-12.1901	0
Madina Yéro	Tambacounda	13.4333	-13.6667	0
Madina-Diaka	Tambacounda	13.8572	-12.9083	0
Madjé	Tambacounda	14.5667	-13.2	0
Maka	Tambacounda	13.6667	-14.2833	0
Makabing	Tambacounda	13.4333	-13.7	0
Makabé Koniadji	Tambacounda	13.4333	-13.6833	0
Makabé Sidi	Tambacounda	13.4167	-13.6833	0
Makacoulibatang	Tambacounda	13.647	-14.2521	0
Makakoto	Tambacounda	13.7333	-14.25	0
Makandi	Tambacounda	13.6167	-14.2167	0
Makayaya	Tambacounda	13.65	-13.4833	0
Malem Ba	Tambacounda	14.1833	-14.3167	0
Malèm	Tambacounda	14.2167	-13.4333	0
Malèm Niani	Tambacounda	13.9333	-14.3	2080
Mama Ndao	Tambacounda	14.5055	-12.3395	0
Mamadou Koupa	Tambacounda	13.7167	-13.3	0
Mamboya	Tambacounda	13.1833	-13.4333	0
Mamoussoulé	Tambacounda	14.4167	-13.3833	0
Mandiankounda	Tambacounda	13.5667	-13.9	0
Manigui	Tambacounda	13.5167	-14.2167	0
Mansa Dala	Tambacounda	13.2833	-13.0167	0
Mantiabou	Tambacounda	14.9566	-12.4942	0
Mapagne	Tambacounda	13.6833	-14.3833	0
Maramasita	Tambacounda	13.6127	-12.4268	0
Marsa	Tambacounda	14.723	-12.339	0
Marékounda	Tambacounda	13.6833	-14.0333	0
Maréoua	Tambacounda	12.6833	-13.1	0
Massadala	Tambacounda	13.2891	-12.9413	0
Massakounda	Tambacounda	13.5076	-12.0116	0
Massembé	Tambacounda	13.7667	-14.6167	0
Mayel Vanibabé	Tambacounda	14.4333	-13.0333	0
Maéli Dibi	Tambacounda	13.8833	-13.6833	0
Maïl	Tambacounda	14.8376	-12.5447	0
Maïna	Tambacounda	13.4833	-13.6833	0
Mbaiti	Tambacounda	13.7333	-14.75	0
Mbaké Nabé	Tambacounda	14.2444	-12.6442	0
Mbaniou	Tambacounda	14.5066	-12.7832	0
Mbaro	Tambacounda	13.6667	-14.7667	0
Mbaïladji	Tambacounda	14.2601	-12.7775	0
Mboul	Tambacounda	14.05	-13.9167	0
Mbouro	Tambacounda	13.7	-14.1667	0
Mbouromassi	Tambacounda	13.6167	-14.3167	0
Missira	Tambacounda	13.8	-13.7667	0
Missira	Tambacounda	14.25	-14.5667	0
Missira	Tambacounda	13.5333	-13.5167	0
Missira Damantan	Tambacounda	12.9667	-13.3667	0
Missira Diaka	Tambacounda	13.15	-13.4333	0
Missira Samba Yissé	Tambacounda	14.809	-12.4481	0
Mofoti	Tambacounda	13.5333	-13.6333	0
Mori	Tambacounda	13.7333	-14.55	0
Moribougou	Tambacounda	14.837	-12.4618	0
Moroye	Tambacounda	14.05	-13.5667	0
Mountabou	Tambacounda	13.6667	-13.6167	0
Moussala	Tambacounda	13.1907	-11.5043	0
Moussala	Tambacounda	12.9163	-11.4062	0
Moussala	Tambacounda	13.6925	-12.0598	0
Mpas	Tambacounda	14.1833	-13.9667	0
Mâyél Dibi	Tambacounda	13.8833	-13.6333	0
Médina Abolou	Tambacounda	13.7667	-14.7667	0
Médina Samba Gouro	Tambacounda	14.7796	-12.5726	0
Mérékoto	Tambacounda	14.05	-13.4	0
Méréto	Tambacounda	13.8167	-14.45	0
Namandéri	Tambacounda	14.9131	-12.5943	0
Nanganam	Tambacounda	14.1667	-13.0333	0
Nanine Koye	Tambacounda	14.1	-14.5167	0
Nankilan	Tambacounda	13.8167	-14.1833	0
Naoudé	Tambacounda	13.8667	-13.35	0
Nassiné	Tambacounda	13.5333	-14.2667	0
Nayon Diam Poulo	Tambacounda	14.4333	-14.55	0
Nayon Keur Kadi	Tambacounda	14.4333	-14.5667	0
Nayon Madou	Tambacounda	14.4167	-14.55	0
Nayé	Tambacounda	14.4185	-12.208	0
Nboutembou	Tambacounda	13.6	-14.3333	0
Ndarou Diobène	Tambacounda	13.8667	-13.3333	0
Ndatou	Tambacounda	14.1	-14.3	0
Ndia	Tambacounda	14.5557	-12.7498	0
Ndiabak	Tambacounda	13.7833	-14.1167	0
Ndiakone	Tambacounda	14.4837	-12.7493	0
Ndiaré	Tambacounda	14.0167	-14.2333	0
Ndiavène	Tambacounda	13.8333	-14.6	0
Ndiayel	Tambacounda	13.65	-14.55	0
Ndiayène	Tambacounda	13.7	-14.75	0
Ndiayène Bamba	Tambacounda	13.8167	-14.6167	0
Ndiayène Diam Diam	Tambacounda	13.8667	-14.6667	0
Ndiobène	Tambacounda	14.0	-13.4167	0
Ndoga	Tambacounda	13.75	-14.1	0
Ndougossine	Tambacounda	13.7	-14.3333	0
Ndoussoua	Tambacounda	13.6167	-14.4	0
Neteboulou	Tambacounda	13.5788	-13.7853	0
Ngabitol	Tambacounda	14.5167	-14.6	0
Ngari Ali	Tambacounda	14.4109	-12.9064	0
Ngayène Hamdalaye	Tambacounda	14.1167	-14.5	0
Nguéyène	Tambacounda	13.9	-14.5667	0
Nguéyène	Tambacounda	13.8167	-14.6333	0
Niakabana	Tambacounda	13.3844	-11.6752	0
Niala Baoudé	Tambacounda	14.3167	-13.7333	0
Nianakounda	Tambacounda	13.6667	-13.65	0
Niaoulé	Tambacounda	13.4833	-13.65	0
Niaoulé Bayéko	Tambacounda	13.6333	-13.5333	0
Ninefecha	Tambacounda	12.5387	-12.3106	0
Niokolo-Koba	Tambacounda	13.0771	-12.7271	0
Nioufaye	Tambacounda	13.2667	-13.2	0
Niounhani	Tambacounda	13.1667	-13.2	0
Niédébel	Tambacounda	14.5322	-12.2827	0
Niénoko	Tambacounda	13.5473	-11.9802	0
Noubou	Tambacounda	12.4801	-12.8147	0
Noumouyél	Tambacounda	13.7	-13.3667	0
Néma	Tambacounda	13.4667	-13.6833	0
Némataba	Tambacounda	13.5833	-13.9167	0
Némataba	Tambacounda	13.5667	-13.8833	0
N’Jalal	Tambacounda	13.6167	-14.4667	0
Ololdou	Tambacounda	14.832	-12.5234	0
Oualia	Tambacounda	13.5333	-14.3833	0
Ouassa-Ouassa	Tambacounda	13.6534	-12.0418	0
Oubol	Tambacounda	14.4857	-12.3013	0
Oumbaré	Tambacounda	13.7195	-12.4103	0
Oundou Baba	Tambacounda	14.9654	-12.6118	0
Oundoudou	Tambacounda	13.7	-13.5167	0
Oundoudou Niakandiata	Tambacounda	13.6833	-13.5333	0
Oundoundou Amadou Baba	Tambacounda	13.6667	-13.55	0
Oundoundou Amirou	Tambacounda	13.65	-13.55	0
Ouok Ouok	Tambacounda	14.0833	-13.8667	0
Oura Soulé	Tambacounda	14.4988	-12.3918	0
Ouri Moudiri	Tambacounda	14.2	-13.7667	0
Ouro Alfa	Tambacounda	14.2833	-13.7667	0
Ouro Ali	Tambacounda	14.0833	-13.85	0
Ouro Amat	Tambacounda	14.8444	-12.9733	0
Ouro Baïdi Diénaba	Tambacounda	14.1436	-12.7344	0
Ouro Daouda	Tambacounda	14.1694	-12.6251	0
Ouro Demba Binnta	Tambacounda	14.0167	-13.7	0
Ouro Demba Niama	Tambacounda	14.25	-13.75	0
Ouro Dialoubé	Tambacounda	14.1833	-13.8	0
Ouro Idi	Tambacounda	14.1576	-12.6185	0
Ouro Kaba	Tambacounda	14.3	-12.8233	0
Ouro Mamadou Dinba	Tambacounda	14.0922	-12.633	0
Ouro Molo	Tambacounda	14.15	-13.8	0
Ouro Sily	Tambacounda	13.974	-12.6479	0
Ouro Singa	Tambacounda	14.3808	-12.987	0
Ouro Siré	Tambacounda	14.4	-13.05	0
Ouro Sori Dala	Tambacounda	14.2	-13.8	0
Ouro Séano	Tambacounda	14.2667	-13.75	0
Ouro Sékouro	Tambacounda	14.15	-13.8167	0
Ouro Tiédel	Tambacounda	14.3333	-13.8333	0
Ouro Wali	Tambacounda	14.25	-13.6833	0
Pada	Tambacounda	13.8167	-13.85	0
Padiara	Tambacounda	13.9167	-13.4833	0
Pakali	Tambacounda	13.6167	-13.6333	0
Pakirane	Tambacounda	13.9	-14.1333	0
Pakéba	Tambacounda	13.55	-14.3667	0
Pakéba Maka Sissé	Tambacounda	13.55	-14.3	0
Palagué	Tambacounda	14.2	-14.3833	0
Panal	Tambacounda	14.3167	-14.4333	0
Paniat	Tambacounda	14.0167	-14.1833	0
Paniat Bouré	Tambacounda	13.9667	-14.0667	0
Paniat Diaobé	Tambacounda	13.9667	-14.0667	0
Pantiagniédié	Tambacounda	14.5167	-13.35	0
Paraouol	Tambacounda	14.3667	-13.8167	0
Parempémpé	Tambacounda	13.8667	-14.4833	0
Pass Ndongo	Tambacounda	13.7167	-14.1167	0
Patelane	Tambacounda	14.1	-14.2167	0
Patiab	Tambacounda	13.7333	-14.1167	0
Patoulane Ouolof	Tambacounda	13.85	-14.2333	0
Patoulane Peul	Tambacounda	13.8667	-14.2333	0
Payar	Tambacounda	14.45	-14.5	0
Pendakaré	Tambacounda	13.7	-13.75	0
Petel Bodi	Tambacounda	13.65	-14.5167	0
Pir	Tambacounda	14.0167	-14.15	0
Pir	Tambacounda	14.05	-14.15	0
Rahel Torodé	Tambacounda	14.0	-13.0667	0
Rehahi	Tambacounda	14.4167	-14.4	0
Rinkori	Tambacounda	14.4734	-12.8367	0
Rolore	Tambacounda	13.9833	-13.4167	0
Sabaké	Tambacounda	13.8167	-13.9667	0
Sabalor	Tambacounda	13.6667	-13.3667	0
Sabikassé	Tambacounda	13.7667	-13.2167	0
Saboussiré Foulbé	Tambacounda	14.9235	-12.5988	0
Saboussiré Gatiari	Tambacounda	14.3326	-12.1093	0
Sadiou Boulou	Tambacounda	13.8	-13.95	0
Safalou	Tambacounda	13.4667	-13.0833	0
Safalou I	Tambacounda	13.5	-13.6333	0
Safalou II	Tambacounda	13.5	-13.5833	0
Sako	Tambacounda	14.3667	-14.6167	0
Sako	Tambacounda	14.3385	-12.3745	0
Salemboulou	Tambacounda	13.7833	-13.5333	0
Samadala	Tambacounda	13.6021	-12.078	0
Samakou Dara	Tambacounda	14.1998	-12.1231	0
Samba Diari	Tambacounda	13.9167	-14.2833	0
Samba Kolo	Tambacounda	14.0167	-13.5667	0
Samba Kontaye	Tambacounda	14.6729	-12.4449	0
Samba Niamé	Tambacounda	14.7674	-12.4417	0
Samba Sérèr	Tambacounda	14.05	-13.55	0
Samba Yabé	Tambacounda	14.25	-13.9	0
Sambadian	Tambacounda	13.8167	-13.6333	0
Sambakolo	Tambacounda	14.2228	-12.3811	0
Sambangaye	Tambacounda	13.5833	-14.3333	0
Sambayayé	Tambacounda	14.0048	-12.1951	0
Samboko	Tambacounda	13.4129	-12.0597	0
Sambéri	Tambacounda	13.7333	-13.9833	0
Samé	Tambacounda	13.6681	-12.4705	0
Samé	Tambacounda	13.3112	-11.5943	0
Samé	Tambacounda	13.5696	-12.8298	0
Samékouta	Tambacounda	13.75	-13.7833	0
Sanbangaye	Tambacounda	13.5667	-14.3333	0
Sanbanoura	Tambacounda	14.1461	-12.2168	0
Sandikouba	Tambacounda	13.5594	-12.0955	0
Sandikéring	Tambacounda	13.55	-14.1333	0
Sandoumana	Tambacounda	13.6167	-14.3	0
Sangabari	Tambacounda	13.5833	-14.1833	0
Sanoukholé	Tambacounda	14.3977	-12.2002	0
Sansakoto	Tambacounda	13.6833	-14.2833	0
Sansandé	Tambacounda	13.9282	-12.2148	0
Santiou Diadia	Tambacounda	14.1333	-14.5	0
Santiou Saléou Gaye	Tambacounda	14.1333	-14.5	0
Sao	Tambacounda	13.5833	-14.3667	0
Sara Amadi Demba	Tambacounda	14.2667	-13.75	0
Sara Dadi	Tambacounda	13.7	-14.2	0
Sara Koli	Tambacounda	13.75	-14.0167	0
Sara Moudé	Tambacounda	13.6667	-14.2	0
Sarabakounda	Tambacounda	13.5833	-14.2	0
Saraboudé	Tambacounda	13.5667	-13.6167	0
Saradiémi	Tambacounda	13.85	-13.2833	0
Sarakolé	Tambacounda	13.5	-14.2833	0
Sarangaba	Tambacounda	13.6667	-14.2	0
Saroudia	Tambacounda	13.4808	-12.9129	0
Saroudia	Tambacounda	13.5	-13.55	0
Sarré	Tambacounda	14.6722	-12.3756	0
Saré	Tambacounda	14.1204	-12.733	0
Saré Ali	Tambacounda	13.7167	-14.2167	0
Saré Ansoumane	Tambacounda	13.2167	-13.4833	0
Saré Bamoul	Tambacounda	13.7667	-13.95	0
Saré Barka	Tambacounda	13.9167	-13.6167	0
Saré Bondié	Tambacounda	13.6167	-13.8667	0
Saré Bouné	Tambacounda	13.5667	-13.8667	0
Saré Boédo	Tambacounda	14.4167	-14.5833	0
Saré Demba	Tambacounda	13.8833	-14.1	0
Saré Diamé	Tambacounda	13.5167	-14.3167	0
Saré Diaméré	Tambacounda	13.6833	-13.75	0
Saré Diaméré	Tambacounda	13.6333	-13.8	0
Saré Diouldé	Tambacounda	14.1167	-13.8167	0
Saré Dobo	Tambacounda	13.55	-14.4167	0
Saré Dédi	Tambacounda	13.7	-13.9833	0
Saré Eli	Tambacounda	13.5333	-14.1667	0
Saré Eli Sandi	Tambacounda	13.6167	-14.1167	0
Saré Faré	Tambacounda	13.8667	-13.8667	0
Saré Gaye	Tambacounda	13.9667	-13.9833	0
Saré Goubou	Tambacounda	13.8833	-14.05	0
Saré Guéda	Tambacounda	13.9333	-14.0833	0
Saré Guéda	Tambacounda	13.7333	-13.7833	0
Saré Ifra	Tambacounda	13.8667	-13.7333	0
Saré Kali	Tambacounda	13.6167	-13.8667	0
Saré Kali	Tambacounda	13.7	-13.6	0
Saré Kidi	Tambacounda	13.7	-14.0667	0
Saré Kilika	Tambacounda	13.55	-14.2	0
Saré Koli Kassa	Tambacounda	13.5333	-14.2667	0
Saré Kolinnka	Tambacounda	13.55	-14.1	0
Saré Lagni	Tambacounda	14.4	-14.35	0
Saré Madi	Tambacounda	13.7	-13.6333	0
Saré Mala	Tambacounda	13.5333	-14.2167	0
Saré Malal	Tambacounda	13.6833	-13.7333	0
Saré Manfinn	Tambacounda	13.6833	-13.6667	0
Saré Mbalté	Tambacounda	13.9667	-14.0833	0
Saré Mbassou	Tambacounda	14.4167	-14.3167	0
Saré Mfali	Tambacounda	13.7167	-14.45	0
Saré Modi	Tambacounda	13.8833	-13.7	0
Saré Mola	Tambacounda	13.6833	-14.05	0
Saré Moodié	Tambacounda	13.65	-14.7167	0
Saré Moudou	Tambacounda	13.7	-13.6167	0
Saré Moussa	Tambacounda	13.85	-13.75	0
Saré Ngaye	Tambacounda	13.9333	-14.0333	0
Saré Ngueye	Tambacounda	13.8833	-13.65	0
Saré Niana	Tambacounda	13.9	-13.6333	0
Saré Niana	Tambacounda	13.7333	-13.7333	0
Saré Niara	Tambacounda	13.6167	-13.85	0
Saré Okéré	Tambacounda	13.7	-14.2167	0
Saré Ouali	Tambacounda	13.6667	-14.6167	0
Saré Ouri	Tambacounda	13.85	-13.8667	0
Saré Ouro	Tambacounda	13.5833	-13.9667	0
Saré Ousmane	Tambacounda	13.9	-14.1167	0
Saré Saloum	Tambacounda	13.6667	-13.6667	0
Saré Sambadiouka	Tambacounda	13.7167	-14.0667	0
Saré Sambourou	Tambacounda	13.9167	-14.05	0
Saré Sapenda	Tambacounda	13.7333	-14.0167	0
Saré Saradou	Tambacounda	13.6	-14.1833	0
Saré Saédou	Tambacounda	13.6667	-14.4	0
Saré Sidi	Tambacounda	13.5667	-14.0333	0
Saré Sikouna	Tambacounda	14.2	-14.1167	0
Saré Sossé	Tambacounda	14.1833	-14.15	0
Saré Souka	Tambacounda	13.6667	-13.7667	0
Saré Séri	Tambacounda	13.7167	-14.75	0
Saré Tamou	Tambacounda	14.05	-13.8833	0
Saré Tierno	Tambacounda	13.9167	-13.6	0
Saré Tiernon	Tambacounda	13.8	-14.6667	0
Saré Tileul	Tambacounda	13.75	-14.0333	0
Saré Tounké	Tambacounda	13.6	-13.7333	0
Saré Wali	Tambacounda	13.5833	-13.9667	0
Saré Yéromori	Tambacounda	13.9333	-14.0167	0
Satadougou Bafé	Tambacounda	12.6434	-11.4186	0
Sayansoutou	Tambacounda	13.3914	-11.6442	0
Sil	Tambacounda	14.2	-14.55	0
Silabé	Tambacounda	13.8333	-13.4167	0
Silamé	Tambacounda	13.65	-14.4667	0
Simbani	Tambacounda	13.5667	-13.35	0
Simenti	Tambacounda	13.0333	-13.3	0
Sinnki Sambadao	Tambacounda	13.7167	-14.2167	0
Sinnki Souméta	Tambacounda	13.6	-14.4667	0
Sinnsan Sambakourou	Tambacounda	13.3667	-13.6	0
Sinntial Maboubé	Tambacounda	14.2333	-13.35	0
Sinntiou Bakari	Tambacounda	13.9805	-12.823	0
Sinntiou Bankou	Tambacounda	13.4634	-12.8345	0
Sinntiou Diohé	Tambacounda	14.122	-12.4469	0
Sinntiou Faoura	Tambacounda	13.3384	-12.9298	0
Sinntiou Foulbé	Tambacounda	13.9836	-12.7426	0
Sinntiou Galo	Tambacounda	13.3964	-12.451	0
Sinntiou Gaya	Tambacounda	13.9105	-12.8646	0
Sinntiou Hara	Tambacounda	13.9663	-12.8157	0
Sinntiou Hiérikounda Kinndéméri	Tambacounda	13.4712	-12.5295	0
Sinntiou Kotié	Tambacounda	13.4042	-12.8659	0
Sinntiou Maka	Tambacounda	13.5516	-12.2843	0
Sinntiou Omar Lilé	Tambacounda	14.2055	-12.7736	0
Sinntiou Saga	Tambacounda	13.6285	-12.8267	0
Sinntiou Salo	Tambacounda	13.4033	-12.4974	0
Sinntiou Toura	Tambacounda	13.9868	-12.809	0
Sinntiou Vélinngara	Tambacounda	13.5545	-12.1215	0
Sinntiou-Dianké-Makam	Tambacounda	13.4284	-12.8655	0
Sinntiou-Mamadou	Tambacounda	13.5117	-12.5339	0
Sintiou Alassané	Tambacounda	14.149	-12.6483	0
Sintiou Amal Ali	Tambacounda	14.1333	-13.6333	0
Sintiou Amat Modi	Tambacounda	14.3833	-13.0333	0
Sintiou Baba	Tambacounda	13.9333	-14.55	0
Sintiou Baba	Tambacounda	14.247	-12.7914	0
Sintiou Bacary	Tambacounda	14.0076	-12.9547	0
Sintiou Bakar Ali	Tambacounda	14.0733	-12.9267	0
Sintiou Barinabé	Tambacounda	14.1833	-13.6	0
Sintiou Bay Ladji	Tambacounda	14.1485	-12.7344	0
Sintiou Bilali	Tambacounda	14.3	-13.5167	0
Sintiou Bocar Samb	Tambacounda	14.049	-12.9407	0
Sintiou Bodel	Tambacounda	14.228	-12.7766	0
Sintiou Bokar Ali	Tambacounda	14.2333	-13.5667	0
Sintiou Bokar Kobor	Tambacounda	14.0833	-13.1833	0
Sintiou Boubou	Tambacounda	14.1535	-12.6551	0
Sintiou Damba	Tambacounda	13.9167	-13.9	0
Sintiou Demba	Tambacounda	14.1565	-12.752	0
Sintiou Demba	Tambacounda	14.4	-13.05	0
Sintiou Demba	Tambacounda	14.2029	-12.7639	0
Sintiou Demba Saïdou	Tambacounda	14.0333	-13.4	0
Sintiou Dembaya	Tambacounda	13.6833	-14.5167	0
Sintiou Dené Ndao	Tambacounda	14.1	-14.2167	0
Sintiou Dialiguel	Tambacounda	14.5605	-12.203	0
Sintiou Dialo	Tambacounda	13.75	-13.7833	0
Sintiou Dialégué	Tambacounda	13.85	-13.8667	0
Sintiou Diamé	Tambacounda	13.5167	-14.2667	0
Sintiou Diara	Tambacounda	13.9	-13.4833	0
Sintiou Diolo	Tambacounda	13.85	-14.1167	0
Sintiou Dioye	Tambacounda	14.4688	-12.243	0
Sintiou Diéli	Tambacounda	14.4167	-13.1667	0
Sintiou Doubel	Tambacounda	14.3167	-13.4167	0
Sintiou Doubé	Tambacounda	14.182	-12.7623	0
Sintiou Dourinabé	Tambacounda	14.2667	-13.5333	0
Sintiou Déboukoulé	Tambacounda	14.635	-12.1508	0
Sintiou Eré Siré	Tambacounda	14.1043	-12.6459	0
Sintiou Fas	Tambacounda	14.0667	-14.5167	0
Sintiou Fass	Tambacounda	13.9	-14.1667	0
Sintiou Fissa	Tambacounda	14.3882	-12.371	0
Sintiou Gadéri	Tambacounda	13.6333	-13.0667	0
Sintiou Ganiado	Tambacounda	14.2167	-13.7333	0
Sintiou Godiouol	Tambacounda	13.9	-13.5167	0
Sintiou Godor Sow	Tambacounda	14.1	-14.2	0
Sintiou Gourou	Tambacounda	13.8333	-13.5667	0
Sintiou Idi	Tambacounda	14.2549	-12.8055	0
Sintiou Kagnoubé	Tambacounda	13.1667	-13.0833	0
Sintiou Kolinka	Tambacounda	13.65	-13.9167	0
Sintiou Kolonto	Tambacounda	13.7833	-14.7167	0
Sintiou Kotiari	Tambacounda	13.7	-13.55	0
Sintiou Maka	Tambacounda	14.1777	-12.6111	0
Sintiou Maka	Tambacounda	13.8333	-13.1333	0
Sintiou Maka	Tambacounda	14.1333	-12.711	0
Sintiou Malèm	Tambacounda	13.8167	-13.9167	0
Sintiou Mamadou Boubou	Tambacounda	14.2774	-12.8094	0
Sintiou Mamadou Siré	Tambacounda	14.0119	-12.79	0
Sintiou Maniki	Tambacounda	13.5167	-14.2167	0
Sintiou Modi	Tambacounda	13.6167	-13.75	0
Sintiou Mâyél	Tambacounda	13.8833	-13.8667	0
Sintiou Médina	Tambacounda	13.4833	-14.3	0
Sintiou Naba	Tambacounda	13.75	-13.6167	0
Sintiou Oumar Diara	Tambacounda	13.9833	-13.5833	0
Sintiou Oumarou	Tambacounda	13.7167	-13.6	0
Sintiou Sadiali	Tambacounda	13.8167	-14.0833	0
Sintiou Samba Diallo	Tambacounda	13.5333	-14.35	0
Sintiou Samba Ndiardé	Tambacounda	14.3457	-12.3576	0
Sintiou Samba Toulou	Tambacounda	14.1	-13.8333	0
Sintiou Sanbassira	Tambacounda	13.5167	-14.2	0
Sintiou Sapane	Tambacounda	14.1667	-14.4167	0
Sintiou Seydou Ndoula	Tambacounda	14.3044	-12.4563	0
Sintiou Soufa	Tambacounda	13.6667	-13.9667	0
Sintiou Tapsirou	Tambacounda	14.3767	-12.8259	0
Sintiou Tiapato	Tambacounda	13.9	-13.6833	0
Sintiou Tierno	Tambacounda	13.6	-13.45	0
Sintiou Yalabé	Tambacounda	14.3333	-13.7167	0
Sintiou Yoro Mbaye	Tambacounda	14.1957	-12.3448	0
Sintiou Yérédé	Tambacounda	13.7	-13.4333	0
Sintiân Daouadi	Tambacounda	14.2	-13.9333	0
Sintiân Doué	Tambacounda	12.75	-13.2833	0
Sintiân Labé	Tambacounda	13.15	-13.4833	0
Sintiân Sili	Tambacounda	12.95	-13.35	0
Siné	Tambacounda	13.5833	-13.9167	0
Sira	Tambacounda	14.7318	-12.5183	0
Sira Doundou Barka	Tambacounda	14.71	-12.5332	0
Sirman Diala	Tambacounda	13.85	-13.9167	0
Sissao	Tambacounda	13.6833	-14.0333	0
Sissékounda	Tambacounda	13.5667	-14.4333	0
Sitabanta	Tambacounda	14.1082	-12.2046	0
Sitadian	Tambacounda	13.85	-13.8667	0
Sitakourou	Tambacounda	13.6333	-14.3333	0
Sitaoulé	Tambacounda	13.4	-13.4833	0
Sitaoulé Bouré Kamara	Tambacounda	13.6333	-13.7167	0
Sitaoulé Yéradiala	Tambacounda	13.65	-13.7	0
Sitokoto	Tambacounda	13.7667	-13.7333	0
Sitouama	Tambacounda	13.3667	-13.0	0
Siwiabé	Tambacounda	14.4406	-12.7934	0
Sohol	Tambacounda	14.4636	-12.7842	0
Sonfara	Tambacounda	13.6533	-12.1821	0
Sonkounkou	Tambacounda	13.385	-11.8931	0
Soréto Saboussiré	Tambacounda	13.4904	-11.9088	0
Sotokoto Boulou	Tambacounda	13.65	-13.7333	0
Souaré Kounda	Tambacounda	13.6833	-13.9833	0
Soubakounda	Tambacounda	13.5833	-14.0833	0
Soudji	Tambacounda	14.45	-14.3	0
Soudouta	Tambacounda	13.8003	-12.7163	0
Soukouto	Tambacounda	13.2667	-13.0333	0
Soumbourou Daka	Tambacounda	14.2611	-12.3381	0
Souriél Salif	Tambacounda	13.6	-13.8667	0
Souroukoto	Tambacounda	13.2574	-11.5361	0
Souroundou	Tambacounda	13.4529	-11.986	0
Soutouba	Tambacounda	13.6	-13.9333	0
Soutouba Dimaba	Tambacounda	13.6	-13.9167	0
Soutoukoundi	Tambacounda	13.6833	-14.0833	0
Sébou	Tambacounda	14.6839	-12.176	0
Ségoto	Tambacounda	13.3068	-11.7986	0
Ségoukoura	Tambacounda	13.7833	-13.4833	0
Sékondji	Tambacounda	14.0146	-12.1827	0
Séling	Tambacounda	14.4952	-12.2253	0
Séno Andalé	Tambacounda	14.455	-12.4475	0
Séno Bondé	Tambacounda	14.1808	-12.7845	0
Séno Diaral	Tambacounda	14.1934	-12.4555	0
Séno Gouro	Tambacounda	14.6098	-12.4569	0
Séno Issaga	Tambacounda	14.4389	-12.4573	0
Séno Malik Ali	Tambacounda	14.6077	-12.4566	0
Séno Samayabé	Tambacounda	14.3667	-13.1833	0
Séno Tekwayé	Tambacounda	14.1084	-12.4506	0
Séno Youpé	Tambacounda	14.3638	-12.4568	0
Sénoudébou	Tambacounda	14.3582	-12.2482	0
Sénye	Tambacounda	14.79	-12.5654	0
Séoro	Tambacounda	13.6333	-13.9	0
Séoudji	Tambacounda	14.318	-12.4371	0
Tabadian	Tambacounda	13.6333	-14.2667	0
Tabadian	Tambacounda	13.2	-13.45	0
Tabakoto	Tambacounda	13.2833	-13.0667	0
Tabandi	Tambacounda	13.9167	-13.4	0
Tabandi	Tambacounda	13.1833	-13.45	0
Tabandi	Tambacounda	13.65	-14.1833	0
Tabanding Ouolof	Tambacounda	13.5	-14.4	0
Tabayel Diaouré	Tambacounda	13.6167	-14.4833	0
Taboto	Tambacounda	13.4167	-13.0167	0
Takoutala	Tambacounda	14.154	-12.2402	0
Takoutala II	Tambacounda	14.2828	-12.0317	0
Talibadji	Tambacounda	13.9724	-12.6227	0
Talibadji	Tambacounda	14.0718	-13.0014	0
Taliboulou	Tambacounda	13.4833	-13.6667	0
Taliko-Foulbé	Tambacounda	13.9121	-12.8979	0
Talimango	Tambacounda	13.8231	-12.9898	0
Tamba I	Tambacounda	13.7333	-13.6667	0
Tamba II	Tambacounda	13.7167	-13.6833	0
Tambacounda	Tambacounda	13.7707	-13.6673	149071
Tambala	Tambacounda	13.7229	-12.8438	0
Tamé	Tambacounda	14.2992	-12.082	0
Tanbanding	Tambacounda	13.5	-14.4	0
Tanèm	Tambacounda	13.6667	-14.7833	0
Tata	Tambacounda	14.1	-13.4167	0
Taïf	Tambacounda	14.0667	-14.5	0
Tchabourli	Tambacounda	14.6193	-12.4575	0
Tchinkor	Tambacounda	12.7333	-13.15	0
Tennkoli	Tambacounda	13.7333	-14.65	0
Tennkoli	Tambacounda	14.0333	-13.9667	0
Tennkoli	Tambacounda	14.0333	-13.9167	0
Tialel	Tambacounda	13.8333	-14.6167	0
Tiangol Siré	Tambacounda	14.4167	-13.2667	0
Tiaori	Tambacounda	13.8833	-13.6333	0
Tiara	Tambacounda	13.4833	-14.3667	0
Tiara	Tambacounda	13.9667	-13.1333	0
Tiaski	Tambacounda	14.3326	-12.8401	0
Tiatiori	Tambacounda	13.7333	-13.6	0
Timbafoulou	Tambacounda	13.6	-13.6	0
Timbifara	Tambacounda	13.6167	-14.1833	0
Timbifara	Tambacounda	13.4084	-12.5549	0
Tindian	Tambacounda	13.1833	-13.5667	0
Tingoto	Tambacounda	13.3667	-13.2167	0
Tinntiba	Tambacounda	13.6333	-13.4833	0
Tiodordé	Tambacounda	14.2833	-13.2333	0
Tioké	Tambacounda	14.699	-12.3498	0
Tiorinnguel	Tambacounda	13.9833	-14.5	0
Tioumpoulaoua	Tambacounda	13.9667	-14.4	0
Tiountou Aladi	Tambacounda	13.7167	-14.3	0
Tiourouk	Tambacounda	14.15	-13.2833	0
Tiékène	Tambacounda	14.0333	-14.5667	0
Tiélé	Tambacounda	14.8625	-12.6893	0
Tiéval	Tambacounda	13.7167	-14.0833	0
Tombon-Komoti	Tambacounda	13.6682	-12.9719	0
Tomoradji	Tambacounda	13.9314	-11.9965	0
Tonboro	Tambacounda	13.5833	-14.1167	0
Tonkouto	Tambacounda	13.5635	-12.1141	0
Touba	Tambacounda	13.5	-13.6	0
Touba Fali	Tambacounda	13.7833	-13.7833	0
Toubéré Amadou	Tambacounda	14.4	-13.5333	0
Toubéré Bafal	Tambacounda	14.3833	-13.5333	0
Toubéré Demballa	Tambacounda	14.3667	-13.6667	0
Touldé Tiékovi	Tambacounda	14.3333	-13.5333	0
Toulidoko	Tambacounda	14.3721	-12.6218	0
Toulékédi	Tambacounda	14.6436	-12.6561	0
Toumbingfara	Tambacounda	13.3645	-11.7586	0
Toumbou Diaméré	Tambacounda	13.6297	-13.8264	0
Toumbouguel	Tambacounda	14.0932	-12.634	0
Toumboura	Tambacounda	13.9687	-12.2165	0
Toundou Tiékoré	Tambacounda	13.95	-13.4667	0
Tounti	Tambacounda	13.1	-13.45	0
Tourimé	Tambacounda	14.9073	-12.5181	0
Tourokoto	Tambacounda	13.3215	-11.8331	0
Tourékounda	Tambacounda	13.7001	-12.3076	0
Tuabo	Tambacounda	14.9772	-12.4645	0
Témanto	Tambacounda	13.5333	-14.15	0
Témassou	Tambacounda	13.6167	-13.95	0
Verdoi	Tambacounda	14.0	-13.45	0
Verdoubi	Tambacounda	14.1667	-13.2333	0
Vigué	Tambacounda	13.9333	-13.1167	0
Vinndédiabi	Tambacounda	14.45	-13.1667	0
Véligara	Tambacounda	14.238	-12.9646	0
Vélingara	Tambacounda	13.5667	-13.55	0
Vélingara	Tambacounda	13.3714	-12.9524	0
Vélingara Léguel	Tambacounda	13.4167	-13.7	0
Vélinngara	Tambacounda	13.3833	-13.4833	0
Wakélaré Tabadian	Tambacounda	13.1167	-13.45	0
Wakélibougou	Tambacounda	13.5333	-13.85	0
Wali Diala	Tambacounda	14.5023	-12.4595	0
Wandali	Tambacounda	14.4606	-12.4494	0
Wansangara	Tambacounda	13.2108	-11.5466	0
Wassadougou	Tambacounda	13.35	-13.3333	0
Wortokhati	Tambacounda	13.4101	-11.7284	0
Yaféra	Tambacounda	14.782	-12.2905	0
Yarimalo	Tambacounda	14.2525	-12.4582	0
Yavorodji	Tambacounda	14.4966	-12.9261	0
Ylimalo	Tambacounda	13.1119	-11.4877	0
Yoli	Tambacounda	13.6167	-14.25	0
Yoro Sankoulé	Tambacounda	13.8667	-13.7167	0
Yorodondékounda	Tambacounda	13.6	-14.25	0
Youpé Amadi	Tambacounda	14.3482	-12.4006	0
Youpé Paté	Tambacounda	14.3345	-12.3985	0
Yélimalo	Tambacounda	13.5849	-12.004	0
Yérodoye	Tambacounda	13.9667	-13.45	0
Aga Babou	Thiès	14.3387	-16.7528	0
Aga Biram	Thiès	14.3544	-16.7682	0
Aga Ndimak	Thiès	14.3549	-16.7452	0
Andal	Thiès	15.1892	-16.8053	0
Aramine	Thiès	14.75	-16.8167	0
Aynoumane	Thiès	15.0131	-16.2897	0
Aï	Thiès	14.7345	-17.1205	0
Aïnoumadi	Thiès	14.9768	-16.7729	0
Babak	Thiès	14.7051	-16.9035	0
Babine Tiakré	Thiès	14.7	-16.7667	0
Babèl	Thiès	14.5014	-16.968	0
Bad	Thiès	14.5588	-16.5405	0
Bagana Sérèr	Thiès	14.1996	-16.7676	0
Bagana Wolof	Thiès	14.1864	-16.7539	0
Bagoubél	Thiès	14.3593	-16.898	0
Bak	Thiès	14.5691	-16.6411	0
Bal Gaye	Thiès	15.05	-16.9333	0
Bala Bougou	Thiès	14.34	-16.8307	0
Baliga	Thiès	14.91	-16.8835	0
Bambara	Thiès	14.7671	-17.0642	0
Bandia Bambara	Thiès	14.615	-17.0176	0
Bandia Sessène	Thiès	14.6243	-17.0269	0
Banghadji	Thiès	14.823	-16.8124	0
Baniaye	Thiès	14.8167	-16.8167	0
Bara Kaïré	Thiès	14.7279	-16.932	0
Bardial	Thiès	15.05	-16.55	0
Baridiane	Thiès	15.1333	-16.4	0
Barèt	Thiès	14.7433	-17.0989	0
Bayakh	Thiès	14.8306	-17.1378	0
Bayèr	Thiès	15.2	-16.4167	0
Bayé	Thiès	14.5935	-16.8789	0
Baïti Bala Dia	Thiès	14.9292	-16.8054	0
Baïti Dakhar	Thiès	14.9739	-16.9412	0
Baïti Dieng	Thiès	14.9932	-16.7857	0
Baïti Diouf	Thiès	15.2167	-16.7333	0
Baïti Fal	Thiès	14.9911	-16.7977	0
Baïti Gaye	Thiès	15.1167	-16.5667	0
Baïti Guèye	Thiès	15.0067	-16.9139	0
Baïti Santhie	Thiès	14.9734	-16.9446	0
Belli	Thiès	15.2333	-16.6667	0
Benguél	Thiès	14.9066	-16.8623	0
Bereup	Thiès	14.9704	-17.0892	0
Bereup Sow	Thiès	14.9643	-17.0421	0
Beuno Mboro	Thiès	15.2	-16.8833	0
Beurleup	Thiès	15.1333	-16.3667	0
Bibirane	Thiès	14.6614	-16.9507	0
Biloré	Thiès	14.5642	-17.0553	0
Biram Fal	Thiès	14.75	-16.75	0
Bitiou	Thiès	15.3167	-16.4667	0
Bitiw Sèye	Thiès	14.9469	-16.7994	0
Bofaye	Thiès	14.65	-16.6333	0
Boktol	Thiès	14.7503	-17.0627	0
Borhosem	Thiès	14.8333	-16.6667	0
Boro Deunde	Thiès	15.1833	-16.9	0
Boukhou	Thiès	14.676	-17.1186	0
Boul	Thiès	14.948	-16.983	0
Boulél	Thiès	14.783	-16.7779	0
Bountou Polé	Thiès	15.042	-17.0046	0
Bourdigne	Thiès	14.665	-16.6297	0
Bourding	Thiès	14.637	-16.6403	0
Bousnakh Got	Thiès	14.6555	-16.809	0
Boussoura	Thiès	15.0333	-16.5	0
Boyé Un	Thiès	14.962	-16.2232	0
Béguel	Thiès	15.1833	-16.4667	0
Bér Tialane	Thiès	14.8586	-17.1391	0
Bôkhogne	Thiès	14.6851	-17.0972	0
B’oub’ab	Thiès	14.5692	-17.0541	0
B’oundoun	Thiès	14.5727	-17.0581	0
B’oungap	Thiès	14.614	-17.1044	0
B’ounounga	Thiès	14.6799	-17.1039	0
Campements Peuls	Thiès	15.0046	-17.0517	0
Chirif	Thiès	14.4667	-16.8333	0
Chérif Al	Thiès	14.879	-16.7564	0
Chérif Lô	Thiès	14.8934	-16.8536	0
Chérif Moulaye	Thiès	14.9137	-16.7357	0
Cité Lamy	Thiès	14.775	-16.929	0
Colobane Tiombane	Thiès	14.8808	-16.9449	0
Dadèl	Thiès	14.7577	-16.6112	0
Daf	Thiès	15.0167	-16.85	0
Daga	Thiès	14.9493	-16.9781	0
Daga	Thiès	14.6368	-17.1317	0
Dakhar Dothie	Thiès	14.9466	-16.7349	0
Dakhma	Thiès	15.2333	-16.5333	0
Dal Diamm	Thiès	14.8672	-16.8064	0
Daouakh Sourang	Thiès	15.0833	-16.5167	0
Daptior	Thiès	14.4733	-16.7599	0
Dara	Thiès	14.5667	-16.6833	0
Dara	Thiès	14.6137	-16.7877	0
Darhar Mbaye	Thiès	14.735	-16.9537	0
Darou	Thiès	15.3	-16.3333	0
Darou	Thiès	15.15	-16.3167	0
Darou	Thiès	15.05	-16.6833	0
Darou Alem	Thiès	15.15	-16.8167	0
Darou Alfa	Thiès	14.95	-17.0	0
Darou Bayakh Silla	Thiès	14.8442	-17.1386	0
Darou Beul	Thiès	15.15	-16.2833	0
Darou Dia	Thiès	15.0667	-16.9	0
Darou Fal	Thiès	15.2167	-16.5	0
Darou Fal	Thiès	15.0667	-16.9333	0
Darou Fal	Thiès	15.25	-16.7833	0
Darou Gaye	Thiès	15.0109	-16.5885	0
Darou Gaye	Thiès	15.0333	-16.5667	0
Darou Guèye	Thiès	15.2	-16.3167	0
Darou Khakham	Thiès	15.0003	-16.1927	0
Darou Khoudos	Thiès	15.107	-16.8369	0
Darou Mbaye	Thiès	15.1833	-16.6667	0
Darou Mbodji	Thiès	14.7811	-16.8345	0
Darou Moye	Thiès	15.1333	-16.8333	0
Darou Méoundou	Thiès	15.0167	-16.3333	0
Darou Ndiar	Thiès	14.8494	-17.1039	0
Darou Ndoye	Thiès	15.2167	-16.8	0
Darou Ngomène	Thiès	14.7892	-16.7633	0
Darou Pam	Thiès	15.2167	-16.3833	0
Darou Ramane	Thiès	14.8333	-16.9333	0
Darou Salam	Thiès	14.5879	-17.0481	0
Darou Sam	Thiès	15.3	-16.3833	0
Darou Sar	Thiès	14.8309	-17.0497	0
Darou Sek	Thiès	15.0833	-16.4333	0
Darou Serigne Mansour Si	Thiès	14.8708	-17.1363	0
Darou Sow	Thiès	15.2167	-16.7167	0
Darou Sèye	Thiès	15.0333	-16.55	0
Dayamber	Thiès	15.1	-16.7833	0
Dekhlêt	Thiès	15.0333	-16.1833	0
Diabougou	Thiès	14.1667	-16.7667	0
Diak Mbodokhane	Thiès	14.6903	-16.7164	0
Diak Saw	Thiès	15.0021	-16.6364	0
Diakhatil Maram	Thiès	14.8619	-16.6649	0
Diakhaté	Thiès	14.4325	-16.6882	0
Diakhaté	Thiès	14.8167	-16.9	0
Diaksaw	Thiès	14.6065	-17.0954	0
Dialka	Thiès	15.0333	-16.8167	0
Diama Tiène	Thiès	15.0478	-16.6743	0
Diamaguène	Thiès	14.9333	-16.7667	0
Diambalo	Thiès	15.0667	-16.9167	0
Diamm Bougoum	Thiès	14.5253	-17.0139	0
Diammagueun	Thiès	14.8753	-17.1335	0
Diamotil	Thiès	15.1333	-16.45	0
Diano Kam	Thiès	15.3	-16.45	0
Dianrhar	Thiès	15.0833	-16.75	0
Diarga	Thiès	14.6833	-16.6167	0
Diarkhalé	Thiès	14.8996	-16.8667	0
Dias Palam	Thiès	14.6529	-16.941	0
Diassap	Thiès	14.8301	-16.9022	0
Diati Mbaye	Thiès	15.1535	-16.7184	0
Diatmoury	Thiès	14.523	-16.8129	0
Diawé	Thiès	14.8867	-16.7405	0
Diayane	Thiès	14.8594	-16.79	0
Diaye Nianbagaye	Thiès	15.0833	-16.5	0
Diender Guedj	Thiès	14.8748	-17.0801	0
Dienné	Thiès	15.2833	-16.4833	0
Dienné Rat	Thiès	15.2667	-16.45	0
Dietkougne	Thiès	15.25	-16.7667	0
Digne	Thiès	15.0712	-16.2479	0
Diguel	Thiès	15.1833	-16.2667	0
Diogo	Thiès	15.3002	-16.8196	0
Diogoye	Thiès	14.5667	-16.95	0
Diokhar	Thiès	14.415	-16.766	0
Diokhar	Thiès	14.4165	-16.7663	0
Diokoul	Thiès	15.1167	-16.7	0
Diokoul	Thiès	14.73	-16.647	0
Diokoul	Thiès	15.2333	-16.4167	0
Diokoul Mbaye	Thiès	15.1833	-16.5333	0
Diol Ndiaye	Thiès	14.6846	-16.6967	0
Diolofira Séko	Thiès	14.3855	-16.7633	0
Diolofira Sérèr	Thiès	14.3877	-16.7904	0
Diolofira Wolof	Thiès	14.3811	-16.773	0
Diop	Thiès	14.4997	-16.6263	0
Dior	Thiès	15.1	-16.5	0
Diouane	Thiès	15.15	-16.4833	0
Diougane	Thiès	14.698	-16.9173	0
Dioung	Thiès	14.7667	-16.95	0
Diourmel	Thiès	15.4	-16.7667	0
Diène	Thiès	15.0333	-16.35	0
Diéleuk Peul	Thiès	14.9678	-17.0378	0
Diéleuk Wolof	Thiès	14.97	-17.0329	0
Diéling	Thiès	14.6216	-16.8158	0
Diémbès	Thiès	14.7343	-17.1167	0
Diémoul	Thiès	15.2287	-16.3366	0
Diéné	Thiès	14.9137	-16.8391	0
Djigné	Thiès	15.0167	-16.8333	0
Djilakh	Thiès	14.6278	-17.1034	0
Djilakh	Thiès	14.5243	-16.8878	0
Dobour	Thiès	14.6382	-17.0329	0
Doudoul	Thiès	14.8295	-16.6452	0
Dougnane	Thiès	14.9586	-16.87	69556
Dounguel	Thiès	14.6465	-16.8313	0
Doyal	Thiès	15.2	-16.5333	0
Dôtor	Thiès	14.684	-17.0972	0
D’angd’ang	Thiès	14.6031	-17.0759	0
D’ias	Thiès	14.6414	-17.0843	0
Fadial	Thiès	14.1629	-16.7686	0
Fadiout	Thiès	14.65	-16.8167	0
Falokh	Thiès	14.438	-16.9446	0
Fandane	Thiès	14.4613	-16.923	0
Fandor	Thiès	14.6209	-16.733	0
Fandène	Thiès	14.8065	-16.8521	0
Fandène Lamane Ndiour	Thiès	14.813	-16.8758	0
Fandène Peul	Thiès	14.8237	-16.84	0
Fas	Thiès	14.9903	-16.6583	0
Fas Boye	Thiès	15.2701	-16.8379	0
Fass Touré	Thiès	15.1167	-16.4833	0
Faw	Thiès	14.4815	-16.7033	0
Faylar Deux	Thiès	14.4322	-16.7747	0
Faylar Un	Thiès	14.4473	-16.7759	0
Femboul	Thiès	15.1667	-16.6167	0
Filèn	Thiès	14.6877	-17.0978	0
Fissel	Thiès	14.5418	-16.6154	0
Fiâye	Thiès	14.8516	-16.69	0
Forbote	Thiès	15.0953	-16.4684	0
Fotnâri	Thiès	14.7077	-17.1219	0
Foua Deux	Thiès	14.2971	-16.73	0
Foua Mbégnar	Thiès	14.3388	-16.7152	0
Foua Un	Thiès	14.318	-16.7301	0
Fouk	Thiès	14.6765	-17.0405	0
Fouloum	Thiès	14.8674	-17.0195	0
Fouloun	Thiès	14.9106	-16.9912	0
Fout	Thiès	15.3833	-16.7833	0
Foutouka	Thiès	14.6505	-17.1202	0
Gad Bitiou	Thiès	15.3	-16.4833	0
Gad Dior	Thiès	15.1667	-16.4	0
Gad Gomène	Thiès	15.05	-16.8333	0
Gad Khaye	Thiès	14.8243	-16.6859	0
Gad Niakhar	Thiès	15.1667	-16.3167	0
Gade Yelle	Thiès	15.1609	-16.3886	0
Gal Beut	Thiès	15.35	-16.4667	0
Galane	Thiès	14.8003	-17.0444	0
Gamboulèm	Thiès	14.564	-17.0972	0
Gamlaye	Thiès	14.6278	-17.1056	0
Gandigal	Thiès	14.4722	-16.9899	0
Gandiol	Thiès	14.358	-16.9214	0
Gandoul	Thiès	14.7149	-17.1306	0
Gandoul	Thiès	14.7031	-17.1183	0
Gandoul Sérère	Thiès	14.7163	-17.1264	0
Gania Bougou	Thiès	14.3497	-16.9054	0
Gaolamboura	Thiès	14.45	-16.6167	0
Gaout	Thiès	14.9561	-16.9599	0
Gap	Thiès	14.7444	-17.0508	0
Gap Ndioufène	Thiès	14.7413	-17.0493	0
Garage Diakhèr	Thiès	14.4385	-16.8141	0
Garas	Thiès	14.7378	-17.1188	0
Garas	Thiès	14.6748	-17.1111	0
Garas Peul	Thiès	14.5278	-17.0088	0
Gas	Thiès	14.5903	-16.7641	0
Gaskor	Thiès	14.4667	-16.6333	0
Gati	Thiès	15.1	-16.5667	0
Gati Ndiongo	Thiès	15.2333	-16.4667	0
Gati Ngaraf	Thiès	15.1578	-16.4475	0
Gati Saké	Thiès	15.25	-16.7167	0
Gati Tila	Thiès	15.1	-16.7667	0
Gattègne	Thiès	15.1167	-16.6	0
Gnigning	Thiès	14.5534	-16.7654	0
Gobi	Thiès	14.7099	-17.1206	0
Godaguèn	Thiès	14.4845	-16.7737	0
Godaguèn	Thiès	14.527	-16.7443	0
Godel	Thiès	14.513	-16.5501	0
Godofèl	Thiès	14.6341	-17.1324	0
Gohé Deux	Thiès	14.4636	-16.7456	0
Gohé Un	Thiès	14.4448	-16.7563	0
Golam	Thiès	14.8302	-17.1175	0
Gold Gaïndé	Thiès	15.25	-16.85	0
Golkhossane	Thiès	14.488	-16.7991	0
Gonène	Thiès	14.6	-16.5833	0
Gorou	Thiès	14.3742	-16.7337	0
Gorou Diob	Thiès	14.4	-16.7833	0
Got	Thiès	14.694	-16.8583	0
Goufo	Thiès	15.1333	-16.4333	0
Gouli	Thiès	15.05	-16.6667	0
Gourèl	Thiès	14.3262	-16.9209	0
Gouyar	Thiès	15.2	-16.2833	0
Gouyar	Thiès	14.8326	-16.7133	0
Gouye Diama	Thiès	14.9815	-17.0148	0
Gouye Ndioro	Thiès	15.05	-16.5167	0
Gouye Sagal	Thiès	14.9821	-16.6624	0
Guembé	Thiès	14.6333	-16.75	0
Guitir Niamar	Thiès	14.5623	-16.6683	0
Guitir Sérèr	Thiès	14.5321	-16.6753	0
Guitir Wolof	Thiès	14.5313	-16.6514	0
Guèdj Martin	Thiès	14.2971	-16.8281	0
Guèdj Mat	Thiès	14.2786	-16.8415	0
Guènt	Thiès	14.6356	-16.8058	0
Guèr	Thiès	14.8117	-17.088	0
Guélor Sérèr	Thiès	14.6293	-16.7619	0
Guélor Wolof	Thiès	14.6131	-16.7354	0
Guérèw	Thiès	14.5247	-17.0946	0
Guérèw Sérèr	Thiès	14.5195	-17.0925	0
Hafé	Thiès	15.0833	-16.2333	0
Hanène	Thiès	14.7409	-16.8353	0
Hine	Thiès	14.6694	-17.11	0
Ibra Fal	Thiès	14.7262	-16.9147	0
Joal	Thiès	14.1731	-16.8493	45903
Ka	Thiès	14.9156	-16.7484	0
Kaba Diak	Thiès	14.7401	-16.618	0
Kaba Fandène	Thiès	14.7434	-16.6168	0
Kadane	Thiès	14.9533	-16.8654	0
Kalom	Thiès	15.15	-16.3667	0
Kalénène	Thiès	14.8	-16.65	0
Kam Diak	Thiès	14.6848	-16.7129	0
Kandam	Thiès	14.6837	-17.1302	0
Kandji	Thiès	14.7833	-16.6667	0
Kangian	Thiès	15.1	-16.4333	0
Kaniak	Thiès	14.8717	-17.161	0
Kanène	Thiès	14.8718	-16.6494	0
Kaoné	Thiès	15.0833	-16.7167	0
Kaoulou	Thiès	15.0333	-16.4167	0
Kaparok	Thiès	14.7006	-17.1169	0
Karamoko	Thiès	14.7667	-16.8667	0
Kayar	Thiès	14.9189	-17.1198	23585
Kayol	Thiès	14.7595	-17.0972	0
Kazamanse	Thiès	14.5167	-16.8333	0
Kaïré Al	Thiès	14.7674	-16.7143	0
Kbombole	Thiès	14.7667	-16.7	15587
Kelle	Thiès	15.177	-16.5698	0
Kergali	Thiès	14.8706	-16.8695	0
Keri Ngakou	Thiès	15.0667	-16.5833	0
Kessoukhat	Thiès	14.6995	-17.0745	0
Keur Abdou Dièye	Thiès	14.7851	-16.8422	0
Keur Abdou Ndoye	Thiès	14.8874	-17.1321	0
Keur Ablaye Diaw	Thiès	14.5393	-16.8946	0
Keur Aladji Mbaké	Thiès	14.9122	-16.7612	0
Keur Ali Sow	Thiès	14.8152	-17.0446	0
Keur Aliou Fal	Thiès	15.1167	-16.7833	0
Keur Aliou Kane	Thiès	14.9458	-16.7576	0
Keur Amadou Ndari	Thiès	14.8456	-16.8177	0
Keur Amadou Yassine	Thiès	15.0167	-16.7833	0
Keur Amari Koumba	Thiès	14.8872	-16.7936	0
Keur Amat Penda	Thiès	14.9358	-16.7769	0
Keur Amat Sofi	Thiès	14.9409	-16.7454	0
Keur Assane	Thiès	14.9514	-16.7655	0
Keur Assane	Thiès	14.9949	-16.9189	0
Keur Assane Lô	Thiès	14.7856	-16.7393	0
Keur Assane Ndiaye	Thiès	14.8587	-16.8657	0
Keur Assane Wélé	Thiès	14.6175	-16.8046	0
Keur Atou	Thiès	14.7307	-16.7662	0
Keur Baba Alima	Thiès	14.9741	-16.8591	0
Keur Baba Ngom	Thiès	15.0333	-16.5833	0
Keur Baba Sèye	Thiès	14.9471	-16.7795	0
Keur Baboukar Ndiaye	Thiès	14.4915	-17.0103	0
Keur Bakar	Thiès	14.9802	-16.8406	0
Keur Bakari	Thiès	14.5198	-16.9841	0
Keur Banda	Thiès	14.7444	-16.7679	0
Keur Banda Guèye	Thiès	14.7512	-16.8226	0
Keur Banda Samb	Thiès	14.7333	-16.8167	0
Keur Bara	Thiès	14.7357	-16.7822	0
Keur Birima	Thiès	14.9716	-16.7536	0
Keur Birma	Thiès	14.9166	-16.8542	0
Keur Cheikh Diop	Thiès	14.6026	-16.6973	0
Keur Cheikh Madiop	Thiès	14.5898	-16.8567	0
Keur Cheikh Mandoumbé	Thiès	14.5655	-16.885	0
Keur Dali Cissé	Thiès	14.7216	-17.0763	0
Keur Daou Mbor	Thiès	14.6173	-16.8429	0
Keur Daouda Cissé	Thiès	14.7468	-16.8851	0
Keur Dawour Sis	Thiès	14.799	-17.0623	0
Keur Demba Anta	Thiès	14.8118	-16.8258	0
Keur Demba Bâ	Thiès	14.8871	-16.7656	0
Keur Demba Kébé	Thiès	14.7153	-16.8835	0
Keur Demba Ngoye	Thiès	14.7849	-16.8633	0
Keur Demba Sène	Thiès	14.8203	-17.0336	0
Keur Demmba	Thiès	15.0333	-16.2833	0
Keur Diadié	Thiès	14.5093	-16.9428	0
Keur Diadié	Thiès	14.872	-16.7644	0
Keur Diafa Deux	Thiès	14.2466	-16.7537	0
Keur Diamb Ndiaye	Thiès	14.7249	-16.9379	0
Keur Diambar	Thiès	15.0167	-16.3333	0
Keur Diammé	Thiès	14.8503	-16.7617	0
Keur Diangaris	Thiès	14.6	-16.6667	0
Keur Diba	Thiès	14.3908	-16.8303	0
Keur Diomaye	Thiès	14.8113	-16.703	0
Keur Dione	Thiès	14.5114	-16.8919	0
Keur Dip	Thiès	14.4835	-17.0074	0
Keur Diégane	Thiès	14.6197	-16.7021	0
Keur Djita	Thiès	14.4741	-17.0187	0
Keur Douka Sissé	Thiès	14.7111	-17.0839	0
Keur Dâli	Thiès	14.6097	-17.0941	0
Keur Dâli	Thiès	14.5565	-17.0208	0
Keur Dèmba Anta	Thiès	14.5499	-16.868	0
Keur El Hadji	Thiès	14.4029	-16.741	0
Keur Falang	Thiès	14.7471	-16.7008	0
Keur Fama	Thiès	14.9888	-16.2506	0
Keur Folé	Thiès	14.6333	-16.7	0
Keur Galo Kébé	Thiès	14.9866	-16.7594	0
Keur Gondé	Thiès	14.4966	-17.0134	0
Keur Gora Ndong	Thiès	15.0833	-16.9	0
Keur Guilaye	Thiès	14.7929	-17.1147	0
Keur Gânou Ndoye	Thiès	14.673	-17.1132	0
Keur Ibra Guèye	Thiès	14.8611	-16.733	0
Keur Ibra Kane	Thiès	14.7486	-16.7236	0
Keur Issa Bambara	Thiès	14.7981	-16.9029	0
Keur Issa Diène	Thiès	14.5222	-16.9061	0
Keur Kardiop	Thiès	15.1667	-16.8	0
Keur Khali Sarata	Thiès	14.9314	-16.7512	0
Keur Khali Sokhna	Thiès	14.8946	-16.8149	0
Keur Khaly	Thiès	14.5223	-16.9311	0
Keur Khar Mbaye	Thiès	15.2333	-16.6667	0
Keur Koumba	Thiès	14.5833	-16.6667	0
Keur Lamane	Thiès	14.6975	-17.1183	0
Keur Lamane	Thiès	14.6605	-17.038	0
Keur Lamane Yaboye	Thiès	14.8103	-16.8456	0
Keur Lat Diop Fal	Thiès	14.9241	-17.0241	0
Keur Likeu	Thiès	14.8102	-16.8698	0
Keur Mabaye	Thiès	14.9959	-16.8792	0
Keur Madaro	Thiès	14.764	-16.8497	0
Keur Madia Niang	Thiès	14.8883	-16.6714	0
Keur Madiagne	Thiès	14.9965	-16.9158	0
Keur Madiana	Thiès	15.0	-16.25	0
Keur Madieng	Thiès	14.3694	-16.788	0
Keur Madiop Fal	Thiès	14.8622	-16.8336	0
Keur Madiop Samb	Thiès	14.8994	-16.6866	0
Keur Madiop Touré	Thiès	15.0294	-16.3589	0
Keur Madoune Ningue	Thiès	15.0667	-16.5333	0
Keur Mafal	Thiès	14.7074	-16.8154	0
Keur Magorom Sal	Thiès	14.5605	-16.8764	0
Keur Maguèye	Thiès	15.0167	-16.8167	0
Keur Maguèye Ndaw	Thiès	14.8876	-16.8259	0
Keur Maguèye Ndaw	Thiès	14.7618	-16.8176	0
Keur Maguèye Ndaw	Thiès	14.8966	-16.7672	0
Keur Makala	Thiès	15.0333	-16.3833	0
Keur Makoumba Diop	Thiès	14.5641	-16.9022	0
Keur Makounda Kèbè	Thiès	14.5315	-16.8425	0
Keur Malal	Thiès	15.0317	-17.0203	0
Keur Malamine Ndiaye	Thiès	14.53	-16.8802	0
Keur Malamine Ndiaye	Thiès	14.7708	-16.7712	0
Keur Malik Ba	Thiès	14.487	-16.9331	0
Keur Malik Ndiaye	Thiès	14.51	-16.7917	0
Keur Mam Awa	Thiès	15.0375	-17.029	0
Keur Mam Maram	Thiès	14.8263	-16.8831	0
Keur Mamadou Ndiaye	Thiès	14.8339	-16.8903	0
Keur Mamour Kandji	Thiès	14.4736	-16.7774	0
Keur Mamour Mbengue	Thiès	14.7245	-16.8111	0
Keur Mamour Ngoné	Thiès	14.8613	-16.7007	0
Keur Mandiaye	Thiès	14.7472	-16.6856	0
Keur Mandoumbé Khari	Thiès	15.0076	-16.1976	0
Keur Maniaw	Thiès	14.9771	-16.2089	0
Keur Maoual	Thiès	14.1833	-16.7667	0
Keur Massamba	Thiès	14.9	-16.7833	0
Keur Massamba Fatim	Thiès	15.0489	-16.5394	0
Keur Massamba Guèye	Thiès	14.7537	-16.9386	0
Keur Massamba Ngoundji	Thiès	14.6674	-16.8211	0
Keur Massemba	Thiès	15.2667	-16.7667	0
Keur Massila	Thiès	14.4296	-16.9079	0
Keur Masson	Thiès	14.8	-16.8833	0
Keur Massongo	Thiès	15.0167	-16.9333	0
Keur Massouka	Thiès	14.55	-16.9219	0
Keur Massouka Deux	Thiès	14.5255	-16.926	0
Keur Matar	Thiès	14.7833	-16.8667	0
Keur Matar Darou Dia	Thiès	14.711	-16.8746	0
Keur Matar Fal	Thiès	14.7894	-16.8009	0
Keur Matar Guèye	Thiès	14.8203	-17.0926	0
Keur Matar Wade	Thiès	14.5757	-16.8793	0
Keur Matialène	Thiès	14.8853	-16.8314	0
Keur Matoure	Thiès	14.7147	-16.8719	0
Keur Mballo	Thiès	15.1167	-16.3333	0
Keur Mbar	Thiès	14.6724	-16.624	0
Keur Mbata	Thiès	14.9657	-17.0294	0
Keur Mbaye Anta	Thiès	14.9016	-16.6617	0
Keur Mbaye Dièye	Thiès	14.5054	-16.9533	0
Keur Mbaye Guèye	Thiès	14.8338	-16.8217	0
Keur Mbaye Guèye	Thiès	14.9042	-16.7982	0
Keur Mbaye Mati	Thiès	14.8989	-16.7441	0
Keur Mbaye Sal	Thiès	14.847	-16.7412	0
Keur Mbaye Sambou	Thiès	14.9732	-16.9318	0
Keur Mbaye Séni	Thiès	14.5823	-16.8655	0
Keur Mbir Ndaw	Thiès	14.9385	-17.0533	0
Keur Memba	Thiès	15.2167	-16.7667	0
Keur Meïssa	Thiès	14.7112	-16.6659	0
Keur Meïssa Ndiaké	Thiès	14.7708	-16.821	0
Keur Mogorso	Thiès	14.8833	-16.75	0
Keur Mor Ndiaye	Thiès	14.7698	-16.8702	0
Keur Morfal	Thiès	15.0833	-16.8333	0
Keur Mori Fal	Thiès	14.6969	-16.8335	0
Keur Mori Ndiaye	Thiès	15.1	-16.7333	0
Keur Moussa	Thiès	14.7803	-17.1102	0
Keur Moussé Mboré	Thiès	14.949	-16.6761	0
Keur Moussé Ndia	Thiès	14.5781	-16.8193	0
Keur Moutoufa	Thiès	14.9734	-16.5965	0
Keur Ndiaga Mbaye	Thiès	14.9238	-16.7274	0
Keur Ndiaga Sar	Thiès	14.8449	-16.7164	0
Keur Ndiaw	Thiès	14.8005	-16.6643	0
Keur Ndiaw Ba	Thiès	14.9766	-17.025	0
Keur Ndingor	Thiès	14.5086	-16.8824	0
Keur Ndiogou Ndiaye	Thiès	14.5572	-16.86	0
Keur Ndèné	Thiès	14.4716	-17.0244	0
Keur Ngagne Guèye	Thiès	14.8362	-16.7441	0
Keur Ngouda Samb	Thiès	14.5721	-16.8688	0
Keur Niagaraki	Thiès	15.0333	-16.75	0
Keur Niobo Dèm	Thiès	14.968	-16.8292	0
Keur Niokho Fal	Thiès	14.8576	-16.6379	0
Keur Niokhor Fal	Thiès	14.8485	-16.6268	0
Keur Pari	Thiès	15.1333	-16.3167	0
Keur Paté Déye	Thiès	15.2667	-16.7833	0
Keur Paté Khéwé	Thiès	14.9692	-16.9862	0
Keur Paté Ndiaye	Thiès	15.1167	-16.9167	0
Keur Rhar	Thiès	14.9667	-16.2333	0
Keur Rhare Dièye	Thiès	14.7833	-16.8167	0
Keur Sala Deurguen	Thiès	14.9826	-16.7794	0
Keur Sala Mbata	Thiès	14.9939	-16.8034	0
Keur Samba Yacine	Thiès	14.9606	-16.9632	0
Keur Samol	Thiès	14.5037	-16.8157	0
Keur Sandoua	Thiès	15.15	-16.4667	0
Keur Sara Bayane	Thiès	14.7501	-16.8718	0
Keur Satiako	Thiès	14.2333	-16.8	0
Keur Saïdou	Thiès	14.8162	-16.9029	0
Keur Seydou	Thiès	14.7742	-17.0551	0
Keur Sini Diao	Thiès	15.1167	-16.35	0
Keur Sombél	Thiès	14.739	-16.7205	0
Keur Souleymane Tiakoum	Thiès	14.7134	-17.082	0
Keur Soulèye	Thiès	14.638	-16.7457	0
Keur Séga Woré	Thiès	14.8025	-17.1186	0
Keur Sérigne Mbaké	Thiès	14.766	-16.7502	0
Keur Timak	Thiès	14.4627	-17.0038	0
Keur Tione	Thiès	14.8701	-16.8513	0
Keur Tione	Thiès	14.7688	-16.6772	0
Keur Tiâm	Thiès	14.4981	-17.0073	0
Keur Tiékom	Thiès	14.7183	-16.6891	0
Keur Wali	Thiès	14.6036	-16.8	0
Keur Woré Gor	Thiès	14.9372	-17.0539	0
Keur Yaba Diop	Thiès	14.8196	-16.7477	0
Keur Yakham Ndiaye	Thiès	14.7817	-17.1021	0
Keur Yelnak	Thiès	14.7221	-16.8536	0
Keur Yoro Asta	Thiès	14.8839	-16.7134	0
Keur Yoro Ndiaye	Thiès	14.9275	-16.6977	0
Keur Yoro Sadio	Thiès	14.8108	-16.7996	0
Keur Yoro Sadio	Thiès	14.9186	-16.8177	0
Keur Yoro Safi	Thiès	14.8667	-16.7224	0
Keur Youngar	Thiès	14.4646	-17.0018	0
Keur Youssou	Thiès	14.8341	-17.034	0
Keuri Kaw	Thiès	14.5609	-17.1236	0
Khabane	Thiès	14.6262	-17.0938	0
Khabane Sérèr	Thiès	14.5615	-16.8459	0
Khadiaouane	Thiès	15.2	-16.6667	0
Khafb’ou	Thiès	14.7009	-17.1132	0
Khakh	Thiès	14.9459	-16.8613	0
Khamane	Thiès	15.0833	-16.2667	0
Khandane	Thiès	15.047	-16.6392	0
Khaoul Godaguèn	Thiès	14.5876	-16.5647	0
Khaoul Tok Ngol	Thiès	14.5788	-16.5647	0
Khar Yalla	Thiès	14.8685	-17.1383	0
Khassab	Thiès	14.5403	-17.0636	0
Khassine	Thiès	15.3167	-16.4167	0
Khat	Thiès	15.0833	-16.4333	0
Khaye	Thiès	15.1	-16.2333	0
Khaye	Thiès	14.7765	-16.8098	0
Khaye Diagal	Thiès	14.9327	-16.9637	0
Khaye Ouolof	Thiès	14.7789	-17.0861	0
Khaye Sérèr	Thiès	14.7775	-17.0889	0
Khodeba	Thiès	14.7684	-17.0946	0
Kholpe	Thiès	14.6505	-17.1133	0
Khombole	Thiès	14.7636	-16.6916	20321
Khongolane	Thiès	14.7476	-17.0626	0
Khoubit	Thiès	14.6295	-17.0919	0
Khoutane Sérère	Thiès	14.7452	-17.1307	0
Khèye	Thiès	15.05	-16.2167	0
Khèye Goudienne	Thiès	15.1833	-16.4167	0
Khémé	Thiès	14.4761	-16.6189	0
Khénèn	Thiès	14.7531	-17.0861	0
Khéouar	Thiès	15.1833	-16.5333	0
Khéouèr	Thiès	15.0667	-16.4667	0
Kibik	Thiès	14.482	-16.8578	0
Kibik Koutié	Thiès	14.5	-16.85	0
Killi	Thiès	15.1333	-16.3833	0
Kiniabour Deux	Thiès	14.5688	-17.059	0
Kiniabour Un	Thiès	14.5589	-17.0649	0
Kirène	Thiès	14.6609	-17.0388	0
Kissane	Thiès	14.6693	-16.959	0
Kiwi	Thiès	14.9813	-16.8919	0
Kièl	Thiès	14.874	-16.8046	0
Kodang	Thiès	14.707	-17.1159	0
Koki	Thiès	15.0167	-16.4667	0
Koki Dakhar	Thiès	15.0167	-16.4333	0
Kol	Thiès	15.3	-16.5	0
Kolia Dongon	Thiès	15.0333	-16.2667	0
Kolobane	Thiès	14.8179	-17.042	0
Kolong	Thiès	14.917	-16.6892	0
Konkoma	Thiès	14.5882	-17.019	0
Kop Goyane	Thiès	14.568	-16.9544	0
Kora Trois	Thiès	14.5322	-16.7584	0
Kora Un	Thiès	14.5285	-16.7832	0
Kordiali	Thiès	14.4667	-16.75	0
Kotiane	Thiès	14.5701	-16.7384	0
Koudadiadiène	Thiès	14.8789	-16.8878	0
Koul	Thiès	15.0639	-16.6264	0
Koulouk Gandiol	Thiès	14.6457	-16.7218	0
Koulouk Mbada	Thiès	14.5846	-16.6864	0
Koulouk Mbada	Thiès	14.6282	-16.6928	0
Koulouk Sérèr	Thiès	14.6038	-16.7163	0
Koulouk Wolof	Thiès	14.5849	-16.7055	0
Koundane	Thiès	14.7833	-16.8833	0
Kouré	Thiès	15.0167	-16.5	0
Kouré	Thiès	15.0833	-16.5667	0
Kouré	Thiès	15.1	-16.6	0
Kouré	Thiès	15.1333	-16.3667	0
Kouré Loukouk	Thiès	15.1667	-16.5	0
Kouthie Sérèr	Thiès	14.4923	-16.812	0
Kouthie Wolof	Thiès	14.4844	-16.8248	0
Kâlène	Thiès	14.5578	-17.063	0
Kâtialik	Thiès	14.6904	-17.0841	0
Kémaye	Thiès	14.9124	-17.0344	0
Kéri	Thiès	14.9633	-17.0415	0
Kéri Ndiobène	Thiès	15.1	-16.5833	0
Lakhfous	Thiès	14.5975	-17.0962	0
Lalam	Thiès	14.4966	-16.664	0
Lalane Diokoun	Thiès	14.8519	-16.8897	0
Lam-Lam	Thiès	14.9042	-16.8791	0
Lambayène	Thiès	14.5608	-16.6321	0
Landou	Thiès	14.7195	-17.0835	0
Langomak	Thiès	14.5374	-16.5687	0
Lavassor	Thiès	15.2	-16.4833	0
Lobor Ngoko	Thiès	15.0833	-16.9167	0
Lompoul	Thiès	15.428	-16.7199	0
Los	Thiès	14.6752	-17.1157	0
Louf	Thiès	14.6074	-17.0912	0
Loukhous	Thiès	14.9083	-16.999	0
Louli Bèntégné	Thiès	14.4322	-16.8687	0
Louli Mbafaye	Thiès	14.4466	-16.8621	0
Louli Mboudaye	Thiès	14.4167	-16.85	0
Louli Ndia	Thiès	14.4402	-16.8271	0
Louli Ngogom	Thiès	14.4421	-16.8379	0
Louli Sindiane	Thiès	14.4454	-16.8823	0
Loulu Gal	Thiès	14.4625	-16.8346	0
Loumatir	Thiès	14.5727	-16.7066	0
Loyène Bar	Thiès	15.2167	-16.5	0
Loyène Niérou	Thiès	15.2667	-16.5167	0
Lène	Thiès	14.7233	-17.0533	0
Lèro	Thiès	14.5364	-17.0622	0
Lèro	Thiès	14.5544	-17.0607	0
Lèro	Thiès	14.5394	-17.0608	0
Lèro	Thiès	14.6372	-17.1274	0
Lélo Ouolof	Thiès	14.7468	-17.066	0
Lélo Sérèr	Thiès	14.749	-17.0628	0
Léona	Thiès	14.762	-16.9082	0
Léona	Thiès	15.15	-16.75	0
Léona	Thiès	14.2101	-16.7451	0
Léra	Thiès	14.6261	-17.1035	0
Léyène	Thiès	15.0833	-16.4667	0
Madina	Thiès	14.1733	-16.7722	0
Maka	Thiès	15.2833	-16.4833	0
Maka	Thiès	15.0167	-16.95	0
Maka Mop Khari	Thiès	15.1	-16.3	0
Maka Tioune	Thiès	15.1833	-16.8	0
Mali Keur Koumba	Thiès	14.6167	-16.6833	0
Malikounda Bambara	Thiès	14.4626	-16.9705	0
Malikounda Keur Samone Faye	Thiès	14.4854	-16.9709	0
Malikounda Ngoukhoudji	Thiès	14.4595	-16.9548	0
Malikounda Sas	Thiès	14.45	-16.9667	0
Malikounda Sérèr	Thiès	14.4789	-16.9484	0
Malikounda Wolof	Thiès	14.4711	-16.9465	0
Mandangri Toucouleur	Thiès	14.6829	-16.8011	0
Mandangri Wolof	Thiès	14.6837	-16.7926	0
Marnane	Thiès	14.7341	-16.6282	0
Marène	Thiès	15.2167	-16.3167	0
Massar	Thiès	15.1167	-16.75	0
Maïk	Thiès	15.0333	-16.5167	0
Mba	Thiès	15.2833	-16.7667	0
Mbaba	Thiès	14.7879	-16.7936	0
Mbaba	Thiès	14.9852	-16.7531	0
Mbadate	Thiès	14.4938	-16.8439	0
Mbadep	Thiès	14.4833	-16.8333	0
Mbadiane	Thiès	14.6723	-16.6755	0
Mbafaye	Thiès	14.5742	-16.5811	0
Mbafaye	Thiès	14.5667	-16.7838	0
Mbakhis	Thiès	15.2994	-16.3508	0
Mbal Fal	Thiès	15.15	-16.4333	0
Mbalakhat	Thiès	14.5352	-16.7114	0
Mbalamsone	Thiès	14.6236	-16.6303	0
Mbalkam	Thiès	14.5579	-16.5898	0
Mballing	Thiès	14.3791	-16.9478	0
Mbalokh	Thiès	14.6596	-16.7119	0
Mbalène	Thiès	14.8615	-16.8106	0
Mbambara Chérif	Thiès	14.7186	-16.8025	0
Mbampana	Thiès	14.8524	-16.6347	0
Mbangour	Thiès	14.8428	-16.6582	0
Mbankhèm Médine	Thiès	14.6078	-16.6787	0
Mbaraglou	Thiès	15.0741	-16.7145	0
Mbaraglou	Thiès	14.9653	-16.8932	0
Mbaraglou Ogo	Thiès	14.9615	-16.8886	0
Mbardiak	Thiès	14.7476	-16.6734	0
Mbarène	Thiès	15.2667	-16.4	0
Mbawane	Thiès	14.8794	-17.1311	0
Mbayar	Thiès	14.6263	-17.1071	0
Mbaye Bakar	Thiès	15.05	-16.7833	0
Mbaye Bayou	Thiès	15.1167	-16.8833	0
Mbaye Dialo	Thiès	15.2	-16.6833	0
Mbayène	Thiès	14.8127	-16.8579	0
Mbayène	Thiès	15.0002	-16.8683	0
Mbayène	Thiès	14.7915	-16.8157	0
Mbayène	Thiès	15.1724	-16.3039	0
Mbayène	Thiès	14.7666	-17.056	0
Mbayène	Thiès	15.1167	-16.7333	0
Mbayène Diak	Thiès	14.6627	-16.7181	0
Mbaïlar	Thiès	15.1167	-16.4833	0
Mbaïseri	Thiès	14.5833	-16.8333	0
Mbenguène	Thiès	14.9693	-16.9486	0
Mber	Thiès	15.2167	-16.55	0
Mbeuleukhé	Thiès	14.9798	-16.6195	0
Mbeuleukhé	Thiès	14.96	-16.6635	0
Mbeussine	Thiès	14.9653	-16.8807	0
Mbidiam Lébou	Thiès	14.8916	-17.0784	0
Mbidiam Wolof	Thiès	14.8952	-17.0785	0
Mbirdiam	Thiès	14.763	-17.1081	0
Mbirdiam	Thiès	14.6943	-17.1259	0
Mbirine	Thiès	15.15	-16.4167	0
Mbissaw	Thiès	14.8282	-17.0877	0
Mbodiène	Thiès	14.9307	-16.8501	0
Mbodiène	Thiès	14.7354	-16.823	0
Mbodiène Plage	Thiès	14.2309	-16.8728	0
Mbodiène Wolof	Thiès	14.2417	-16.8671	0
Mboltogne	Thiès	14.8476	-16.6686	0
Mbomboye	Thiès	14.7093	-16.928	0
Mborine	Thiès	15.1	-16.6833	0
Mboro	Thiès	15.1405	-16.8868	40811
Mboro Kandio	Thiès	15.1571	-16.9191	0
Mboro-sur-Mer	Thiès	15.1741	-16.9103	0
Mbos	Thiès	14.7892	-16.6233	0
Mbos Ngogne	Thiès	14.5284	-17.065	0
Mboudaye	Thiès	14.4708	-16.6081	0
Mboufoudj	Thiès	14.5701	-16.6229	0
Mboufta	Thiès	15.0333	-16.7	0
Mbouka	Thiès	14.6321	-17.1274	0
Mboul	Thiès	14.752	-17.0933	0
Mboul	Thiès	14.7481	-17.0961	0
Mboulfa	Thiès	14.8517	-16.703	0
Mbouloukhtèn	Thiès	14.6397	-16.7011	0
Mbouloukhtèn Mboul	Thiès	14.6501	-16.6528	0
Mbouloukhtèn Séko	Thiès	14.6244	-16.6752	0
Mboulèm	Thiès	14.3866	-16.8943	0
Mboulé	Thiès	15.2	-16.45	0
Mbour	Thiès	14.422	-16.9638	284189
Mbourokh	Thiès	14.3943	-16.8742	0
Mbouroukh Bambara	Thiès	14.6652	-17.1197	0
Mbouroukh Sérèr	Thiès	14.664	-17.129	0
Mbourwaye	Thiès	14.7103	-16.7213	0
Mbousnakh Ngathie	Thiès	14.6768	-16.7812	0
Mbousnakh Ngor	Thiès	14.6934	-16.7841	0
Mbousnakh Ngot	Thiès	14.6874	-16.7756	0
Mbousnakh Ngourbane	Thiès	14.6645	-16.775	0
Mboyenâk	Thiès	14.6915	-17.0998	0
Mbâyène	Thiès	14.9746	-17.0027	0
Mbèndi	Thiès	14.892	-17.0296	0
Mbèye	Thiès	15.2938	-16.4345	0
Mbédap	Thiès	14.4841	-16.6013	0
Mbéfél	Thiès	14.4512	-16.6255	0
Mbéwane	Thiès	14.6847	-16.6569	0
Mdifif	Thiès	15.0333	-16.75	0
Merina Guèye	Thiès	15.1167	-16.85	0
Messeré	Thiès	15.0	-16.6333	0
Meumou	Thiès	14.9833	-16.6667	0
Meun Wolof	Thiès	14.992	-16.6696	0
Modiane	Thiès	14.5667	-16.7167	0
Molor	Thiès	14.7167	-16.6667	0
Monorop	Thiès	14.5333	-16.5333	0
Mont Rolland	Thiès	14.9182	-16.9823	0
Mourdioujène	Thiès	15.0833	-16.9833	0
Médina Dakhar	Thiès	15.1022	-16.547	0
Médinatoul Mounawara	Thiès	14.5309	-17.0134	0
Médine	Thiès	14.857	-17.0185	0
Médine	Thiès	14.5703	-16.6902	0
Mékhé	Thiès	15.1097	-16.6218	27566
Mékhé Village	Thiès	15.1174	-16.6799	0
Méouane	Thiès	15.0765	-16.7602	0
Méoundou	Thiès	15.0667	-16.45	0
Méoundou	Thiès	15.0392	-16.3403	0
Mérina Asta	Thiès	15.0248	-16.3863	0
Mérina Diop	Thiès	15.05	-16.45	0
Mérina Fal	Thiès	15.1167	-16.8167	0
Mérina Sal	Thiès	14.9697	-16.7001	0
Mérina Sambé	Thiès	15.2	-16.75	0
Nafar	Thiès	14.7151	-16.8173	0
Nakhnèkh	Thiès	14.7538	-16.6312	0
Narkokal	Thiès	14.7318	-17.12	0
Nass	Thiès	15.1167	-16.85	0
Nbamba	Thiès	15.1333	-16.5333	0
Ndadafakh	Thiès	14.5359	-16.77	0
Ndak Ndam	Thiès	14.5969	-16.5376	0
Ndak Ndam	Thiès	14.6094	-16.596	0
Ndakhar	Thiès	15.1667	-16.6833	0
Ndalinguèr	Thiès	15.2167	-16.4667	0
Ndam	Thiès	14.5988	-16.7387	0
Ndam	Thiès	14.8232	-16.8021	0
Ndam Lo	Thiès	14.862	-17.0929	0
Ndam Ndiaga	Thiès	14.9678	-16.6466	0
Ndamio	Thiès	15.0667	-16.8833	0
Ndamlo	Thiès	15.0167	-16.5833	0
Ndandantou	Thiès	15.2333	-16.6833	0
Ndane	Thiès	14.789	-16.7308	0
Ndang	Thiès	15.1693	-16.6373	0
Ndangane	Thiès	14.49	-17.082	0
Ndangar	Thiès	15.2333	-16.75	0
Ndar Sall	Thiès	15.221	-16.3821	0
Ndari	Thiès	15.05	-16.7833	0
Ndayane	Thiès	14.5649	-17.1246	0
Nder	Thiès	15.0833	-16.5667	0
Ndeune	Thiès	15.15	-16.9333	0
Ndeur	Thiès	15.1167	-16.7	0
Ndeuye	Thiès	14.8375	-17.0426	0
Ndia	Thiès	14.9125	-16.83	0
Ndia	Thiès	14.9805	-16.7906	0
Ndiabakhali	Thiès	14.7696	-16.6175	0
Ndiabi	Thiès	15.05	-16.4833	0
Ndiadiane	Thiès	14.4941	-16.6508	0
Ndiadieu	Thiès	15.15	-16.3833	0
Ndiafougne	Thiès	14.9718	-16.9276	0
Ndiaganiao	Thiès	14.5372	-16.7274	0
Ndiagne	Thiès	14.8228	-16.7915	0
Ndiagne	Thiès	14.4629	-16.8673	0
Ndiakhalam	Thiès	15.05	-16.6167	0
Ndiakhat Madarou Sis	Thiès	14.7695	-17.0487	0
Ndiakhaté Gormone	Thiès	14.9741	-16.871	0
Ndiakhaté Ndiassane	Thiès	14.9044	-16.8506	0
Ndiakhaté Sar	Thiès	15.05	-16.5667	0
Ndiakhaté Sokhna	Thiès	14.9302	-16.832	0
Ndiakhaye	Thiès	14.6179	-16.6135	0
Ndiakheté	Thiès	15.1167	-16.6	0
Ndiakho	Thiès	15.0004	-16.188	0
Ndiakhou	Thiès	14.7604	-16.6345	0
Ndiakhétè	Thiès	15.25	-16.5167	0
Ndialber	Thiès	15.2167	-16.35	0
Ndialbé	Thiès	15.0667	-16.2833	0
Ndianda Wolof	Thiès	14.25	-16.8287	0
Ndianda Yougo	Thiès	14.2234	-16.8153	0
Ndiané	Thiès	14.758	-16.7594	0
Ndiané	Thiès	15.1	-16.3333	0
Ndiaou Ndiaou	Thiès	15.05	-16.3833	0
Ndiar Tidiane	Thiès	14.8454	-17.1028	0
Ndiaraw	Thiès	14.5269	-16.7956	0
Ndiaraw Santhie	Thiès	14.8896	-16.6636	0
Ndiarde	Thiès	15.1833	-16.3833	0
Ndiarga	Thiès	14.7196	-16.6423	0
Ndiargué	Thiès	15.1	-16.3833	0
Ndiarhaté	Thiès	15.1	-16.8	0
Ndiarmane	Thiès	14.3089	-16.8489	0
Ndiarmèw	Thiès	14.5118	-16.9165	0
Ndiarogne Sérèr	Thiès	14.2191	-16.7628	0
Ndiarogne Wolof	Thiès	14.1808	-16.7826	0
Ndiass	Thiès	15.1167	-16.5333	0
Ndiassa	Thiès	14.6739	-17.1045	0
Ndiassane	Thiès	14.9194	-16.8298	0
Ndiassane	Thiès	14.607	-16.6286	0
Ndiassane Keur Ndiouma	Thiès	14.6319	-16.6192	0
Ndiavrigne	Thiès	15.1167	-16.5333	0
Ndiaw	Thiès	14.9258	-16.7169	0
Ndiaye Bop	Thiès	14.9088	-17.0027	0
Ndiaye Ndiaye	Thiès	14.5483	-16.7337	0
Ndiayène	Thiès	14.9983	-16.2777	0
Ndiayène	Thiès	14.5967	-17.0928	0
Ndiayène None	Thiès	14.8216	-16.8421	0
Ndiayène Sirakh	Thiès	14.7065	-16.6581	0
Ndiayène Sirif	Thiès	14.4594	-16.8492	0
Ndidiène	Thiès	14.4833	-16.65	0
Ndiegué	Thiès	15.0333	-16.7667	0
Ndielkougne Diol	Thiès	15.2333	-16.7333	0
Ndiengal	Thiès	14.983	-16.7134	0
Ndigo Maï Al	Thiès	15.0833	-16.3833	0
Ndigué	Thiès	15.2667	-16.3667	0
Ndikaye	Thiès	14.5167	-16.9833	0
Ndilar	Thiès	15.05	-16.4	0
Ndim	Thiès	14.7011	-16.6272	0
Ndim Gouye Ndiaye	Thiès	14.6847	-16.6276	0
Ndimb Diol	Thiès	14.6713	-16.6904	0
Ndindi Bal	Thiès	14.9593	-16.7961	0
Ndindi Hane	Thiès	14.8346	-16.8053	0
Ndinglèr	Thiès	14.5124	-16.8215	0
Ndinglèr Ngogom	Thiès	14.7414	-16.6741	0
Ndiné	Thiès	15.0833	-16.3667	0
Ndiobène	Thiès	14.8596	-16.8858	0
Ndiobène	Thiès	14.7708	-16.7045	0
Ndiobène	Thiès	14.6605	-16.6635	0
Ndiobène	Thiès	14.6759	-16.6553	0
Ndiobène Taye	Thiès	15.2833	-16.4	0
Ndiogol Dieng	Thiès	15.25	-16.6667	0
Ndiok Thiam	Thiès	15.2167	-16.2833	0
Ndiol Sek	Thiès	15.0333	-16.3167	0
Ndiolbé	Thiès	15.0667	-16.3	0
Ndiombass	Thiès	15.0833	-16.6833	0
Ndiompi	Thiès	15.1597	-16.4231	0
Ndione	Thiès	14.8035	-16.6478	0
Ndionène	Thiès	14.8535	-17.0966	0
Ndiop	Thiès	14.5002	-16.9503	0
Ndiop	Thiès	14.7139	-16.6232	0
Ndiop Sissé	Thiès	15.2	-16.7667	0
Ndiorokh Mbot	Thiès	14.4713	-17.0305	0
Ndiorokh Ndoutane	Thiès	14.6163	-17.0235	0
Ndiot Khol	Thiès	15.25	-16.4667	0
Ndiothie	Thiès	14.7764	-16.6456	0
Ndioudiouf	Thiès	14.8102	-16.7162	0
Ndioudiouf	Thiès	14.4046	-16.754	0
Ndioudiouf	Thiès	14.5541	-16.7955	0
Ndioufène	Thiès	14.7526	-16.768	0
Ndiouk	Thiès	14.3941	-16.7853	0
Ndioukh Fissél	Thiès	14.4145	-16.7777	0
Ndioukh Médoun	Thiès	14.4112	-16.8081	0
Ndioukh Tirokh	Thiès	14.4223	-16.8197	0
Ndioukoul Dieng	Thiès	14.764	-16.6737	0
Ndiouye	Thiès	14.9737	-16.8926	0
Ndirène	Thiès	14.7501	-16.8394	0
Ndirène	Thiès	14.7957	-17.1153	0
Ndièm Bakol	Thiès	15.05	-16.3833	0
Ndièr	Thiès	15.0833	-16.3833	0
Ndié Ngom	Thiès	14.753	-16.646	0
Ndiéfer	Thiès	14.4619	-16.6146	0
Ndiéfougne Pal	Thiès	14.7817	-16.6707	0
Ndiéguedj	Thiès	15.0667	-16.75	0
Ndiéguène	Thiès	14.8484	-17.0784	0
Ndiénène	Thiès	14.7764	-16.631	0
Ndiéri	Thiès	14.8198	-16.7199	0
Ndiéri Mbengue	Thiès	14.801	-16.7434	0
Ndiéré	Thiès	14.9505	-16.7535	0
Ndiéyène Mbako	Thiès	14.6962	-16.6785	0
Ndjikdakhine	Thiès	14.5977	-16.6423	0
Ndjité	Thiès	14.9961	-16.7622	0
Ndjiw	Thiès	14.5569	-17.0666	0
Ndofane	Thiès	14.5135	-16.6078	0
Ndofane	Thiès	14.2479	-16.7791	0
Ndoguène	Thiès	14.8833	-17.1	0
Ndolor	Thiès	14.3833	-16.7667	0
Ndom	Thiès	15.05	-16.7333	0
Ndombil	Thiès	15.1833	-16.7167	0
Ndombolokh	Thiès	15.0833	-16.6	0
Ndomor	Thiès	15.0549	-16.8595	0
Ndondol	Thiès	14.7667	-16.6333	0
Ndong	Thiès	14.5833	-16.55	0
Ndop Gadiaga	Thiès	15.2833	-16.3667	0
Ndorong	Thiès	14.5414	-16.7971	0
Ndouf	Thiès	14.7295	-16.6685	0
Ndougour	Thiès	15.2	-16.4833	0
Ndoukoumane	Thiès	14.8765	-16.6967	0
Ndoukoura	Thiès	15.1	-16.6667	0
Ndoumbil	Thiès	15.05	-16.4833	0
Ndoung	Thiès	14.5893	-16.5793	0
Ndourène	Thiès	14.6999	-17.1259	0
Ndourène Batal	Thiès	15.0833	-16.5333	0
Ndoyombout	Thiès	14.5091	-16.5833	0
Ndoyène	Thiès	14.6434	-16.8478	0
Ndoyène Peul	Thiès	14.7832	-17.1304	0
Ndurki	Thiès	15.2667	-16.3	0
Ndèm	Thiès	15.0667	-16.2333	0
Ndékou	Thiès	15.0767	-16.6728	0
Ndékène	Thiès	15.0333	-16.45	0
Ndémène	Thiès	14.8291	-17.0502	0
Ndémène	Thiès	15.0833	-16.3167	0
Ndéng	Thiès	14.6374	-17.0885	0
Ndénglé	Thiès	14.6309	-17.1299	0
Ndénglé	Thiès	14.6792	-17.1211	0
Ngadiaga	Thiès	14.9569	-17.05	0
Ngadiaga	Thiès	15.0833	-16.5333	0
Ngakham I	Thiès	15.137	-16.6854	0
Ngakham II	Thiès	15.0539	-16.8026	0
Ngalik	Thiès	15.1667	-16.35	0
Ngalop	Thiès	15.1667	-16.3333	0
Ngam	Thiès	14.6348	-17.0911	0
Ngandiouf	Thiès	15.2624	-16.4024	0
Ngandèk	Thiès	15.0167	-16.55	0
Ngane	Thiès	14.5582	-17.0658	0
Ngankal	Thiès	15.0667	-16.5667	0
Ngaparou	Thiès	14.4642	-17.0562	9525
Ngaparou	Thiès	14.7604	-17.1153	0
Ngaring	Thiès	14.7314	-17.1119	0
Ngaring Bambara	Thiès	14.4766	-17.036	0
Ngaring Sérèr	Thiès	14.484	-17.0315	0
Ngas	Thiès	14.7969	-16.7081	0
Ngas Sérèr	Thiès	14.8074	-16.7044	0
Ngassama	Thiès	15.1833	-16.4833	0
Ngassiak	Thiès	14.5333	-16.55	0
Ngathie	Thiès	14.4793	-16.6304	0
Ngayaf	Thiès	14.5333	-16.7333	0
Ngaye Diagne	Thiès	15.0833	-16.8333	0
Ngaye Gaye	Thiès	15.1167	-16.45	0
Ngaye Ngaye	Thiès	15.0121	-16.6833	0
Ngaye Ngaye	Thiès	14.9478	-16.7144	0
Ngaye Ngaye	Thiès	15.0333	-16.55	0
Ngaye Ngaye	Thiès	14.6336	-16.8128	0
Ngayène	Thiès	14.8066	-17.1387	0
Ngazobil	Thiès	14.2016	-16.8661	0
Ngembé	Thiès	15.1101	-16.3139	0
Nghass	Thiès	15.1333	-16.6167	0
Nghaye	Thiès	14.7556	-16.6803	0
Ngodiane	Thiès	14.7554	-16.67	0
Ngodilé	Thiès	14.5667	-16.6	0
Ngokhothie	Thiès	14.7349	-16.6074	0
Ngolar Sérèr	Thiès	14.6805	-16.8402	0
Ngolar Toucouleur	Thiès	14.6841	-16.8229	0
Ngolfagniél	Thiès	14.6371	-16.9651	0
Ngolna	Thiès	14.316	-16.7979	0
Ngombol	Thiès	14.5515	-17.0623	0
Ngombél	Thiès	14.7105	-16.8266	0
Ngomène	Thiès	14.8071	-16.7745	0
Ngomène	Thiès	14.8283	-17.0308	0
Ngomène	Thiès	14.7301	-16.7956	0
Ngomène Louli	Thiès	14.4731	-16.8287	0
Ngonda	Thiès	14.702	-17.1211	0
Ngonine Mbadane	Thiès	14.5799	-16.527	0
Ngop	Thiès	15.15	-16.35	0
Ngor	Thiès	14.7682	-17.0875	0
Ngoré Yop	Thiès	14.8667	-16.85	0
Ngossèkh	Thiès	14.6111	-17.0777	0
Ngoudiane Samèn	Thiès	14.7133	-16.7383	0
Ngoultoune	Thiès	14.4833	-16.75	0
Ngoulé	Thiès	14.8418	-16.7096	0
Ngoumb	Thiès	14.9947	-16.5634	0
Ngoumsane	Thiès	14.7668	-16.9027	0
Ngoundiane	Thiès	14.7215	-16.7357	0
Ngoundiane Dior	Thiès	14.7165	-16.7496	0
Ngoundiane Niakh	Thiès	14.7001	-16.761	0
Ngoundiane Tiangaye	Thiès	14.7192	-16.7569	0
Ngouye Bé	Thiès	15.2667	-16.7333	0
Ngouye Lamane	Thiès	15.2833	-16.7333	0
Ngouye Ouadé	Thiès	15.25	-16.7167	0
Ngoyokop	Thiès	14.3596	-16.7198	0
Nguembé	Thiès	14.8173	-16.7161	0
Nguemmbé	Thiès	15.25	-16.3667	0
Nguer	Thiès	15.0333	-16.6667	0
Nguer	Thiès	15.2167	-16.55	0
Ngueumbé	Thiès	14.8493	-16.8151	0
Nguiguis	Thiès	15.1535	-16.5581	0
Nguik Fal	Thiès	14.9297	-17.0213	0
Nguimmbou	Thiès	15.1833	-16.3333	0
Nguiniène	Thiès	15.1333	-16.35	0
Nguité	Thiès	14.5167	-16.9	0
Nguèdj	Thiès	14.5249	-16.7035	0
Nguèmé Issa	Thiès	14.6805	-16.6474	0
Nguèmé Yadiana	Thiès	14.6898	-16.613	0
Nguédiane	Thiès	14.4486	-16.714	0
Nguékhokh	Thiès	14.5125	-17.0045	47964
Nguékokh Ouolof	Thiès	14.5079	-17.0051	0
Nguékokh Sérère	Thiès	14.5189	-17.0101	0
Nguéniène	Thiès	14.2732	-16.7513	0
Nguéniène Peul	Thiès	14.3019	-16.8225	0
Nguéoul Louto	Thiès	15.15	-16.55	0
Nguérane Deux	Thiès	14.4884	-16.5684	0
Nguérane Un	Thiès	14.4945	-16.5714	0
Nguéwar	Thiès	14.9886	-16.7399	0
Nguéye Nguéye	Thiès	15.2767	-16.4507	0
Nguéyène Momar	Thiès	14.9656	-16.7155	0
Niaf Nangou	Thiès	14.9435	-17.1124	0
Niagane	Thiès	15.2333	-16.3833	0
Niakha	Thiès	14.9185	-16.7914	0
Niakhal Libas	Thiès	14.9914	-16.2275	0
Niakhal Matar	Thiès	14.9923	-16.2435	0
Niakhib	Thiès	14.8232	-17.0441	0
Niakhib Wolof	Thiès	14.8251	-17.0509	0
Niakhène	Thiès	15.0735	-16.3453	0
Niakhène Darou	Thiès	15.0667	-16.3167	0
Niakhène Diama	Thiès	15.0667	-16.3333	0
Niama	Thiès	14.7034	-16.6875	0
Niamina	Thiès	15.0167	-16.6667	0
Niang Ouade	Thiès	15.15	-16.7833	0
Niang Tass	Thiès	15.1667	-16.7833	0
Niangué Dakhar	Thiès	14.9052	-16.6719	0
Nianiar	Thiès	14.4039	-16.8606	0
Nianing	Thiès	14.3448	-16.9268	0
Nianing Boro	Thiès	14.3333	-16.9167	0
Nieng	Thiès	15.1833	-16.4	0
Niet	Thiès	14.75	-16.6333	0
Niokhop	Thiès	14.8976	-17.142	0
Niomar	Thiès	14.4333	-16.7	0
Niomar	Thiès	14.468	-16.7217	0
Niouki	Thiès	15.1167	-16.4333	0
Noto	Thiès	14.698	-16.8787	0
Noto Gouye Diama	Thiès	14.9922	-17.0084	0
Noung Ndout	Thiès	14.6812	-17.0987	0
Nékhé	Thiès	15.05	-16.4333	0
Néouatar	Thiès	15.1833	-16.4333	0
Néwrane	Thiès	14.7928	-16.6397	0
Oncad	Thiès	14.4203	-16.9456	0
Pabène	Thiès	14.7623	-16.6207	0
Pakhamkouye Deux	Thiès	14.9286	-16.9979	0
Pakhamkouye Un	Thiès	14.9298	-16.9846	0
Pal	Thiès	15.0333	-16.7333	0
Palabine	Thiès	14.7307	-17.115	0
Palal	Thiès	14.7559	-17.0402	0
Palal Bayouf	Thiès	14.7484	-17.0422	0
Palal Pouye	Thiès	14.7466	-17.0403	0
Palam Rôk	Thiès	14.6414	-16.912	0
Palam Tioyane	Thiès	14.6479	-16.9253	0
Palo Dial	Thiès	14.9276	-16.9448	0
Palo Yougo	Thiès	14.9198	-16.9478	0
Palène	Thiès	15.1667	-16.65	0
Palène	Thiès	15.0667	-16.3667	0
Pam	Thiès	15.2	-16.4	0
Pampal	Thiès	14.9707	-16.9021	0
Pamèn Deux	Thiès	14.6078	-16.8284	0
Pamèn Un	Thiès	14.6083	-16.8136	0
Parar	Thiès	14.7095	-16.6301	0
Parba	Thiès	14.7924	-16.6552	0
Pari	Thiès	15.1667	-16.3	0
Pari Dièye	Thiès	14.5816	-16.8907	0
Passoune	Thiès	14.5167	-16.8667	0
Paydom	Thiès	14.6506	-16.7014	0
Payène	Thiès	15.0667	-16.6	0
Petpal	Thiès	14.6	-16.6333	0
Peunène	Thiès	15.1333	-16.8333	0
Pir Gourèye	Thiès	15.0046	-16.722	0
Pirou Ndari	Thiès	14.8689	-16.6844	0
Pognène Peul	Thiès	14.8294	-16.9102	0
Pognène Sérèr	Thiès	14.8239	-16.9129	0
Pointe Peul	Thiès	14.2878	-16.89	0
Pointe Sarène	Thiès	14.2882	-16.9186	0
Ponto	Thiès	14.2833	-16.9167	0
Poponguine	Thiès	14.5573	-17.114	8651
Poponguine Sérèr	Thiès	14.5672	-17.0998	0
Poufoun	Thiès	14.7479	-16.6364	0
Poultok	Thiès	14.4187	-16.6904	0
Pout	Thiès	14.771	-17.0611	23728
Pout Diak	Thiès	14.6661	-16.8562	0
Pout Ndof	Thiès	14.6399	-16.8732	0
Pâki	Thiès	14.6859	-17.1048	0
Pèykouk	Thiès	14.7734	-16.8864	0
Pékès	Thiès	15.1074	-16.4161	0
Pélèw	Thiès	14.6773	-16.9229	0
Rhabalou	Thiès	14.4667	-16.6	0
Rhari	Thiès	14.7333	-17.1167	0
Rhazabé	Thiès	14.55	-17.0667	0
Risso	Thiès	15.0833	-16.6333	0
Rof	Thiès	14.4	-16.7167	0
Rof	Thiès	14.297	-16.87	0
Râfo	Thiès	14.5961	-17.0933	0
Sadarou Fam	Thiès	14.7242	-16.8884	0
Sagalèm	Thiès	14.7243	-16.6161	0
Sagnafil	Thiès	14.7671	-17.0756	0
Sak	Thiès	15.0833	-16.6	0
Sakirak	Thiès	14.6459	-17.0821	0
Sali	Thiès	14.4411	-17.0194	41811
Sali Douté	Thiès	14.4256	-16.9318	0
Sali Joseph	Thiès	14.457	-17.0086	0
Sali Niakhniakhal	Thiès	14.435	-17.0006	0
Sali Portudal	Thiès	14.4444	-17.0168	0
Sali Tapé	Thiès	14.454	-17.0017	0
Salndéwas	Thiès	14.7401	-17.1265	0
Sam Ndiaye	Thiès	14.8518	-16.868	0
Samane	Thiès	14.4191	-16.8387	0
Samayél	Thiès	14.97	-16.7262	0
Sambaye Karang	Thiès	14.9352	-16.9773	0
Samkhèthie	Thiès	14.6156	-17.084	0
San	Thiès	14.498	-16.7541	0
Sandiara	Thiès	14.4357	-16.7911	0
Sandok	Thiès	14.7616	-17.107	0
Sangal	Thiès	14.696	-16.6089	0
Sangane Bambara	Thiès	14.7	-16.8	0
Sangaye	Thiès	14.7241	-16.6078	0
Sanghane Sérèr	Thiès	14.7113	-16.7756	0
Sanghane Wolof	Thiès	14.7112	-16.7864	0
Sanghé	Thiès	14.6925	-16.943	0
Sangué	Thiès	14.5654	-17.0599	0
Sankhaye	Thiès	14.5627	-16.7569	0
Santhie Mam Gor	Thiès	14.8762	-17.1021	0
Santhie Sérèr	Thiès	14.7625	-17.0787	0
Santiaba	Thiès	14.5664	-17.1228	0
Santiaba	Thiès	14.5285	-17.0931	0
Santiabia	Thiès	14.7438	-17.067	0
Santiou Dara	Thiès	14.814	-17.1256	0
Santiou Keïta	Thiès	14.3442	-16.9106	0
Santiou Pir	Thiès	14.9344	-16.791	0
Santiou Sine	Thiès	14.9846	-16.5891	0
Sao	Thiès	15.0129	-16.9856	0
Sarène	Thiès	14.3759	-16.9021	0
Sassakh	Thiès	14.55	-16.6372	0
Sassal	Thiès	14.6232	-16.6548	0
Sassal Peul	Thiès	14.6385	-16.668	0
Sassène	Thiès	14.6833	-16.9167	0
Satté	Thiès	15.2167	-16.5333	0
Saw	Thiès	14.484	-16.6661	0
Sawkom Deux	Thiès	14.4546	-16.6807	0
Sawkom Un	Thiès	14.4616	-16.6832	0
Selko	Thiès	14.9884	-16.8159	0
Sessène	Thiès	14.6938	-16.9049	0
Seun Sérèr	Thiès	14.7951	-17.0509	0
Seun Wolof	Thiès	14.801	-17.054	0
Seydou Dia	Thiès	14.961	-17.0444	0
Sidi Bougou	Thiès	14.3774	-16.9209	0
Sidiane Un	Thiès	14.8242	-16.6648	0
Sikitia	Thiès	14.7054	-16.9409	0
Silmane	Thiès	14.7667	-16.9167	0
Sindia	Thiès	14.5829	-17.0347	0
Sindia Kafngoun	Thiès	14.5656	-17.0311	0
Sindia Lorom	Thiès	14.5743	-17.0299	0
Sine	Thiès	14.6667	-16.8167	0
Sine Bakar Diop	Thiès	14.9367	-17.0518	0
Sine Kane	Thiès	15.177	-16.7424	0
Sine Lèye Kane	Thiès	15.0087	-16.5202	0
Sine Makoumba	Thiès	15.0057	-16.4883	0
Sinebakeur	Thiès	14.9333	-17.0333	0
Sinndiane Kibik	Thiès	14.4833	-16.85	0
Sinne	Thiès	15.2	-16.3667	0
Sinou Khali	Thiès	14.9574	-16.7845	0
Sinou Madiaga	Thiès	15.1833	-16.6333	0
Sinou Yoro	Thiès	15.1667	-16.4667	0
Sintiane	Thiès	14.4795	-17.0209	0
Sintiane Sérère	Thiès	14.4782	-17.0157	0
Sintiou Bouma	Thiès	15.1833	-16.6167	0
Sintiou Godaguèn	Thiès	14.4591	-16.7921	0
Sintiou Mbadane	Thiès	14.4021	-16.9116	0
Sintiou Mbadane Peul	Thiès	14.4119	-16.9325	0
Sintiou Ouakha	Thiès	15.1	-16.8667	0
Sintiou Tiambala	Thiès	15.1167	-16.3	0
Siné Cissé	Thiès	14.7564	-16.7341	0
Siné Kane	Thiès	15.1167	-16.6667	0
Siné Mbarik	Thiès	15.1333	-16.6333	0
Sipane	Thiès	14.621	-16.937	0
Sissis	Thiès	14.537	-16.5985	0
Siéno	Thiès	15.1833	-16.35	0
Somone	Thiès	14.4865	-17.0752	5448
Sop	Thiès	14.5746	-16.6068	0
Sorok	Thiès	14.6	-16.8	0
Sorokh	Thiès	14.7491	-17.1268	0
Sorokh	Thiès	14.5449	-17.0576	0
Sorokh Khassab	Thiès	14.5382	-17.0609	0
Sotiane	Thiès	14.7855	-16.6968	0
Soudiane Ngangou	Thiès	14.3569	-16.8059	0
Soudiane Tiélèm	Thiès	14.231	-16.7505	0
Soukhèm	Thiès	14.4523	-16.7987	0
Soulouf	Thiès	14.7563	-17.1215	0
Soun	Thiès	14.7084	-17.0618	0
Soun Mbadat	Thiès	14.6895	-17.0684	0
Soun Sérèr	Thiès	14.7097	-17.0677	0
Soun Wolof	Thiès	14.7045	-17.0485	0
Soung	Thiès	14.5546	-17.0621	0
Soussane	Thiès	14.3892	-16.8196	0
Soussoum	Thiès	14.5822	-16.774	0
Soussoum	Thiès	14.5938	-16.6078	0
Sègueul	Thiès	14.5308	-17.0586	0
Sèw Khaye	Thiès	14.7659	-16.7315	0
Ségal	Thiès	15.1667	-16.8167	0
Ségueule	Thiès	14.9761	-17.0013	0
Séou	Thiès	15.3167	-16.45	0
Séré	Thiès	14.5382	-17.0647	0
Séssène	Thiès	14.6495	-16.7468	0
Séssène	Thiès	14.4284	-16.7505	0
Séssène Diak	Thiès	14.6658	-16.7428	0
Tabi	Thiès	15.0662	-16.52	0
Tago	Thiès	14.7597	-17.0732	0
Takhoum Ngogom	Thiès	14.4769	-16.9076	0
Takhoum Sérèr	Thiès	14.4848	-16.9208	0
Takhoum Wolof	Thiès	14.4957	-16.9059	0
Tal Bakhlé	Thiès	14.9996	-16.2591	0
Talane	Thiès	14.9882	-17.0115	0
Talène	Thiès	14.9833	-16.7167	0
Tanguis	Thiès	14.6408	-17.1308	0
Tanguis	Thiès	14.5333	-16.9333	0
Tankoye	Thiès	14.5954	-17.0937	0
Tankoye	Thiès	14.6982	-17.1136	0
Taoua	Thiès	15.0	-16.7167	0
Taram	Thiès	14.5167	-16.9167	0
Tasset	Thiès	14.6066	-16.8653	0
Tassèt Peul	Thiès	14.6303	-16.8533	0
Tassèt Toucouleur	Thiès	14.6241	-16.8623	0
Tataguine Bambara	Thiès	14.4326	-16.6355	0
Tataguine Sérèr	Thiès	14.4608	-16.6536	0
Tatène Bambara	Thiès	14.6746	-16.886	0
Tatène Sérèr	Thiès	14.6642	-16.9036	0
Tatène Toucouleur	Thiès	14.6703	-16.9061	0
Tawa	Thiès	14.7448	-16.8995	0
Taïba Mbaye	Thiès	15.0206	-16.877	0
Taïba Ndaw	Thiès	14.8163	-16.7529	0
Taïba Ndia	Thiès	15.1333	-16.75	0
Taïba Ndiaye	Thiès	15.0371	-16.8793	0
Taïba Rhabe	Thiès	15.0333	-16.8667	0
Taïba Sintié	Thiès	15.0333	-16.9	0
Taïbé	Thiès	15.1167	-16.3833	0
Taïnango	Thiès	14.5167	-16.9833	0
Tenne	Thiès	15.05	-16.4333	0
Teup Dal	Thiès	14.6893	-16.8946	0
Teuptal	Thiès	15.2667	-16.4333	0
Thiadiaye	Thiès	14.4204	-16.7026	20168
Thiki	Thiès	14.6103	-17.0773	0
Thila Boubou	Thiès	14.7785	-16.6876	0
Thila Boul	Thiès	14.8322	-16.6461	0
Thila Ounté	Thiès	14.7981	-16.6853	0
Thilane Dior	Thiès	14.9627	-16.946	0
Thilane Tangor	Thiès	14.958	-16.953	0
Thilaw	Thiès	14.6215	-17.1259	0
Thissé	Thiès	14.9759	-16.7237	0
Thiès	Thiès	14.7894	-16.926	317763
Thiès Est	Thiès	14.7773	-16.9158	0
Thiès Nones	Thiès	14.7833	-16.9667	252320
Thiès Nord	Thiès	14.8085	-16.9166	0
Thiès Sud	Thiès	14.7775	-16.9354	0
Tiabla	Thiès	14.6	-17.1333	0
Tiafoura	Thiès	14.5349	-17.0616	0
Tiafoura	Thiès	14.9875	-16.2322	0
Tial	Thiès	15.2333	-16.8	0
Tialane	Thiès	14.5295	-17.0966	0
Tiallé	Thiès	15.2434	-16.8012	0
Tialé	Thiès	14.65	-16.8333	0
Tialé	Thiès	15.0007	-16.8382	0
Tialé	Thiès	14.838	-16.875	0
Tialé Deux	Thiès	14.6376	-16.8472	0
Tiambi	Thiès	14.6655	-16.9757	0
Tiambokh	Thiès	14.5701	-17.1023	0
Tiambokh	Thiès	14.5345	-17.0645	0
Tiambokh	Thiès	14.6979	-17.0457	0
Tiamrouss	Thiès	15.1333	-16.8167	0
Tiamène	Thiès	14.9443	-16.6998	0
Tiandigué	Thiès	14.7004	-16.6418	0
Tiandène	Thiès	14.5208	-16.7219	0
Tiangué	Thiès	14.4124	-16.8597	0
Tiaouane	Thiès	15.3167	-16.3667	0
Tiaoun	Thiès	14.862	-16.9067	0
Tiaoun Sérèr	Thiès	14.8685	-16.8866	0
Tiar Fiâye	Thiès	14.8454	-16.687	0
Tiar Tiolor	Thiès	15.127	-16.5685	0
Tiarkhandam	Thiès	15.0333	-16.6167	0
Tiarène	Thiès	15.3333	-16.75	0
Tiarène	Thiès	14.8291	-16.71	0
Tiataye	Thiès	14.8857	-16.8773	0
Tiatiaw	Thiès	14.5999	-16.5792	0
Tiavène	Thiès	15.25	-16.4167	0
Tiaye	Thiès	14.914	-17.0557	0
Tibar	Thiès	15.1667	-16.5333	0
Tibar Fal	Thiès	15.1	-16.4167	0
Tibo	Thiès	15.15	-16.5833	0
Tienng	Thiès	15.1	-16.4833	0
Tieudèm	Thiès	14.8955	-17.0907	0
Tigad	Thiès	14.8167	-16.6667	0
Til Siéno	Thiès	15.1833	-16.3667	0
Tillé	Thiès	15.05	-16.3667	0
Tilène	Thiès	14.8333	-16.65	0
Tilène	Thiès	14.5654	-17.1276	0
Timbora	Thiès	15.0333	-16.8	0
Tiokhmat	Thiès	15.4167	-16.75	0
Tioké Kiouar	Thiès	15.1167	-16.7167	0
Tiolane	Thiès	15.05	-16.2333	0
Tiombolodji	Thiès	14.5306	-16.9374	0
Tiorol	Thiès	14.7309	-16.8913	0
Tioukougne Peul	Thiès	15.4417	-16.7273	0
Tiounène	Thiès	15.05	-16.5	0
Tiourèneguène	Thiès	15.0167	-16.25	0
Tivaouane	Thiès	14.9519	-16.8152	102658
Tivaré	Thiès	15.0333	-16.7667	0
Tiwigne Ndiassa	Thiès	14.9219	-16.9934	0
Tième Souaré	Thiès	14.7495	-16.9232	0
Tièss	Thiès	15.0333	-16.95	0
Tiékès	Thiès	14.5046	-17.0091	0
Tiéna Gare	Thiès	14.7638	-16.7962	0
Tiénaba	Thiès	14.7699	-16.8072	0
Tiénaba Khabane	Thiès	14.5762	-16.8454	0
Tiéwo	Thiès	14.6527	-16.9738	0
Toba Samba	Thiès	14.7386	-16.9314	0
Tobène	Thiès	15.0333	-16.7833	0
Tok Lou Ouolof	Thiès	14.7028	-17.1154	0
Tok Lou Sérèr	Thiès	14.6993	-17.1216	0
Tok Lou Wolof	Thiès	14.6809	-17.1266	0
Tokomak	Thiès	14.539	-16.5495	0
Tokorak	Thiès	14.5541	-16.5713	0
Tor	Thiès	14.8862	-17.0796	0
Toro	Thiès	15.0	-16.5167	0
Toro Malik	Thiès	14.941	-16.8388	0
Touba Dieng	Thiès	14.548	-16.9054	0
Touba Fal	Thiès	14.9551	-16.6838	0
Touba Guèye	Thiès	14.7625	-16.825	0
Touba Kane	Thiès	15.0333	-16.55	0
Touba Ndiaye	Thiès	15.1667	-16.8667	0
Touba Toul	Thiès	14.8187	-16.6643	0
Toubatoule	Thiès	14.8196	-16.6614	0
Toubé	Thiès	15.2167	-16.4333	0
Toufi	Thiès	15.1833	-16.7167	0
Tougouni	Thiès	14.7511	-17.0712	0
Toukouleur	Thiès	15.1167	-16.5	0
Touli	Thiès	14.729	-17.0817	0
Toumboulène	Thiès	15.0667	-16.4167	0
Tounde Tioune	Thiès	15.1487	-16.6706	0
Tounène	Thiès	15.0833	-16.25	0
Touré	Thiès	15.0167	-16.3	0
Touré	Thiès	14.6527	-16.6809	0
Tyilmakha	Thiès	15.0301	-16.2502	0
Tâk	Thiès	14.6669	-17.0433	0
Tâk	Thiès	14.6104	-17.0917	0
Tène Toubab	Thiès	14.5169	-16.9398	0
Téprin Deux	Thiès	14.6695	-17.0381	0
Téprin Un	Thiès	14.6651	-17.0396	0
Térokh	Thiès	14.9496	-16.8525	0
Tétiour	Thiès	15.2333	-16.4333	0
Veuta	Thiès	15.1167	-16.95	0
Vélingara	Thiès	14.4505	-16.9958	0
Wadia Dieng	Thiès	15.0094	-16.2833	0
Wakhal	Thiès	14.8851	-17.0896	0
Wakhal Diamm	Thiès	14.9959	-16.559	0
Wakhou	Thiès	14.8757	-16.6589	0
Warang	Thiès	14.3735	-16.9437	3500
Warang	Thiès	14.3677	-16.9372	0
Wéla	Thiès	14.914	-16.8504	0
Yabo Yabo	Thiès	14.4436	-16.6655	0
Yadjine	Thiès	14.9649	-16.774	0
Yadou	Thiès	14.8802	-16.7813	0
Yadé	Thiès	14.8118	-17.0896	0
Yendounane	Thiès	15.0167	-16.7667	0
Yolma Deux	Thiès	15.0198	-16.2505	0
Yoye	Thiès	15.2	-16.3	0
Yéa	Thiès	15.1051	-16.2512	0
Yéba	Thiès	14.7318	-17.1154	0
Yéba I	Thiès	14.7378	-17.1203	0
Yéba Inda	Thiès	14.7243	-17.1135	0
Yémal	Thiès	14.9526	-16.9738	0
Yénima	Thiès	15.1167	-16.6667	0
Abene	Ziguinchor	13.0	-16.7333	0
Abéné	Ziguinchor	12.9986	-16.7209	0
Adoune Bram	Ziguinchor	12.4683	-15.9158	0
Adéane	Ziguinchor	12.63	-16.0169	2115
Affiniam	Ziguinchor	12.6544	-16.3628	0
Agnak Grand	Ziguinchor	12.5719	-16.1047	0
Agnak Petit	Ziguinchor	12.5719	-16.1219	0
Aguior	Ziguinchor	12.9333	-16.1333	0
Ahinga	Ziguinchor	12.4125	-16.3642	0
Ahèr	Ziguinchor	12.6733	-16.7	0
Alakounda	Ziguinchor	13.1667	-15.9667	0
Albadar	Ziguinchor	13.0023	-16.6963	0
Atadialama	Ziguinchor	12.5858	-16.7544	0
Atioum	Ziguinchor	12.6747	-16.0728	0
Atouré	Ziguinchor	12.4928	-16.3158	0
Ayoum	Ziguinchor	12.4539	-16.5344	0
Babate	Ziguinchor	12.7006	-16.0586	0
Babonda	Ziguinchor	12.4328	-16.2708	0
Badagar	Ziguinchor	12.85	-16.2833	0
Badem	Ziguinchor	12.4542	-16.3122	0
Badiana	Ziguinchor	12.9161	-16.4381	0
Badiat	Ziguinchor	12.5181	-16.3853	0
Badioal	Ziguinchor	12.7344	-16.3308	0
Badiongo	Ziguinchor	12.4525	-15.9531	0
Badionka	Ziguinchor	13.082	-16.137	0
Badionka	Ziguinchor	13.1007	-16.1781	0
Badionkoto	Ziguinchor	13.0635	-16.5798	0
Badionkoto	Ziguinchor	12.49	-16.2456	0
Badionkoton	Ziguinchor	12.4997	-16.3836	0
Badiouré	Ziguinchor	12.8772	-16.1389	0
Badiéléli	Ziguinchor	12.9394	-16.5186	0
Bafikane	Ziguinchor	12.4706	-16.4042	0
Bagaga	Ziguinchor	12.6869	-16.2958	0
Bagame	Ziguinchor	12.4103	-16.3161	0
Baganha	Ziguinchor	12.6	-16.05	0
Bagaya	Ziguinchor	12.7306	-16.4	0
Bahanga	Ziguinchor	12.8833	-16.0833	0
Bakingaye	Ziguinchor	13.1498	-16.1317	0
Bakounou	Ziguinchor	12.45	-16.4167	0
Bala Bassène	Ziguinchor	13.0686	-16.1923	0
Bala Djifalone	Ziguinchor	13.0755	-16.1867	0
Bala Guirène	Ziguinchor	13.083	-16.1943	0
Bala Ougonor	Ziguinchor	13.0942	-16.1621	0
Balandine	Ziguinchor	13.0105	-16.3052	0
Balanga	Ziguinchor	13.0505	-16.16	0
Balankine	Ziguinchor	12.8892	-15.9861	0
Balankine	Ziguinchor	12.7167	-16.05	0
Balian	Ziguinchor	12.9389	-16.2292	0
Balib	Ziguinchor	12.7833	-16.2167	0
Baline	Ziguinchor	12.9192	-16.4589	0
Balingor	Ziguinchor	12.7753	-16.3567	0
Balonguine	Ziguinchor	12.9744	-16.4186	0
Balénia	Ziguinchor	12.9	-16.2833	0
Balénian	Ziguinchor	13.0496	-16.1751	0
Baléou	Ziguinchor	12.7811	-16.3439	0
Banbadinnka	Ziguinchor	12.5119	-16.1819	0
Bandial	Ziguinchor	12.5808	-16.4831	0
Bandjikaki	Ziguinchor	13.0234	-16.6891	0
Banganga	Ziguinchor	12.6064	-16.0558	0
Bangounam	Ziguinchor	12.95	-16.1333	0
Bani Israël	Ziguinchor	13.0708	-16.5574	0
Baningor	Ziguinchor	13.1602	-16.1211	0
Bankassouk	Ziguinchor	12.7028	-16.7214	0
Bantanari	Ziguinchor	13.043	-16.1556	0
Baraf	Ziguinchor	12.5206	-16.3086	0
Baraguès	Ziguinchor	13.1167	-16.15	0
Baraka Bounao	Ziguinchor	12.4953	-16.1933	0
Baraka Patata	Ziguinchor	12.45	-16.1333	0
Baraka Poukao	Ziguinchor	12.4667	-16.2	0
Barakès	Ziguinchor	13.1206	-16.4752	0
Baralak	Ziguinchor	12.9058	-16.1739	0
Barandalat	Ziguinchor	13.0529	-16.2586	0
Barantir	Ziguinchor	12.94	-16.3703	0
Barouk	Ziguinchor	12.7828	-16.2056	0
Baréguessin	Ziguinchor	13.0167	-16.3833	0
Bassanbéa	Ziguinchor	12.9833	-16.35	0
Bassem Kassana	Ziguinchor	13.1573	-16.0581	0
Bassem Lessé	Ziguinchor	13.0893	-16.0443	0
Bassinkil	Ziguinchor	13.0934	-16.2039	0
Bassène	Ziguinchor	12.9536	-16.3719	0
Bassène	Ziguinchor	13.089	-16.3579	0
Bassène	Ziguinchor	12.95	-16.3667	0
Bassène	Ziguinchor	13.0667	-16.3833	0
Basséré	Ziguinchor	12.4508	-16.3667	0
Batabout	Ziguinchor	13.0027	-16.2183	0
Batankigné	Ziguinchor	13.0155	-16.1759	0
Batinding	Ziguinchor	13.1136	-16.174	0
Batinding Boudiakène	Ziguinchor	13.1217	-16.17	0
Batinding Diémé	Ziguinchor	13.0398	-16.2301	0
Batindié	Ziguinchor	12.8167	-16.2	0
Batinièr	Ziguinchor	12.5481	-16.4072	0
Batinièr	Ziguinchor	12.5008	-16.4831	0
Batékel	Ziguinchor	12.9833	-16.1833	0
Baïla	Ziguinchor	12.8942	-16.3522	0
Bernal	Ziguinchor	12.55	-16.3167	0
Bessoloum	Ziguinchor	12.46	-15.9911	0
Bignona	Ziguinchor	12.8103	-16.2264	28642
Binndago	Ziguinchor	12.8333	-16.2333	0
Binndago	Ziguinchor	12.7942	-16.2789	0
Binnkine	Ziguinchor	12.9353	-16.5022	0
Birasso	Ziguinchor	13.0301	-16.6579	0
Birassou	Ziguinchor	13.0348	-16.6787	0
Birkamanding Deux	Ziguinchor	13.0388	-16.6412	0
Birkamanding Un	Ziguinchor	13.0193	-16.444	0
Bissari Dioub	Ziguinchor	13.0	-15.9333	0
Bissine	Ziguinchor	12.5306	-15.9586	0
Biti Biti	Ziguinchor	13.0163	-16.3732	0
Blaze	Ziguinchor	12.5003	-15.9728	0
Bodia	Ziguinchor	12.95	-16.2667	0
Bodé	Ziguinchor	12.6533	-16.425	0
Bofa	Ziguinchor	12.4906	-16.1336	0
Boissédou	Ziguinchor	13.1167	-15.95	0
Bokaré	Ziguinchor	13.0221	-16.2428	0
Boko	Ziguinchor	12.775	-16.7556	0
Borofaye	Ziguinchor	12.4925	-16.29	0
Borofaye	Ziguinchor	12.5167	-16.2833	0
Borofaye Bayot	Ziguinchor	12.5167	-16.2833	0
Borofaye Diola	Ziguinchor	12.5092	-16.2819	0
Borone	Ziguinchor	13.0344	-16.2137	0
Boucotte Ouest	Ziguinchor	12.575	-16.2817	0
Boudiangate	Ziguinchor	12.95	-16.0167	0
Boudock	Ziguinchor	13.0965	-16.7088	0
Boudody Escale	Ziguinchor	12.5853	-16.2706	0
Boudone	Ziguinchor	12.6833	-16.25	0
Boufou	Ziguinchor	12.65	-16.6833	0
Bougolo	Ziguinchor	12.9833	-16.0667	0
Bougolor	Ziguinchor	13.0244	-16.121	0
Bougolor	Ziguinchor	12.8214	-16.3717	0
Bougourem	Ziguinchor	13.1309	-16.037	0
Bougoutoum	Ziguinchor	12.9031	-16.0917	0
Bouhinor	Ziguinchor	12.8639	-16.0564	0
Bouhouyoume	Ziguinchor	12.45	-16.25	0
Boukitimgo	Ziguinchor	12.4483	-16.5906	0
Boukiyak	Ziguinchor	12.6508	-16.395	0
Boukot Ouolof	Ziguinchor	12.4164	-16.7506	0
Boukote Diola	Ziguinchor	12.4214	-16.7447	0
Boulalo	Ziguinchor	12.5903	-16.7592	0
Boulana	Ziguinchor	12.6217	-16.7539	0
Boulandor	Ziguinchor	12.7453	-16.0481	0
Boulayot	Ziguinchor	13.0709	-16.1413	0
Boulingué	Ziguinchor	12.6794	-16.1517	0
Boulingué Toria	Ziguinchor	12.7	-16.15	0
Boulonp	Ziguinchor	12.5381	-16.2094	0
Boulouwaye	Ziguinchor	13.0887	-16.3406	0
Boulélaye	Ziguinchor	13.1213	-16.2766	0
Boulélaye	Ziguinchor	13.0943	-16.0717	0
Boulélaye	Ziguinchor	13.119	-16.1347	0
Boumane	Ziguinchor	12.4794	-15.9608	0
Boundialoum	Ziguinchor	12.4589	-16.1714	0
Boune	Ziguinchor	12.7978	-16.765	0
Bouniak	Ziguinchor	12.3906	-16.3719	0
Bounièye	Ziguinchor	13.1436	-16.2787	0
Bouranol Bessoloum	Ziguinchor	12.4667	-16.0167	0
Bourassik	Ziguinchor	12.6244	-16.7433	0
Bourek	Ziguinchor	12.7194	-16.1611	0
Bourkadié	Ziguinchor	12.4667	-16.25	0
Bourom	Ziguinchor	13.1629	-16.6086	0
Bourouhou	Ziguinchor	12.5372	-16.0692	0
Bourouko	Ziguinchor	12.9944	-16.1286	0
Bouroun	Ziguinchor	12.8667	-15.9833	0
Boutdate Karanba	Ziguinchor	12.7039	-16.1625	0
Bouto	Ziguinchor	12.8667	-16.05	0
Boutolate	Ziguinchor	12.8331	-16.2217	0
Boutomale	Ziguinchor	12.6606	-16.2539	0
Boutoupa	Ziguinchor	12.4897	-16.0878	0
Boutoute	Ziguinchor	12.5567	-16.2339	0
Boutème	Ziguinchor	12.6444	-16.4053	0
Boutégol	Ziguinchor	12.7056	-16.4536	0
Bouyouye	Ziguinchor	12.4439	-16.7494	0
Bouyèm	Ziguinchor	13.0318	-16.1247	0
Brikamandine	Ziguinchor	13.0167	-16.45	0
Brin	Ziguinchor	12.5331	-16.3561	0
Brindiago	Ziguinchor	13.0362	-16.2764	0
Bélaye	Ziguinchor	12.9019	-16.3964	0
Béma	Ziguinchor	12.6833	-16.3833	0
Bépeul	Ziguinchor	13.1644	-16.1168	0
Béssiré	Ziguinchor	12.8606	-16.4386	0
Cap Skirring	Ziguinchor	12.3501	-16.7171	1822
Dandialat	Ziguinchor	12.7106	-16.3544	0
Dandoune	Ziguinchor	13.0404	-16.1181	0
Dar Silam Chérif	Ziguinchor	13.0783	-16.5372	0
Daroul Rhaïry	Ziguinchor	13.052	-16.5615	0
Darsalam	Ziguinchor	12.4981	-16.3347	0
Diabane	Ziguinchor	12.5447	-16.0931	0
Diabir	Ziguinchor	12.8926	-16.0521	0
Diaboudior	Ziguinchor	12.9169	-16.2822	0
Diaboudior	Ziguinchor	13.1333	-16.1833	0
Diaboudior Tangal	Ziguinchor	13.1341	-16.1856	0
Diabrikindiong	Ziguinchor	12.8881	-16.0467	0
Diacopère	Ziguinchor	12.9336	-16.1264	0
Diadoukounda	Ziguinchor	13.1533	-16.0252	0
Diagnon	Ziguinchor	12.5808	-15.9742	0
Diagon	Ziguinchor	12.9117	-16.1664	0
Diagoubel	Ziguinchor	12.6997	-16.3264	0
Diagour	Ziguinchor	12.8167	-16.0167	0
Diakine	Ziguinchor	13.1224	-16.2589	0
Diakine	Ziguinchor	12.9161	-16.2542	0
Diakoye	Ziguinchor	12.9167	-16.35	0
Diakoye	Ziguinchor	13.1098	-16.2398	0
Diakoye Banga	Ziguinchor	12.9969	-16.2192	0
Diakoye Batong	Ziguinchor	13.0171	-16.2284	0
Diakoye Komboli	Ziguinchor	13.1095	-16.2896	0
Diakène	Ziguinchor	12.4428	-16.6294	0
Diakène Ouolof	Ziguinchor	12.4564	-16.64	0
Dialang	Ziguinchor	12.4667	-16.4167	0
Dialéo	Ziguinchor	13.0618	-16.2289	0
Diamaye Inor	Ziguinchor	13.0333	-15.95	0
Diamaye Kadialon	Ziguinchor	13.0333	-15.9333	0
Diamaye Kankandé	Ziguinchor	13.0167	-15.95	0
Diamaye Kansérane	Ziguinchor	13.05	-15.9667	0
Diana	Ziguinchor	12.9753	-16.7181	0
Dianag	Ziguinchor	12.9403	-16.2142	0
Dianag	Ziguinchor	13.1037	-16.15	0
Diangho	Ziguinchor	12.8106	-16.0286	0
Diango	Ziguinchor	12.8814	-16.0661	0
Diankadjoul	Ziguinchor	12.6422	-16.7694	0
Dianki	Ziguinchor	12.8625	-16.4694	0
Dianoundio	Ziguinchor	12.5092	-16.0797	0
Diarone	Ziguinchor	12.8275	-16.1739	0
Diassi	Ziguinchor	12.5667	-16.2833	0
Diatang	Ziguinchor	12.9267	-16.3317	0
Diatem	Ziguinchor	12.4692	-16.6247	0
Diatok	Ziguinchor	12.7078	-16.4061	0
Diembéreng	Ziguinchor	12.4689	-16.7806	0
Diengi	Ziguinchor	12.7511	-16.2764	0
Diguèt	Ziguinchor	12.6775	-16.7564	0
Dikounta	Ziguinchor	12.7667	-16.1	0
Dikès	Ziguinchor	12.8019	-16.2031	0
Dilapao	Ziguinchor	12.6164	-16.3844	0
Dimassane	Ziguinchor	12.5817	-16.73	0
Dimbaya	Ziguinchor	13.1647	-16.6336	0
Diogué	Ziguinchor	12.5744	-16.7525	0
Diokadou	Ziguinchor	13.1334	-16.113	0
Diola	Ziguinchor	12.5092	-16.3008	0
Diondène	Ziguinchor	12.8572	-16.1281	0
Diongol	Ziguinchor	13.0447	-16.3021	0
Dioubour	Ziguinchor	12.6667	-16.1333	0
Dioudian Kalou	Ziguinchor	13.0838	-16.0256	0
Dioudian Kantapor	Ziguinchor	13.0622	-16.042	0
Diouloulou	Ziguinchor	13.0501	-16.5998	5920
Diounougé	Ziguinchor	12.9167	-16.3742	0
Diouonkène	Ziguinchor	13.1563	-16.1703	0
Diourou	Ziguinchor	12.8022	-16.2731	0
Dioère	Ziguinchor	12.4569	-16.4194	0
Ditéli	Ziguinchor	13.1058	-16.0604	0
Diédiel	Ziguinchor	13.0122	-16.2025	0
Diégoun	Ziguinchor	12.8367	-16.3675	0
Diégué	Ziguinchor	13.0194	-16.1889	0
Diélinkine	Ziguinchor	13.0806	-16.0818	0
Diélinkine	Ziguinchor	13.0596	-16.1007	0
Diélékénoum	Ziguinchor	12.5167	-16.4167	0
Diémi	Ziguinchor	12.95	-16.0	0
Diénoukounda	Ziguinchor	13.1438	-16.5635	0
Djibali	Ziguinchor	13.0598	-16.5956	0
Djibanar	Ziguinchor	12.5456	-16.2592	0
Djibara	Ziguinchor	13.1027	-16.4087	0
Djibiam	Ziguinchor	13.0702	-16.2816	0
Djibidione	Ziguinchor	13.0617	-16.2623	0
Djibohère	Ziguinchor	12.5333	-16.35	0
Djibonker	Ziguinchor	12.5333	-16.35	0
Djibélor	Ziguinchor	12.5553	-16.325	0
Djibélor Baïnouk	Ziguinchor	12.55	-16.3	0
Djifanga	Ziguinchor	13.1634	-16.1913	0
Djifangor	Ziguinchor	12.5658	-16.2253	0
Djigirone	Ziguinchor	12.9942	-15.9675	0
Djigoyèr	Ziguinchor	13.1394	-16.1453	0
Djiguinoume	Ziguinchor	12.6736	-16.1969	0
Djiguipoum	Ziguinchor	12.7333	-16.05	0
Djiguirone	Ziguinchor	13.1051	-16.2469	0
Djilakoun	Ziguinchor	13.0856	-16.5206	0
Djilakounda	Ziguinchor	13.154	-16.255	0
Djilakoune	Ziguinchor	12.6544	-16.2136	0
Djilakoune Boundao	Ziguinchor	12.65	-16.2167	0
Djilanfalé	Ziguinchor	13.1637	-16.1418	0
Djililo	Ziguinchor	12.45	-16.2833	0
Djilondine	Ziguinchor	12.9167	-16.2667	0
Djilonguéa	Ziguinchor	12.8775	-15.9844	0
Djimakakor	Ziguinchor	12.8175	-16.2919	0
Djimandé	Ziguinchor	12.785	-16.3967	0
Djinake	Ziguinchor	12.9467	-16.4628	0
Djinal	Ziguinchor	13.0272	-16.1757	0
Djinimine	Ziguinchor	12.9661	-16.575	0
Djinokouna	Ziguinchor	12.5667	-16.1578	0
Djinol	Ziguinchor	13.0065	-16.3761	0
Djinol	Ziguinchor	13.0003	-16.399	0
Djinonaye	Ziguinchor	12.9833	-16.1333	0
Djinoungué	Ziguinchor	13.0223	-16.3194	0
Djioundji	Ziguinchor	13.0894	-16.2083	0
Djipakoum	Ziguinchor	12.9131	-16.0625	0
Djirak	Ziguinchor	12.3589	-16.6261	0
Djiral	Ziguinchor	13.0996	-16.3291	0
Djiromaït	Ziguinchor	12.5475	-16.5278	0
Djirèm	Ziguinchor	13.0247	-16.2635	0
Djiter	Ziguinchor	13.1129	-16.3097	0
Djitoukoubon	Ziguinchor	12.8042	-16.1794	0
Djiva	Ziguinchor	12.8167	-16.2	0
Djièye	Ziguinchor	13.1103	-16.2157	0
Djoumbel	Ziguinchor	12.935	-16.3172	0
Djringoumane	Ziguinchor	12.8553	-16.0181	0
Dombondir	Ziguinchor	13.1366	-16.6929	0
Donbondir	Ziguinchor	13.1361	-16.6953	0
Doudame	Ziguinchor	12.3833	-16.5167	0
Dougouné	Ziguinchor	13.0667	-16.2667	0
Dougouné	Ziguinchor	13.0682	-16.4274	0
Dourou	Ziguinchor	12.5042	-16.3742	0
Ebato	Ziguinchor	13.0089	-16.3282	0
Ebinako	Ziguinchor	12.9667	-16.4833	0
Ebol	Ziguinchor	13.0415	-16.2155	0
Ediamat	Ziguinchor	12.7403	-16.47	0
Ediouma	Ziguinchor	12.4619	-16.36	0
Efok	Ziguinchor	12.4078	-16.52	0
Efok Etouta	Ziguinchor	12.6289	-16.7617	0
Efrane Elinkine	Ziguinchor	12.5167	-16.7	0
Efrane Kachiouane	Ziguinchor	12.5167	-16.7167	0
Eguilaye	Ziguinchor	12.8797	-16.2847	0
Eguiénor	Ziguinchor	13.0	-16.25	0
Ehidj	Ziguinchor	12.4614	-16.6983	0
Ekonète	Ziguinchor	12.9333	-16.25	0
Elana	Ziguinchor	12.675	-16.4369	0
Elinkinde	Ziguinchor	12.5058	-16.6661	0
Eloaye	Ziguinchor	12.8006	-16.7519	0
Elol	Ziguinchor	13.1144	-16.3405	0
Elol	Ziguinchor	13.0979	-16.1905	0
Elora	Ziguinchor	12.6058	-16.3722	0
Emaye	Ziguinchor	12.4372	-16.5669	0
Enanpor	Ziguinchor	12.5117	-16.4489	0
Ering	Ziguinchor	12.5167	-16.3667	0
Ering	Ziguinchor	12.3761	-16.6314	0
Ering	Ziguinchor	12.5622	-16.1181	0
Erinndian	Ziguinchor	12.8997	-16.2275	0
Essanholou	Ziguinchor	12.5825	-16.7508	0
Essaoul	Ziguinchor	12.4122	-16.6286	0
Essil	Ziguinchor	12.5194	-16.4261	0
Essofol	Ziguinchor	12.9	-16.25	0
Essom	Ziguinchor	13.0625	-16.3869	0
Essoukoudiak	Ziguinchor	12.3603	-16.6292	0
Etafoune	Ziguinchor	12.4333	-16.4	0
Etama	Ziguinchor	12.8833	-16.2	0
Etama	Ziguinchor	12.5536	-16.4783	0
Etomé	Ziguinchor	12.4753	-16.3639	0
Etouta	Ziguinchor	12.7231	-16.6472	0
Etékome	Ziguinchor	12.7667	-16.35	0
Falméré	Ziguinchor	12.8186	-16.1864	0
Fanda	Ziguinchor	12.5797	-16.1364	0
Fanghote	Ziguinchor	12.5347	-16.1617	0
Fanghote Mankagne	Ziguinchor	12.5167	-16.1667	0
Fangoumé	Ziguinchor	12.7133	-16.1403	0
Farankounda	Ziguinchor	12.8333	-16.2	0
Figrome	Ziguinchor	12.6833	-16.2167	0
Finntiok	Ziguinchor	12.6589	-16.115	0
Fogni	Ziguinchor	12.5281	-16.2328	0
Fontama	Ziguinchor	12.7025	-16.4167	0
Foulakounda	Ziguinchor	12.95	-16.5503	0
Foulakounda	Ziguinchor	12.5372	-16.3028	0
Foulo	Ziguinchor	12.75	-16.2833	0
Fufo	Ziguinchor	13.1672	-16.5936	0
Gongoulou	Ziguinchor	12.935	-16.0842	0
Goniam	Ziguinchor	13.0514	-16.33	0
Gonoum	Ziguinchor	12.5986	-16.0353	0
Goubo	Ziguinchor	13.0477	-16.0483	0
Goudoumé	Ziguinchor	12.4825	-16.3392	0
Gouraf	Ziguinchor	12.55	-16.2167	0
Grand-Kanao	Ziguinchor	13.1615	-16.2982	0
Guidel	Ziguinchor	12.4931	-16.1717	0
Guikès Kankamba	Ziguinchor	13.1167	-16.1	0
Guilafaguène	Ziguinchor	12.5339	-16.7275	0
Guilakounda	Ziguinchor	12.9833	-16.25	0
Guiliter	Ziguinchor	13.1309	-16.3214	0
Guimbal	Ziguinchor	13.0306	-16.3174	0
Guimel	Ziguinchor	12.9333	-16.15	0
Guinal	Ziguinchor	12.9981	-16.4014	0
Guinipé	Ziguinchor	12.9667	-16.1333	0
Guinongué	Ziguinchor	12.9961	-16.3414	0
Guinèye	Ziguinchor	13.0294	-16.2065	0
Guinéa	Ziguinchor	13.1569	-16.2617	0
Guinéa Djiadibé	Ziguinchor	13.093	-16.2405	0
Guinéen	Ziguinchor	13.0359	-16.2006	0
Guiragor	Ziguinchor	13.0166	-16.0719	0
Guirin	Ziguinchor	13.0134	-16.1166	0
Guirinnhol	Ziguinchor	12.5828	-16.1169	0
Guirio	Ziguinchor	12.9747	-16.5803	0
Guiro	Ziguinchor	13.0625	-16.0735	0
Guisaila	Ziguinchor	13.0362	-16.0977	0
Guitet	Ziguinchor	13.0769	-16.1204	0
Guitonhat	Ziguinchor	12.4767	-16.6722	0
Guizo	Ziguinchor	12.4589	-16.6842	0
Guénaré	Ziguinchor	13.0889	-16.3001	0
Guérina	Ziguinchor	12.7669	-16.2489	0
Guéringoumane	Ziguinchor	12.8667	-16.05	0
Hilol	Ziguinchor	12.8069	-16.6747	0
Ihimba	Ziguinchor	12.4489	-16.6636	0
Itou	Ziguinchor	12.6214	-16.6919	0
Kabadio	Ziguinchor	13.0358	-16.7072	0
Kabalane	Ziguinchor	12.7833	-16.5	0
Kabalang	Ziguinchor	12.6667	-16.3544	0
Kabaline	Ziguinchor	12.8233	-16.4053	0
Kabiline	Ziguinchor	12.9558	-16.5619	0
Kabobokani	Ziguinchor	12.4833	-16.2028	0
Kaboukout	Ziguinchor	12.4836	-16.6836	0
Kaboune	Ziguinchor	12.6117	-16.0286	0
Kabounkout	Ziguinchor	13.1608	-16.2783	0
Kabounkout	Ziguinchor	12.6347	-16.6667	0
Kabounkout	Ziguinchor	13.1566	-16.2866	0
Kabrousse	Ziguinchor	12.3556	-16.7206	0
Kachiouane	Ziguinchor	12.5039	-16.7144	0
Kadialouk	Ziguinchor	13.155	-16.206	0
Kadiéné	Ziguinchor	12.4667	-16.35	0
Kadjinol	Ziguinchor	12.5619	-16.5708	0
Kafar	Ziguinchor	12.5417	-16.7358	0
Kafaye	Ziguinchor	12.7	-16.1333	0
Kafinké	Ziguinchor	13.0834	-16.1126	0
Kafo	Ziguinchor	13.0207	-16.3742	0
Kafounda	Ziguinchor	13.1333	-15.9333	0
Kafountine	Ziguinchor	12.9253	-16.7389	0
Kafèsse	Ziguinchor	12.8667	-16.165	0
Kafétiène	Ziguinchor	13.136	-16.017	0
Kagadié	Ziguinchor	13.0864	-16.1932	0
Kagnarou	Ziguinchor	12.9294	-16.2261	0
Kagnobon	Ziguinchor	12.8422	-16.42	0
Kagnout	Ziguinchor	12.5489	-16.6278	0
Kagoukout	Ziguinchor	13.1354	-16.2629	0
Kaguil	Ziguinchor	12.5067	-16.2336	0
Kaguite	Ziguinchor	12.4036	-16.4114	0
Kaguite Douma	Ziguinchor	12.4	-16.4222	0
Kahinda	Ziguinchor	12.4906	-16.5281	0
Kahing	Ziguinchor	12.9178	-16.0803	0
Kahèm	Ziguinchor	12.355	-16.6039	0
Kakaré	Ziguinchor	13.0789	-16.2598	0
Kakaré	Ziguinchor	12.95	-16.45	0
Kakono	Ziguinchor	12.9667	-16.2333	0
Kakène	Ziguinchor	12.9278	-16.1692	0
Kalahaguèn	Ziguinchor	13.0425	-16.2624	0
Kalap	Ziguinchor	12.9333	-16.1	0
Kalap	Ziguinchor	13.0863	-16.0242	0
Kalap	Ziguinchor	12.7786	-16.2981	0
Kalinguène	Ziguinchor	12.5725	-16.2236	0
Kalone	Ziguinchor	13.1444	-16.142	0
Kaloubalou	Ziguinchor	13.0998	-16.0935	0
Kalé	Ziguinchor	12.6614	-16.4297	0
Kaléane	Ziguinchor	12.45	-16.4333	0
Kaléo	Ziguinchor	13.0744	-16.2043	0
Kalétiaye	Ziguinchor	13.1366	-16.2022	0
Kama	Ziguinchor	13.05	-15.9167	0
Kamarakounda	Ziguinchor	12.5042	-16.0767	0
Kamobeul	Ziguinchor	12.5028	-16.4364	0
Kanbinnta	Ziguinchor	12.5592	-16.2136	0
Kandiadi	Ziguinchor	13.1376	-16.1074	0
Kandiadiou	Ziguinchor	13.1409	-16.0378	0
Kandiankoum	Ziguinchor	12.7136	-16.7583	0
Kandiatong	Ziguinchor	12.5536	-16.2486	0
Kandiou	Ziguinchor	12.7178	-16.3522	0
Kandioubatou	Ziguinchor	13.0559	-16.0414	0
Kandong	Ziguinchor	13.1089	-16.1583	0
Kandounié	Ziguinchor	12.9536	-16.1047	0
Kandé	Ziguinchor	12.6547	-16.6906	0
Kandé	Ziguinchor	12.5667	-16.25	0
Kanho	Ziguinchor	12.6208	-16.7308	0
Kaniaka	Ziguinchor	12.5975	-16.02	0
Kanibo	Ziguinchor	12.9533	-16.5614	0
Kankandé	Ziguinchor	13.0167	-15.9333	0
Kansola	Ziguinchor	12.9978	-16.5511	0
Kantéli	Ziguinchor	13.1342	-16.1424	0
Kantépor	Ziguinchor	13.0965	-16.1254	0
Kantépor	Ziguinchor	13.1126	-16.0931	0
Kantépor	Ziguinchor	13.0438	-16.1117	0
Kaok	Ziguinchor	13.142	-16.0568	0
Kaouadir	Ziguinchor	12.8197	-16.5128	0
Kaparan	Ziguinchor	12.8644	-16.3192	0
Karabane	Ziguinchor	12.5567	-16.7003	0
Karamba	Ziguinchor	13.0999	-16.1122	0
Karanko	Ziguinchor	12.9781	-16.5239	0
Karantaba	Ziguinchor	13.0884	-16.7193	0
Karantaba	Ziguinchor	12.9999	-16.5515	0
Kariaye	Ziguinchor	12.9581	-16.5192	0
Karonko	Ziguinchor	12.55	-16.1833	0
Karounat	Ziguinchor	12.4711	-16.5211	0
Karounor	Ziguinchor	13.1582	-16.1082	0
Karounor Narang	Ziguinchor	13.1638	-16.3231	0
Kartiak	Ziguinchor	12.8667	-16.5167	0
Karénaye	Ziguinchor	13.1206	-16.1176	0
Kassana Bodian	Ziguinchor	13.1384	-16.0523	0
Kassane	Ziguinchor	13.1301	-16.0743	0
Kassankili	Ziguinchor	12.7231	-16.3011	0
Kassarane	Ziguinchor	13.0537	-16.1466	0
Kassel	Ziguinchor	12.8767	-16.7	0
Kassila	Ziguinchor	12.9119	-16.2806	0
Kassili	Ziguinchor	12.8908	-16.1619	0
Kassis	Ziguinchor	12.8833	-16.1833	0
Kassou	Ziguinchor	12.3694	-16.4111	0
Kataba Deux	Ziguinchor	13.0096	-16.5549	0
Kataba Trois	Ziguinchor	13.0154	-16.546	0
Kataba Un	Ziguinchor	13.0264	-16.5736	0
Kataki	Ziguinchor	13.0876	-16.7256	0
Katama	Ziguinchor	12.6167	-16.3833	0
Katama	Ziguinchor	13.1495	-16.156	0
Kateumteum	Ziguinchor	12.9833	-16.4833	0
Katinong	Ziguinchor	12.9872	-16.3108	0
Katinoro	Ziguinchor	13.1468	-16.1604	0
Katipeu	Ziguinchor	13.027	-16.3959	0
Katipo	Ziguinchor	12.5167	-16.2	0
Katoudié	Ziguinchor	12.9556	-16.3414	0
Katounor	Ziguinchor	13.126	-16.26	0
Kayélo	Ziguinchor	12.8247	-16.7492	0
Kaïlen	Ziguinchor	12.55	-16.3333	0
Kaïlo	Ziguinchor	13.1509	-16.05	0
Kaïlou	Ziguinchor	12.4667	-16.3833	0
Kaïlédone	Ziguinchor	13.1359	-16.112	0
Kaïnga	Ziguinchor	13.1499	-16.2083	0
Kebiline	Ziguinchor	12.95	-16.5833	0
Kenia	Ziguinchor	12.5428	-16.2814	0
Keur Babou Nditi	Ziguinchor	12.7833	-16.25	0
Kila	Ziguinchor	13.1403	-16.0084	0
Kindiong	Ziguinchor	12.9667	-16.0167	0
Kiniending	Ziguinchor	12.7372	-16.0767	0
Kiniending Binntine	Ziguinchor	12.765	-16.0942	0
Kitimbo	Ziguinchor	13.1599	-16.0336	0
Koba	Ziguinchor	13.1042	-16.5811	0
Koba Katiou	Ziguinchor	13.0667	-16.5667	0
Kolobane	Ziguinchor	12.5833	-16.2833	0
Kolomba	Ziguinchor	13.0045	-16.6743	0
Kolonba	Ziguinchor	12.7542	-16.2444	0
Kolonba	Ziguinchor	12.8167	-16.3667	0
Komboli	Ziguinchor	13.1179	-16.2911	0
Komouda	Ziguinchor	12.5089	-16.3158	0
Kona	Ziguinchor	13.1436	-16.3234	0
Kondiène	Ziguinchor	13.15	-15.9833	0
Kongoli	Ziguinchor	12.7333	-16.05	0
Konkoudia	Ziguinchor	13.0583	-16.6847	0
Kotoum	Ziguinchor	12.655	-16.7556	0
Koubalan	Ziguinchor	12.6603	-16.1703	0
Koubalar	Ziguinchor	12.8872	-16.2122	0
Koubanak	Ziguinchor	13.0286	-16.6383	0
Koubanao	Ziguinchor	12.6664	-16.09	0
Koubone	Ziguinchor	12.5822	-16.0117	0
Koudioubé	Ziguinchor	13.1039	-16.6623	0
Koudioundou	Ziguinchor	12.6093	-15.984	0
Kouini	Ziguinchor	12.9897	-16.0411	0
Koulandian Binako	Ziguinchor	13.0608	-16.535	0
Koulandiang	Ziguinchor	13.0558	-16.5411	0
Koulaye	Ziguinchor	12.9756	-16.0481	0
Koulaye	Ziguinchor	12.8553	-16.1583	0
Koulikan	Ziguinchor	12.9667	-15.9667	0
Koulissara	Ziguinchor	13.1266	-16.2119	0
Koulobori	Ziguinchor	13.1002	-16.6242	0
Koumbigjia	Ziguinchor	13.0412	-16.3072	0
Koumperto	Ziguinchor	12.5492	-16.0706	0
Kounatouba	Ziguinchor	12.9586	-16.2614	0
Koundiougor	Ziguinchor	13.1	-15.9333	0
Kouram	Ziguinchor	13.1468	-16.4031	0
Koureg	Ziguinchor	13.1182	-16.3491	0
Kouring	Ziguinchor	12.4367	-16.3806	0
Kourouk	Ziguinchor	12.9042	-16.1383	0
Koussabel	Ziguinchor	12.9686	-16.3686	0
Koutingor	Ziguinchor	12.8269	-16.2508	0
Koutoubo	Ziguinchor	12.5	-16.1667	0
Kuine	Ziguinchor	13.0651	-16.084	0
Kéboum	Ziguinchor	12.965	-16.0094	0
Kédiéto	Ziguinchor	12.6764	-16.3919	0
Kéléma Kiri	Ziguinchor	12.9783	-16.0308	0
Kérouane	Ziguinchor	12.9814	-16.7033	0
Kéyi Kaïmo	Ziguinchor	13.0185	-16.2503	0
Labissinti	Ziguinchor	12.5	-16.2	0
Lati	Ziguinchor	12.5175	-16.0333	0
Lefeu	Ziguinchor	13.047	-16.1329	0
Loudia Diola	Ziguinchor	12.5339	-16.6036	0
Loudia Ouolof	Ziguinchor	12.5136	-16.6033	0
Madina	Ziguinchor	12.5097	-16.0353	0
Madina Daffé	Ziguinchor	13.1175	-16.6359	0
Madiéda	Ziguinchor	13.1366	-16.2351	0
Mahamouda Deux	Ziguinchor	13.106	-16.683	0
Mahmouda	Ziguinchor	12.9667	-16.5	0
Mahmouda II	Ziguinchor	13.1067	-16.6864	0
Makouda	Ziguinchor	13.1422	-16.6763	0
Mambing	Ziguinchor	13.1171	-16.042	0
Mambing	Ziguinchor	13.1218	-16.0582	0
Mampalago	Ziguinchor	12.9214	-15.9964	0
Manbigné Kantapor	Ziguinchor	13.1333	-15.9833	0
Manbourouk	Ziguinchor	12.945	-16.5419	0
Mandina	Ziguinchor	12.5372	-16.2517	0
Mandina-Maro	Ziguinchor	12.5194	-16.2336	0
Mandjak	Ziguinchor	12.4978	-16.4253	0
Mandjak	Ziguinchor	12.5211	-16.3517	0
Mandouar	Ziguinchor	12.8167	-16.0333	0
Mandouar	Ziguinchor	12.7436	-16.1603	0
Mandégana	Ziguinchor	12.7497	-16.3808	0
Mangagoulak	Ziguinchor	12.6883	-16.4444	0
Mangoulé	Ziguinchor	12.8833	-16.2167	0
Mangoulé Oubème	Ziguinchor	12.85	-16.2	0
Mantat	Ziguinchor	12.8258	-16.6667	0
Mantoré	Ziguinchor	13.0385	-16.0472	0
Manémane	Ziguinchor	13.1497	-16.1723	0
Maoua	Ziguinchor	12.5242	-16.0767	0
Mararan	Ziguinchor	13.1434	-16.0648	0
Marougou	Ziguinchor	12.9	-16.0833	0
Massaran	Ziguinchor	13.0655	-16.2281	0
Missira	Ziguinchor	13.0777	-16.5937	0
Mlomp	Ziguinchor	12.8289	-16.5275	0
Mlomp	Ziguinchor	12.5531	-16.5942	0
Mongona	Ziguinchor	12.9786	-16.4639	0
Moniam	Ziguinchor	12.8786	-16.1767	0
Morikounda	Ziguinchor	12.7933	-16.0603	0
Mossor	Ziguinchor	12.3667	-16.7333	0
Moutina	Ziguinchor	12.37	-16.5803	0
Mpak	Ziguinchor	12.4619	-16.2381	0
Médina Birassou	Ziguinchor	13.0412	-16.6601	0
Méguièg	Ziguinchor	12.9469	-16.1447	0
Namoun	Ziguinchor	12.75	-16.05	0
Ndembane	Ziguinchor	13.0084	-16.3376	0
Ndiagne	Ziguinchor	12.8483	-16.035	0
Ndiéba	Ziguinchor	12.8408	-16.02	0
Niadioto	Ziguinchor	13.0326	-16.1608	0
Niadiou	Ziguinchor	12.5167	-16.0	0
Niafarang	Ziguinchor	13.0444	-16.7294	0
Niaféna	Ziguinchor	12.4636	-16.1403	0
Niaganar	Ziguinchor	12.7664	-16.5042	0
Niaguis	Ziguinchor	12.5692	-16.1736	0
Nialokan	Ziguinchor	13.0667	-15.9167	0
Nialon	Ziguinchor	12.365	-16.7083	0
Nialor	Ziguinchor	12.85	-16.2	0
Nialé	Ziguinchor	13.0704	-16.1748	0
Niamone	Ziguinchor	12.7425	-16.3344	0
Nianbalan	Ziguinchor	12.4528	-16.5178	0
Niandane	Ziguinchor	12.6639	-16.1436	0
Niangola	Ziguinchor	12.7333	-16.15	0
Nianguit	Ziguinchor	13.0076	-16.302	0
Niankite	Ziguinchor	12.9719	-16.2269	0
Niassarang	Ziguinchor	12.8931	-16.2586	0
Niaéré	Ziguinchor	13.1331	-16.2945	0
Niomoune	Ziguinchor	12.6394	-16.6567	0
Nissi	Ziguinchor	12.6617	-16.7453	0
Nyassia	Ziguinchor	12.4706	-16.3828	0
Nyikine	Ziguinchor	12.5344	-16.7544	0
Néma Djinaré	Ziguinchor	13.0835	-16.2953	0
Omoul Kouré	Ziguinchor	12.8008	-15.0672	0
Oubème	Ziguinchor	12.8492	-16.1925	0
Ougonor	Ziguinchor	13.0227	-16.1376	0
Oukout	Ziguinchor	12.4769	-16.5581	0
Oulampane	Ziguinchor	12.9561	-15.9928	0
Ouloum	Ziguinchor	12.5719	-16.7386	0
Ouloumba	Ziguinchor	13.1481	-16.0629	0
Oulélo	Ziguinchor	12.9333	-16.4667	0
Oumpountou	Ziguinchor	12.5333	-16.25	0
Ouniok	Ziguinchor	12.9814	-16.1556	0
Ouonk	Ziguinchor	12.71	-16.0556	0
Oupeut	Ziguinchor	13.1603	-16.2578	0
Oupouèle	Ziguinchor	12.9894	-16.3844	0
Ourong	Ziguinchor	12.4628	-16.6694	0
Oussak	Ziguinchor	12.8486	-16.1736	0
Oussinguène	Ziguinchor	12.6211	-16.6992	0
Oussouye	Ziguinchor	12.485	-16.5469	4828
Pakao	Ziguinchor	12.7944	-16.3894	0
Papao	Ziguinchor	12.6897	-16.3789	0
Petikan	Ziguinchor	12.5264	-16.2881	0
Petit Balandine	Ziguinchor	13.0975	-16.2722	0
Petit Koulaye	Ziguinchor	12.85	-16.1667	0
Pindite	Ziguinchor	12.9806	-16.1011	0
Piran	Ziguinchor	12.85	-16.2333	0
Pointe-Saint-Georges	Ziguinchor	12.6283	-16.5586	0
Poubasse	Ziguinchor	12.47	-16.1069	0
Pouboul	Ziguinchor	12.5153	-16.1383	0
Pouboul Kanpanhe	Ziguinchor	12.5167	-16.15	0
Poukène	Ziguinchor	13.1006	-16.4867	0
Pégné	Ziguinchor	13.0884	-16.3223	0
Quanté	Ziguinchor	13.0766	-16.1545	0
Randone	Ziguinchor	12.7403	-16.2981	0
Salindiaye	Ziguinchor	12.6928	-16.7664	0
Salo	Ziguinchor	13.0291	-16.2383	0
Saloulou	Ziguinchor	12.7614	-16.7628	0
Samatit	Ziguinchor	12.5347	-16.64	0
Sambouladian	Ziguinchor	13.0742	-16.4887	0
Samik Diola	Ziguinchor	12.4986	-16.0442	0
Samik Mandjak	Ziguinchor	12.4842	-16.0444	0
Samouna	Ziguinchor	12.8169	-16.4294	0
Santak	Ziguinchor	12.7678	-16.0439	0
Santhiaba Manjacque	Ziguinchor	12.3731	-16.5586	0
Santiaba	Ziguinchor	12.5558	-16.5353	0
Santiaba	Ziguinchor	12.5333	-16.1833	0
Santiaba	Ziguinchor	13.0461	-16.6252	0
Santiaba	Ziguinchor	12.4667	-16.1667	0
Santiaba Ouolof	Ziguinchor	12.5192	-16.6403	0
Sarinièr	Ziguinchor	12.5325	-16.55	0
Sibanga	Ziguinchor	12.9833	-16.25	0
Sibink	Ziguinchor	12.6	-16.0333	0
Sibogola	Ziguinchor	13.0309	-16.1919	0
Sidiounfour	Ziguinchor	12.5864	-16.7358	0
Sifoka	Ziguinchor	12.4922	-16.6853	0
Siganar	Ziguinchor	12.4503	-16.5289	0
Siguilaye	Ziguinchor	13.0355	-16.0882	0
Silik	Ziguinchor	12.9631	-16.1186	0
Silinkine	Ziguinchor	12.9558	-16.0114	0
Sindamak	Ziguinchor	13.0122	-16.298	0
Sindialong	Ziguinchor	12.8292	-16.0219	0
Sindian	Ziguinchor	12.9631	-16.1819	0
Sinedone	Ziguinchor	12.6022	-16.0772	0
Singalène	Ziguinchor	12.4983	-16.5381	0
Sioual	Ziguinchor	13.164	-16.16	0
Sirantore	Ziguinchor	13.1478	-16.0788	0
Sita	Ziguinchor	13.0683	-16.2247	0
Sitikène	Ziguinchor	13.0347	-16.206	0
Solobène	Ziguinchor	13.1315	-16.0272	0
Sonkokounda	Ziguinchor	12.9167	-16.4	0
Souda	Ziguinchor	12.7878	-16.0253	0
Soukouta	Ziguinchor	12.5239	-16.1972	0
Soutou	Ziguinchor	12.8747	-16.2636	0
Suzana	Ziguinchor	13.0735	-16.4427	0
Suèl	Ziguinchor	12.9492	-16.2839	0
Séléki	Ziguinchor	12.5269	-16.4656	0
Séléti	Ziguinchor	13.1464	-16.5771	0
Sône	Ziguinchor	12.5583	-16.1833	0
Tabi	Ziguinchor	12.7269	-16.2336	0
Takème	Ziguinchor	12.8167	-16.2	0
Tamani	Ziguinchor	12.4894	-16.6575	0
Tambacounda	Ziguinchor	13.1426	-16.529	0
Tambouye	Ziguinchor	13.1211	-16.3951	0
Tanbakoumba	Ziguinchor	12.4833	-16.2	0
Tanbakounda	Ziguinchor	12.6167	-15.9833	0
Tandine	Ziguinchor	12.9383	-16.4042	0
Tangori	Ziguinchor	12.7944	-16.2108	0
Tangout	Ziguinchor	12.7928	-16.1761	0
Tankoron	Ziguinchor	12.95	-16.1167	0
Tanp	Ziguinchor	12.5	-16.15	0
Tao	Ziguinchor	12.8333	-16.1833	0
Tapilane	Ziguinchor	12.6833	-16.0833	0
Tapounam	Ziguinchor	12.9933	-16.1694	0
Tendine	Ziguinchor	13.0143	-16.1422	0
Tendouk	Ziguinchor	12.7286	-16.4658	0
Tenghory	Ziguinchor	12.807	-16.204	0
Tenndimane	Ziguinchor	12.7653	-16.3067	0
Thindieng	Ziguinchor	12.9943	-16.2928	0
Tilaye	Ziguinchor	12.8583	-16.3967	0
Tilaye	Ziguinchor	13.0846	-16.0471	0
Tilel	Ziguinchor	12.5667	-16.2667	0
Tindaba	Ziguinchor	12.4833	-16.1833	0
Tindiéme	Ziguinchor	12.8411	-16.2867	0
Tiobon	Ziguinchor	12.875	-16.5492	0
Tionk Essil	Ziguinchor	12.7856	-16.5217	8389
Tobor	Ziguinchor	12.6617	-16.2647	0
Tobor Boal	Ziguinchor	12.6667	-16.2667	0
Tobor Manga	Ziguinchor	12.6667	-16.2833	0
Tongo	Ziguinchor	12.7392	-16.1031	0
Touba	Ziguinchor	13.1407	-16.6507	0
Toubakouta	Ziguinchor	12.4833	-16.2833	0
Toukara	Ziguinchor	13.0988	-16.1299	0
Tourékounda	Ziguinchor	12.5172	-16.0678	0
Trankile	Ziguinchor	12.5572	-16.0739	0
Téloum	Ziguinchor	12.9856	-16.2683	0
Vindaye	Ziguinchor	12.4836	-16.6933	0
Wangaran	Ziguinchor	13.0263	-16.4159	0
Wel Kalir	Ziguinchor	13.0754	-16.0528	0
Wel Mbandouare	Ziguinchor	13.1043	-16.0455	0
Woniak	Ziguinchor	13.0944	-16.4463	0
Yamatoyène	Ziguinchor	12.5694	-16.7439	0
Yembakana	Ziguinchor	12.4317	-16.6686	0
Youtou	Ziguinchor	12.3797	-16.4886	0
Ziguinchor	Ziguinchor	12.568	-16.2733	214874
